text,top_keywords,keyword_scores,predicted_label
Solicitei cancelamento da compra Prazo de entrega muito demorado,"da, ##te, ##rado","0.1808, 0.1807, 0.1789",negative
Super rápido a entrega Ficou surpresa com a rapidez,"com, rápido, a","0.4392, 0.2488, 0.2292",positive
paguei frete mas tive que retirar o produto nos correios quero o valor só frete de volta,"o, ##ue, ##te","0.3859, 0.3726, 0.3241",negative
Sei que o atraso da entrega ocorreu em virtude da paralisação,"que, ocorreu, ##ação","0.402, 0.3845, 0.3355",negative
Considero como alegação infundada informando que o produto estava esgotado Na época a quantidade anunciada foi de numero dois apenas dois produtos,"##da, ##tado, ##o","0.2208, 0.1592, 0.133",negative
O único problema é o envio pelos correios pois temos que ir ao centro de distribuição pegar a encomenda A venda e entrega foi feita por empresa parceira,"entrega, e, parceira","0.4504, 0.4284, 0.3871",positive
muito platico,"##tico, pla, muito","0.3329, 0.2839, 0.0616",positive
Produto chegou bem antes do prazo Muito bem embalado Tudo certinho Recomendo,"bem, ##to, Muito","0.0857, 0.0772, 0.0733",positive
recebi antes do prazo,"do, ##i, antes","0.5851, 0.5486, 0.2425",positive
,,,positive
Tudo dentro do esperado a negação ser o correio que trouxe a embalagem parecendo estar atropelado por um trem tive de pessar os tres produtos pra ver se tinha perda pois estava vazando,"do, a, dentro","0.3243, 0.2784, 0.2639",positive
Recomendo Sem sombra de,"de, ##ndo, ##ome","0.2865, 0.2535, 0.248",positive
faltou um produto a compra foi dois e entregaram somente um,"##tou, ##am, um","0.1429, 0.1278, 0.1231",negative
Entrega antes do previsto muito bom,"bom, muito, ##ga","0.2943, 0.2604, 0.2563",positive
Produto chegou dentro do prazo e bem embalado,"##ado, do, dentro","0.3037, 0.2183, 0.1779",positive
Fiquei muito satisfeito com a compra O produto chegou antes do prazo previsto Por se tratar de um material eletrônico ainda irei testar seu funcionamento mas penso que está tudo ok,"##eito, do, previsto","0.2157, 0.0859, 0.0835",positive
Excelente produto,"##ente, produto, Excel","0.3821, 0.2627, 0.025",positive
Chega super rápido produtos ótimos,"##ga, super, produtos","2.3714, 1.2937, 0.7561",positive
 negação recebi o jogo na cor tabaco Só o vermelho,"##i, receb, o","0.4054, 0.3058, 0.2413",negative
Recebi o sabor errado comprei morango e veio chocolate,"compre, ##i, ##bi","0.5718, 0.4911, 0.4434",negative
Otimo produto para quem cozinha e precisa controlar a temperatura do forno,"produto, para, ##timo","0.2968, 0.1189, 0.1137",positive
CHEGOU MEGA RAPIDO,"##E, ##DO, ##PI","0.3639, 0.3552, 0.3087",positive
Comprei são faz tempo e nada estou indiguinado paguei numero e cadê meu aparelho,"##igu, ##inado, ##ê","0.2023, 0.1487, 0.1089",negative
Olá o produto negação foi entregue em minha residência,"##á, foi, em","0.2803, 0.2136, 0.1974",negative
O produto demorou mais de numero dias para chegar,"mais, para, demorou","0.6162, 0.3603, 0.3279",negative
Ok,Ok,0.0186,positive
gostei demais,"##te, ##i, demais","0.9107, 0.519, 0.4648",positive
Tudo certo só demorou um pouco,"um, só, certo","0.3784, 0.363, 0.3495",positive
Produto conforme anunciado,"anunciado, ##to, conforme","0.4794, 0.2744, 0.2366",positive
Tudo certo com a entrega e com a mercadoria,"com, ##ia, certo","0.8568, 0.7652, 0.6645",positive
 negação foi entregue a quantidade que comprei,"a, foi, que","0.1701, 0.1626, 0.1371",negative
Pedido entregue no tempo certo,"certo, no, tempo","1.1206, 0.6061, 0.5914",positive
Sempre comprei e negação tiver problema porém dessa vem sim meus produtos negação chegou até agora,"até, meus, sim","0.2648, 0.2029, 0.1665",negative
Top,Top,0.0387,positive
Recebi bem antes do prazo produto de boa qualidade,"qualidade, ##bi, do","0.2868, 0.2802, 0.2521",positive
A loja me enviou um produto falso danificado e que sequer condiz com o mesmo modelo da publicidade Impressionante Isso pq havia cancelado antes do envio e ainda assim eviaram contra minha vontade,"dan, Impre, ##s","0.1195, 0.1174, 0.1174",negative
O produto chegou em perfeitas condições o site lannister com provou mais uma vez ser confiável Contudo houve atraso de numero dias na entrega considerando o prazo fornecido pelo próprio site,"houve, de, Contudo","0.7537, 0.5291, 0.4411",positive
Ótimo produto e chegou bem antes do prazo fiquei muito satisfeita,"produto, ##timo, ##eita","0.1231, 0.1012, 0.0892",positive
Ótimo produto Atendeu direitinho,"produto, ##timo, Ate","0.2004, 0.1402, 0.0983",positive
Recebi a mercadoria antes do prazo e em condições muito boa Só negação instalei o testar ainda o produto,"negação, instal, ##ei","0.2236, 0.1906, 0.1718",positive
minha encomenda negação chegou já procurei no correio mais negação tinha nada la e quando rastreio so consta que esta a caminho mais a data e ainda do dia numero numero e negação muda nada quero informaçoes,"nada, já, chegou","0.3248, 0.2348, 0.2149",negative
sem comunicaçao,"##ça, comunica, ##o","1.5252, 0.8856, 0.7487",negative
o prazo de entrega muito antes otimo eu adorei,"##o, otim, antes","0.3007, 0.2586, 0.1772",positive
 negação entregaram e negação entraram em contato comigo para dar uma satisfação,"##am, entregar, entraram","0.1583, 0.1554, 0.12",negative
excelente,excelente,0.0712,positive
recebi dentro do prazo e correto porem poderia ser mais rápido este atendimento do resto ok,"poderia, do, ser","0.2587, 0.2241, 0.2139",positive
Entrega Rápida,"##ga, ##pida, R","0.4438, 0.3779, 0.3447",positive
Produto atendeu a todas expectativas,"##u, expectativas, ##to","0.2779, 0.1933, 0.1828",positive
Gostei do produto frete com preço acessível e recebi na data prevista Parabéns,"##te, e, ##i","0.2219, 0.1366, 0.1223",positive
Chegou antes do prazo Tudo ok,"antes, do, prazo","0.3157, 0.2015, 0.2006",positive
Produto excelente bom bonito gostei muito atendeu as minhas expectativas fiz o teste pra saber sobre prova dagua tudo ok eu recomendo nota mil,"##te, bom, gos","0.1071, 0.0927, 0.0804",positive
Tamanho entregue negação corresponde ao do site,"##o, negação, ao","0.3227, 0.3035, 0.2966",negative
Entregou antes da data prevista estou satisfeito com o produto,"##eito, satisf, da","0.4665, 0.2368, 0.2272",positive
ótimo o trabalho,"o, trabalho, ótimo","0.6838, 0.1838, 0.0277",positive
Estou muito descontente Sempre comprei com vocês Antes negação tinha problema com a entrega Desta vez além de negação entregarem eu nem sei o que aconteceu negação tem nenhuma informação no rastreamento,"##nte, negação, compre","0.1769, 0.0849, 0.0772",negative
Recebi o produto antes do prazo,"do, ##bi, o","0.4384, 0.4015, 0.3271",positive
Rápida na entrega Objeto chegou em perfeito estado,"estado, na, chegou","0.1677, 0.1246, 0.0928",positive
COMPREI DOIS E RECEBI APENAS numero SEGUNDO O ATENDENTE A SEGUNDA ESTAR PARA CHEGAR ATÉ AGORA negação RECEBI NENHUM RASTREAMENTO DA SEGUNDA GRELHA,"R, ##o, ##RA","0.173, 0.0787, 0.0671",negative
Produto devidamente lacrado tudo certo,"lac, certo, ##rado","0.459, 0.3235, 0.2905",positive
Produto de excelente qualidade perfeito,"qualidade, ##to, perfeito","0.1004, 0.091, 0.0795",positive
Sempre tive um certo receio de fazer compras pela Internet resolvi comprar por insistência dos filhos e graças a Deus nunca tive problemas os produtos que comprei no stark sempre foram entregue,"foram, a, entregue","0.2447, 0.1696, 0.1611",positive
O produto chegou antes do prazo o que me deixou muito feliz E estou apaixonada por ela A pia é tudo de bom e muito mais Super recomendo,"##a, por, antes","0.0563, 0.0559, 0.052",positive
Boa loja Recomendo,"loja, ##ndo, Rec","0.3168, 0.2408, 0.2122",positive
Muito boa,"boa, Muito","0.2495, 0.0171",positive
 Chegou muito antes da data prevista Parabéns,"muito, da, ##éns","0.0812, 0.0776, 0.0658",positive
Entrega rápida e produto excelente recomendo,"recomend, e, ##o","0.1704, 0.1509, 0.1442",positive
Produto de qualidade e bom preço,"preço, e, ##to","0.6381, 0.48, 0.3746",positive
Muito bom e rápido,"e, bom, rápido","0.3855, 0.3815, 0.1937",positive
Produto entregue antes do prazo satisfeita com a compra,"##eita, do, antes","0.3425, 0.2265, 0.219",positive
Muito lindo o Relógio,"##do, lin, ##io","0.1853, 0.1781, 0.0924",positive
Ótima qualidade e linda,"qualidade, ##tima, e","0.2293, 0.1989, 0.1826",positive
Recomendo,"##ndo, ##ome, Rec","0.3663, 0.3355, 0.0536",positive
Recebi apenas numero E comprei numero Estou aguardando os numero restantes,"##bi, ##i, numer","0.1197, 0.1158, 0.1122",negative
Boa tarde Recebi o produto no prazo no entanto negação recebi produto correto Como devo proceder Quero devolvê lo pois negação foi o que encomendei e paguei,"negação, ##vê, ##der","0.1772, 0.1709, 0.1667",negative
Recebi dentro do prazo entrega rápida gostei muito,"##te, gos, ##bi","0.3122, 0.2347, 0.2181",positive
produto entregue fora do praso devido a falhas do correio entregue em numero numero obrigado,"em, devido, ##so","0.5407, 0.5023, 0.4475",positive
muito atrasado e negação recebi uma mensagem de nada,"##ado, receb, atras","0.1116, 0.0842, 0.0808",negative
Ótimo produto,"produto, ##timo, Ó","0.4549, 0.3092, 0.0257",positive
Espero que seja sempre assim rápido e produto perfeito,"##ro, e, perfeito","0.2776, 0.163, 0.127",positive
Fiz pedido de dois produtos e um eu negação recebi ainda Isto me gera duvidas quanto ao recebimento,"quanto, du, ##imento","0.2092, 0.1889, 0.1497",negative
produto entre ates do prazo,"##s, ate, entre","2.265, 1.1979, 1.109",positive
Produto de acordo com o esperado e entrega antes do prazo previsto Adorei,"##rei, Ado, do","0.1446, 0.1094, 0.0907",positive
Chegou em Perfeito estado e Funcionando,"##ion, em, estado","0.4001, 0.3352, 0.2841",positive
Recomendo amei,"##ndo, ##i, ##ome","0.2302, 0.2231, 0.2124",positive
Prezados O produto estragou na hora de conectar com o aparelho de numero volts na rede de numero Como faço para voces enviarem outro,"##gou, na, estra","0.6531, 0.3737, 0.2686",negative
Chegou bem antes do prazo informado,"do, bem, antes","0.2776, 0.2422, 0.1969",positive
Precisa cumprir as data de entrega,"##a, as, de","1.6511, 1.3677, 0.9753",negative
Ótimo chegou até bem antes do prazo,"chegou, ##timo, até","0.2928, 0.2379, 0.2259",positive
Produto em si é bom porém veio a cor diferente da que eu comprei,"a, veio, da","0.2757, 0.2703, 0.2233",negative
O produto é excelente e chegou bem antes do prazo Amei comprar nessa loja,"##i, e, é","0.1189, 0.087, 0.0699",positive
super indico entrega super rápida,"##o, super, indic","0.1961, 0.1959, 0.1766",positive
otima,"##a, otim","0.5779, 0.0485",positive
otimo,"##o, otim","0.5781, 0.0578",positive
tudo certo,"certo, tudo","0.3452, 0.0292",positive
Venho somente um produto são numero,"##ho, um, somente","1.1818, 0.9661, 0.6858",negative
O PRAZO DE ENTREGA PODERIA SER MENOR,"P, ##GA, ##O","0.499, 0.3605, 0.3233",negative
Já estou pensando em cancelar o pedido,"##ar, em, estou","0.5394, 0.3204, 0.1805",negative
Produto se diz grande mas negação cabe na criança,"na, cabe, ##to","0.8116, 0.5603, 0.3394",negative
Serviço eficiente Ok,"Ok, eficiente, Serviço","0.4682, 0.3735, 0.0361",positive
produto muito bom,"bom, muito, produto","0.4081, 0.3821, 0.0392",positive
O produto foi entregue no prazo,"no, entregue, foi","0.4771, 0.3849, 0.3224",positive
Bom,Bom,0.0131,positive
recebi no prazo loja confiável os produtos que comprei são maravilhosos amei minha compra,"##i, ##os, ##i","0.1533, 0.1198, 0.1014",positive
Gostei muito do produto e do preco,"##te, ##i, do","0.2896, 0.1883, 0.1712",positive
Chegou na hora que eu mais precisava,"na, que, hora","0.4113, 0.2238, 0.1336",positive
 negação chego meu pedido,"##o, cheg, pedido","0.3547, 0.3395, 0.2425",negative
Loja muito ruim,"muito, ruim, Loja","0.4279, 0.3434, 0.0788",negative
O produto chegou muito rápido em perfeitas condições compra perfeita,"em, rápido, muito","0.1676, 0.1222, 0.1111",positive
só recebi a navalha tá faltando a máquina de cortar cabelo e o kit tesoura,"##ndo, ##i, receb","0.6037, 0.5589, 0.5179",positive
faltou cupom fiscal,"##po, ##tou, ##m","0.529, 0.5001, 0.4537",negative
Ótimo produto,"produto, ##timo, Ó","0.4549, 0.3092, 0.0257",positive
 negação recebi o produto ainda,"##i, receb, ainda","0.2212, 0.205, 0.1913",negative
entrega atrasada produto ainda negação veio,"##ada, atras, veio","0.2189, 0.1984, 0.1645",negative
Recomendo,"##ndo, ##ome, Rec","0.3663, 0.3355, 0.0536",positive
Recomendo,"##ndo, ##ome, Rec","0.3663, 0.3355, 0.0536",positive
Entrega no prazo produto muito bom pelo preço recomendo a loja e o produto,"##o, pelo, bom","0.2154, 0.2105, 0.1592",positive
 negação recebi o produto e o prazo acabou,"receb, ##i, o","0.0992, 0.0882, 0.0735",negative
Comprei dois frascos de vitaminas e recebi apenas um,"##i, ##cos, ##rei","0.1239, 0.0984, 0.0918",negative
o melhor banho que tomei foi com esta ducha excelente,"banho, que, ##cha","0.1126, 0.1059, 0.0822",positive
,,,positive
Recebi o produto bem antes do prazo anunciado Foram muito eficientes Agradeço,"##s, do, ##ço","0.1165, 0.1088, 0.1076",positive
O produto foi entregue antes do prazo,"do, antes, entregue","0.7264, 0.5808, 0.3785",positive
Sou cliente da lannister a muito conforme comprova nos pedidos agora receboo meu pedido faltando itens Comprei numero itens e veio apenas numero como que envia faltando Quero uma solução rápida e imediato,"da, cliente, conforme","0.0963, 0.092, 0.0833",negative
Excelente produto e recebi antes do prazo,"##ente, produto, do","0.2188, 0.118, 0.0934",positive
comprei já paguei e ainda nã recebi,"##i, ##ue, ##i","0.2067, 0.203, 0.1611",negative
Na descrição do produto conta que o mesmo vem com esses Tipos De Plug numero numero Mm Usb mas negação veio com plug USB,"do, veio, ##B","0.3786, 0.2836, 0.2374",negative
A luz da lanterna é forte ideal para quem pedala a noite Possui numero variações de iluminação A buzina é tem o som ideal para alertar os carros ou outros ciclistas e possui numero variações de sons,"de, de, ideal","0.404, 0.3798, 0.3489",positive
Quero cancelar e negação obtenho nenhuma resposta em todos os protocolos que abri,"##ar, resposta, em","0.1731, 0.1421, 0.1325",negative
fiz o pedido de um kit de utensílios de cozinha com numero pecas e recebi um prato prato para bebê de silicone quero o meu produto que foi pedido quero saber como podemos fazer essa troca,"o, o, ##e","0.0986, 0.0956, 0.0802",negative
Otimo,"##timo, O","0.2645, 0.0312",positive
Adequado nos prazos correu td bem,"##o, t, bem","0.2537, 0.2151, 0.2111",positive
Chegou antes do prazo previsto e super recomendo ótimo vendedor e fui muito bem atendida,"vende, antes, ##dida","0.0995, 0.0758, 0.0649",positive
pedi casio prata com fundo preto veio com fundo branco,"##i, ##io, cas","1.5435, 1.1544, 0.8048",negative
Até o momento negação recebi o produto Protetor De Colchão Para Berço Algodão Impermeável já fiz a reclamação desde o dia numero numero e ainda negação obtive retorno Irei cancelar o pedido e estornar a compra hj,"negação, ##i, ##r","0.0828, 0.0729, 0.072",negative
Tudo funcionando mas percebi alguns arranhões no corpo da máquina Nada que influencie o uso mas pelo valor fiquei frustrado com a loja,"mas, ##do, funcionando","0.4891, 0.4731, 0.3285",negative
A carteira tem um bom material mas é muito grande Bem maior que a foto,"maior, Bem, mas","0.4088, 0.375, 0.3379",negative
Deveriam estipular um preço mínimo para o frete grátis,"para, mínimo, ##tis","0.2725, 0.2577, 0.2436",positive
RECUSEI A ENTREGA DO PRODUTO PORQUE CHEGOU TODO QUEBRADO ESTOU NO AGUARDO DO RESSARCIMENTO DO VALOR,"##EI, ##US, ##RA","0.8597, 0.5803, 0.5068",negative
Eu gostei é bom produto qualidade boa,"##te, gos, boa","0.2168, 0.1826, 0.169",positive
Balança muito bonita prática e confiável na sua informação do peso,"muito, prática, na","0.2197, 0.2107, 0.1636",positive
otimos produtos perfeita qualidade estou muito satisfeito,"##os, ##eito, qualidade","0.2381, 0.1334, 0.1134",positive
Recomendo,"##ndo, ##ome, Rec","0.3663, 0.3355, 0.0536",positive
FUNCIONA BEM TE SOMENTE UMA ESCOVA,"T, ##VA, ##CO","1.2371, 1.2236, 0.774",positive
Já instalei e já está funcionando perfeitamente,"perfeitamente, ##ei, instal","0.216, 0.1429, 0.1239",positive
Bom entrega antes do prazo,"entrega, antes, do","0.4979, 0.4405, 0.3669",positive
RECOMENDO ÓTIMO PRODUTO VENDEDORES COM MUITA RESPONSABILIDADE PARABÉNS A TODOS,"##BI, ##M, ##L","0.1459, 0.1422, 0.1259",positive
 Excelente suporte com regulagem de inclinação bastante satisfatória Recomendo este produto,"##ente, suporte, ##tória","0.2631, 0.1582, 0.1383",positive
Achei o produto muito pequeno e o material fraco Como os produtos do baratheon são de ótima qualidade deixou a desejar,"##r, Como, a","0.3074, 0.2161, 0.2039",negative
Só acho que se fosse entregue através de transportadora seria mais rápido,"acho, que, através","0.1832, 0.1694, 0.1532",positive
ENTREGA BEM ANTES DO PRAZO MATERIAL MUITO BOM UNICA RESALVA É QUE A COR DO PATINS VEIO DIFERENTE MAS A MINHA ADOROU A COR TBM SATISFEITA COM O PRODUTO,"##ER, ##A, ##S","0.554, 0.3792, 0.3745",positive
bom,bom,0.0152,positive
Bom dia eu só queria entender o por quê vocês colocam quê negação será entregue em minha residência quê será entregue ná agência dos Correios mais próxima sendo quê o frete foi incluso na compra,"##o, o, entender","0.2663, 0.2505, 0.2401",negative
Compra feita a mais de numero dias e negação foi entregue ainda,"##ra, a, e","0.1442, 0.112, 0.1069",negative
Muita demora,"##ra, ##ita, demo","0.8841, 0.619, 0.5983",negative
otima entrega,"##a, entrega, otim","0.6891, 0.2036, 0.0432",positive
Recebi tudo certo porem veio trincada a cuba preciso da troca com urgencia,"##bi, ##cada, trin","0.2229, 0.2185, 0.2071",positive
Ótimo,"##timo, Ó","0.4036, 0.036",positive
muito boa,"boa, muito","0.2228, 0.0301",positive
O produto foi cancelado pela empresa e nem se quer me comunicaram o porque do cancelamento e o valor negação foi restituído até hoje,"pela, foi, ##ído","0.0905, 0.0667, 0.0649",negative
sem comentarios muito confusa a informação sobre entrega,"##usa, ##ios, muito","0.4134, 0.4078, 0.3732",negative
Gostei,"##te, ##i, Gos","0.3298, 0.231, 0.0176",positive
Minutos após efetuar a compra pelo site percebi que havia comprado o produto errado Tentei cancelar através do site telefone e mail Infelizmente negação obtendo resposta e negação conseguindo cancelar a c,"negação, ##ar, ##ar","0.2404, 0.2216, 0.165",negative
NO entanto ainda falta o outro produto do mesmo pedido,"o, do, ainda","0.2386, 0.2186, 0.212",positive
 negação recebi o produto,"receb, ##i, o","0.2117, 0.1921, 0.1435",negative
Muito bom vendedor vou recomendar aos Amigos,"bom, vende, ##dor","0.1764, 0.154, 0.1317",positive
Quero saber o que vão fazer se vão devolver o dinheiro ou reenviar o produto e negação tive uma resposta,"##ver, ##via, ##r","0.1041, 0.0958, 0.0926",negative
Amei o produto material bom Ótimo vendedor atencioso e esclarecido Recomendo com certeza,"##i, Ó, bom","0.1459, 0.0906, 0.0835",positive
Tudo Ok,"Ok, Tudo","0.5436, 0.0356",positive
O produto chegou antes do prazo esperado Estou muito satisfeita,"##eita, Est, satisf","0.3057, 0.1733, 0.1493",positive
ÓTIMO PRODUTO E DE EXCELENTE QUALIDADE RECOMENDO,"##TI, ##M, ##O","0.1974, 0.1759, 0.0868",positive
Fiz a compra do kit de quatro pneus A entrega foi feita fora do prazo e ainda quando recebi chegou apenas numero unidades Deprimente,"##mente, e, do","0.1216, 0.0832, 0.0771",negative
Recomendo chegou super rapido produto bom tudo certo,"super, tudo, certo","0.3724, 0.273, 0.2483",positive
EU GOSTEI MUITO DE SUAS ENTREGAS FOI MUITO BOM PARABÉNS E OBRIGADO PELO GENTILEZA,"##TE, ##É, PA","0.1255, 0.0963, 0.0787",positive
ótimooo,"##o, ##o, ótimo","0.6152, 0.2467, 0.0489",positive
ainda negação recebi o produto mas sem receber o produto a avaliação fica furada,"##da, fica, ##i","0.297, 0.1743, 0.1185",negative
Efetuei a compra aonde vinham dois fracos do produto De fato entregaram o pacote e assinei como recebido porém veio somente um frasco E o outro Verdadeiro descaso com o consumidor,"com, ##iro, do","0.097, 0.0714, 0.0675",negative
Achei que poderiam ser mais agil na entrega demora muito para ser entregue,"##il, demo, ##ei","0.2628, 0.2505, 0.249",negative
Minha opinião é que foi propaganda enganosa mostrou um produto e mandou faltando peças isso negação está certo,"é, ##osa, está","0.2521, 0.2244, 0.2122",negative
Produto negação entregue,"entregue, ##to, negação","0.4287, 0.3222, 0.2554",negative
Ótimo,"##timo, Ó","0.4036, 0.036",positive
Produto de otima qualidade chegou muito rapido,"##ido, ##a, rap","0.3378, 0.2638, 0.2179",positive
produto entregue antes da data prevista foi ótimo,"da, foi, entregue","0.2546, 0.2368, 0.2203",positive
Qualquer produto que eu compre com você recebo dentro do prazo e das qualificações Continuem assim É a seriedade do trabalho que fará o Brasil virar um país de excelência na prestação de serviços,"##o, do, produto","0.1204, 0.1179, 0.0981",positive
RECEBI ANTES DO PRAZO PRODUTO ÓTIMO BEM EMBALADO,"##TE, ##S, ##M","0.2262, 0.1633, 0.1593",positive
O objeto era para minha filha ela ficou satisfeita,"##eita, satisf, era","0.5587, 0.2455, 0.2125",positive
Adorei muito o meu relogio,"##rei, muito, o","0.2471, 0.1998, 0.1237",positive
Preços excelentes,"excelentes, ##ços, Pre","0.2407, 0.2358, 0.0347",positive
Eu comprei dois produtos um adesivo de parede e um estoscopio só recebi um produto o esto falta o adesivo e está constando como recebi no site,"o, falta, só","0.4371, 0.2754, 0.2494",negative
Muito bom ótimo,"ótimo, bom, Muito","0.2762, 0.2635, 0.0362",positive
muito bom prpduto de qualidade prazo correto preco justo adorei Obrigada,"justo, ado, bom","0.1277, 0.1224, 0.1122",positive
Produto veio diferente ao anuncuado Liguei e só esperando o código para a devolução do produto e reembolso do valor pago,"ao, diferente, o","0.2897, 0.1756, 0.1667",negative
O produto foi entregue antes do prazo recomendo o vendedor muito bom mesmo,"mesmo, do, ##o","0.223, 0.2, 0.1697",positive
Muito satisfeito,"##eito, satisf, Muito","0.3079, 0.2295, 0.0379",positive
Razoável,"##ável, ##zo, Ra","0.6139, 0.5485, 0.0603",negative
Produto dentro do esperado,"do, ##to, dentro","0.3217, 0.1989, 0.1503",positive
Excelente o processo de compra e entrega do produto Recomendo,"##ente, o, ##ndo","0.5295, 0.2728, 0.1202",positive
Prazo mto longo,"m, ##zo, ##to","10.0012, 9.7542, 3.4524",negative
GOSTEI MUITO DESTE PRODUTO ALÉM DE MUITO BONITO RESISTENTE E UM EXCELENTE ACABEMENTO VALEU A PENA,"##A, ##TE, ##E","0.2943, 0.2924, 0.2888",positive
O prazo para receber o produto era no dia numero numero mas até hoje nem sinal do mesmo já fazia dias que eu tentava entrar em contato ontem recebi uma ligação da empresa falando para aguardar Vamos ver,"##mos, ##r, do","0.2344, 0.2157, 0.1868",negative
Entrega negação foi feita e tive grande dificuldade para obter uma explicavao e tentar resolver Ate agora ainda negação esta resolvido,"foi, ##ga, e","0.1281, 0.119, 0.0883",negative
Muito confortável,"##tável, confor, Muito","0.6549, 0.5727, 0.0668",positive
Chegou o mais rápido que esperava e o produto de qualidade Achei muito fofo a mensagem para o entregador Parabens,"##fo, ##s, o","0.085, 0.0846, 0.0772",positive
Obs só este produto foi entregue Lençol Avulso Com Elástico Solteiro Malha Penteada Verde,"só, Len, este","0.5878, 0.5272, 0.4043",negative
 negação recebi a nota fiscal Favor providenciar,"##encia, provid, Fa","0.442, 0.3865, 0.3848",negative
Adorei estamos usando muito em casa a loja foi rápida na postagem,"##rei, estamos, na","0.178, 0.1361, 0.1019",positive
É lindo e bem grande maior do q pensei super recomendo,"maior, ##do, do","0.216, 0.1309, 0.1304",positive
Ótimo,"##timo, Ó","0.4036, 0.036",positive
 negação gostei do produto qualidade ruim,"##te, ruim, gos","0.2524, 0.211, 0.2057",negative
recebi td certinho,"##tinho, ##i, ##d","0.4415, 0.3557, 0.3239",positive
uma das poltronas faltando os numero pés palito,"##ndo, ##ito, os","0.742, 0.4321, 0.3561",negative
Parece mais uma lona e só vem uma parte da cortina,"##ce, uma, mais","0.3584, 0.2902, 0.2656",negative
 numero de numero cartuchos negação funcionou mensagem de incompatibilidade e depois nenhuma impressão após ajustes nas configurações e páginas de teste Solicitei devolução e troca deste cartucho o outro ok,"mensagem, funcionou, após","0.2494, 0.2458, 0.1737",negative
Ainda negação recebi minha compra Isso é uma falta de vergonha,"é, de, negação","0.1026, 0.0974, 0.0869",negative
Lindo amei Preço super Bom,"##o, ##i, Bom","0.2159, 0.1541, 0.1433",positive
Boa,Boa,0.0208,positive
um dos produtos teve um atraso mas geral veio certo entao recomendo,"##o, ##ao, mas","0.5448, 0.5145, 0.4102",positive
Recebi o e mail perguntando se eu recebi meu produto porem já passou do prazo de entrega e ainda negação recebi meu produto e diz que se eu negação responder o e mail seria dado como produto entregue,"##bi, o, do","0.0564, 0.0486, 0.0483",negative
Meu produto ainda negação foi entregue estou muito insatisfeito com a loja,"estou, ##eito, produto","0.1235, 0.1153, 0.1073",negative
Produto entregue em antes do prazo previsto em excelentes condições Parabéns,"condições, Para, ##to","0.1808, 0.1016, 0.0989",positive
EU RECOMENDO PRA MEUS MELHORES AMIGOS obg,"##g, ##EN, R","0.1968, 0.1791, 0.116",positive
 negação recebi meu produto ainda,"receb, ##i, meu","0.1832, 0.1741, 0.1464",negative
Chegou até antes do dia gostei do produto e recomendo espero que dure na mão da minha filha kkk,"##te, até, do","0.2435, 0.1717, 0.1425",positive
O produto chegou em ordem e no dia certo,"e, em, certo","0.3713, 0.3535, 0.2215",positive
O produto está quebrado,"quebrado, está, produto","0.2755, 0.2374, 0.1717",negative
Bom a cuba chegou no prazo e é uma cuba bonita e com design moderno,"e, a, e","0.2767, 0.241, 0.1694",positive
Ainda estou aguardando o produto aceito justificativas há muito tempo que compro nas lojas lannister e essa façanha ainda negação tinha acontecido Aguardo solução,"##ardo, solução, ##ndo","0.3153, 0.3084, 0.1869",negative
Tudo correu conforme combinado Entrega feita mais rápida do que pré determinada,"correu, conforme, Entre","0.1842, 0.174, 0.1505",positive
lindos,"##dos, lin","0.3632, 0.0323",positive
Infelizmente o produto veio com defeito Acessei o site da lannister informando que quero devolver o produto em razão de o mesmo ter vindo com defeito mas parece que falo com uma máquina,"o, ##ito, ##ver","0.4352, 0.2113, 0.1969",negative
Ótimo,"##timo, Ó","0.4036, 0.036",positive
Adorei a mercadoria os espelhos são como os do anúncio a cola é super resistente negação solta da parede e vem com uma película de proteção que protege os espelhos contra arranhões Recomendo,"##rei, a, negação","0.2824, 0.1738, 0.0937",positive
Boa noite compro nas lojas lannister a numero anos e recomendo pois tudo chega dentro do prazo e com a mesma qualidade que é apresentado no site muito obrigado por fazer parte da minha família,"por, obrigado, noite","0.1935, 0.1101, 0.1005",positive
Por enquanto chegou só um produto e de cor errada pedi verde e veio rosa mas como eu vou mudar precisei usar dessa cor mesmo enquanto o outro está escrito que foi entregue e negação chegou,"só, ##rada, chegou","0.2254, 0.21, 0.1994",negative
Produto atendeu as expectativas,"##u, ##to, atende","0.4106, 0.2887, 0.239",positive
Ótimo Entrega e mercadoria perfeita,"Entre, ##timo, ##ga","0.1684, 0.1405, 0.1153",positive
O Kit comprado era composto por numero peças mas apenas numero foram entregues,"era, numer, comprado","0.1848, 0.1562, 0.1535",negative
tudo normal,"normal, tudo","0.5133, 0.052",positive
O modelo entregue negação foi compatível ao Cruize LT,"ao, negação, foi","0.4307, 0.3433, 0.2784",negative
preço bom entrega no prazo,"bom, entrega, no","0.5038, 0.4861, 0.4509",positive
Achei que o produto negação esta de acordo com o mostruário Bem inferior,"##ário, inferior, esta","0.4265, 0.389, 0.3506",negative
Antes da data prevista,"da, prevista, data","1.286, 0.6693, 0.4186",positive
O controle remoto negação funciona direito Utiliza se uma vez e depois negação funciona mais,"Util, funciona, ##to","0.2676, 0.2293, 0.2175",negative
ok,"##k, o","0.1263, 0.0138",positive
Fiquei satisfeito com a rapidez da entrega,"##eito, com, ##idez","0.4666, 0.2181, 0.1897",positive
Bom,Bom,0.0131,positive
Recomendo sim a loja,"a, ##ndo, ##ome","0.37, 0.3197, 0.2695",positive
 negação recebi o produto completo comprei quantidade numero e recebi somente numero e consta na nota da entrega tem quantidade numero e com volume numero Quero receber a outra sem custo nenhum Pois o erro negação foi me,"negação, nenhum, ##is","0.2458, 0.2061, 0.1794",negative
bom produto,"produto, bom","0.2541, 0.0285",positive
Ótimo produto,"produto, ##timo, Ó","0.4549, 0.3092, 0.0257",positive
Continui assim,"##i, assim, Continu","0.2191, 0.1541, 0.0192",positive
 negação recomendo o produto veio rasgado negação corresponde à qualidade do produto do site Se pudesse gostaria do dinheiro de volta,"##gado, ##o, à","0.1843, 0.1834, 0.135",negative
Excelente atendimento produto chegou antes do previsto muito obrigada,"##ente, atendimento, produto","0.1517, 0.0942, 0.0809",positive
Perfeito chegou muito rapido,"##ido, chegou, ##feito","1.4156, 0.9977, 0.7789",positive
ótimo entrega rápida e eficiente gostei muito,"entrega, ##te, rápida","0.2621, 0.2513, 0.1769",positive
Mim deixou esperar muito tempo para depois vim avisar que negação era mais possível efetuar a entrega,"deixou, muito, esperar","0.3344, 0.3166, 0.2755",negative
Muito bom,"bom, Muito","0.2464, 0.0155",positive
Tudo certo produto ótimo recebi antes do prazo satisfeita com minha compra Obrigada baratheon parabéns pela agilidade em entregar o produto Eu recomendo produto e loja Nada a reclamar,"certo, ##r, receb","0.0824, 0.0782, 0.077",positive
Ótimo perfume recomendo,"perf, ##timo, ##o","0.238, 0.1745, 0.1202",positive
Então Gostei Mais veio diferente do que eu pedi mais Gostei também a entrega foi bem rápida,"do, diferente, ##te","0.6898, 0.6025, 0.5437",positive
Otima compra Obrigada,"compra, Ob, ##da","0.4141, 0.3451, 0.2243",positive
O produto estava com a embalagem violada porém testei e negação tinha nenhum item faltando no conteúdo,"##i, ##ndo, teste","0.5244, 0.388, 0.3646",negative
COMPREI DOIS ITENS ME ENTREGARAM APENAS numero ITEM E NO MEU CARTÃO FOI LANÇADO numero ITENS AGUARDANDO CONTATO DA LOJA,"##M, ##AS, ##RE","0.1013, 0.0861, 0.0588",negative
O produto foi entregue conforme pedido No entanto a película veio rachada Como faço para proceder quanto a isso,"##da, ##der, ##ço","0.3172, 0.2722, 0.2212",negative
bom,bom,0.0152,positive
Na imagem parece ser uma lâmpada maior e na verdade é a menor e na descrição negação vem informando qual tipo de lâmpada,"negação, vem, é","0.225, 0.1502, 0.1441",negative
meu filho amou otimo produto,"##o, ##u, filho","0.2749, 0.2214, 0.1368",positive
Chegou antes do tempo Adorei,"antes, ##rei, do","0.2642, 0.2138, 0.1757",positive
Até o momento recebi apenas um dos produtos Falta entregar o outro,"##ta, receb, o","0.2797, 0.2033, 0.2032",negative
O unico ponto positivo foi a entrega dentro do prazo produto de péssima qualidade parte interna solta da carcaça e pra piorar negação funciona Foi dinheiro jogado fora negação recomendo a ninguém,"ponto, foi, do","0.4174, 0.4069, 0.3848",negative
Sempre comprei no baratheon eu recomendo,"##o, compre, ##the","0.2852, 0.21, 0.1333",positive
Entrega antes do prazo previsto sensacional,"##ional, ##ac, do","0.6728, 0.6548, 0.4928",positive
Muito Bom,"Bom, Muito","0.2329, 0.0169",positive
desde pedido negação vieram as almofadas ainda,"##das, as, vieram","0.4009, 0.3972, 0.3068",negative
Cara sem palavras esse serviço me prometeram o produto em um dia e chegou duas semanas antes,"##ram, esse, sem","0.2695, 0.2666, 0.2454",positive
Produto de qualidade muito boa,"boa, muito, ##to","0.6375, 0.5105, 0.3343",positive
Foi entregue o produto correto,"entregue, o, correto","0.3894, 0.3338, 0.2555",positive
Equipe baratheon está de parabéns Comparei mais vezes indicarei para as pessoas que conheço forte abraço a todos,"##on, ##the, bara","0.1054, 0.0984, 0.0706",positive
Das numero und compradas só chegaram numero e sem nota fiscal Isso mostra a grande falta de organização,"numer, fiscal, ##o","0.1256, 0.0983, 0.0926",negative
As funções dele é meramente ilustrativa negação funcionam apenas a hora,"ilustra, ##tiva, apenas","0.7403, 0.6164, 0.4507",negative
E a segunda vez que pago frete é mandam eu ir retirar nos correios eo frete serve p quê,"fre, p, ##m","0.5237, 0.3959, 0.3842",negative
Atendimento muito bom estão de parabéns em tudo,"estão, ##ndimento, muito","0.1363, 0.1015, 0.101",positive
Tdo certo,"##do, certo, T","0.484, 0.4178, 0.0633",positive
Comprei com um pouco de receio por ser um conceito novo de e commerce mas fui surpreendido de forma positiva o pagamento faturamento e envio da mercadoria super rápido e com muita comunicação,"o, ##io, e","0.1692, 0.1426, 0.1342",positive
Produto chegou em menos de numero horas,"em, ##to, chegou","0.4128, 0.2736, 0.2128",positive
Super prática fácil de limpar e ocupa pouco espaço recomendo a todos,"fácil, de, prática","0.171, 0.1562, 0.1382",positive
o sensor negação tem a letra up em dois sensores com ligo,"tem, u, ##p","0.3269, 0.3087, 0.181",positive
Um pouco inferior ao que imaginava,"ao, inferior, pouco","0.4297, 0.2951, 0.232",negative
recomendo a todos entregue antes do prazo e veio em perfeitas condições,"##o, e, ##s","0.166, 0.1574, 0.1019",positive
Ótimo vendedor e excelente entrega o produto que adquiri é de boa qualidade melhor do que pesei ser,"vende, ##timo, entrega","0.1306, 0.1128, 0.0831",positive
Entrega no tempo previsto tudo conforme combinado,"tudo, combinado, ##ga","0.2952, 0.255, 0.2533",positive
Fiquei com receio de fazer essa comora pela Internet mas fiz e vi que valeu a pena Produto entregue mais cedo que o previsto e com todo informação durante seu transporte Parabéns targaryen e lannister,"##éns, tar, ##b","0.1331, 0.1323, 0.0881",positive
mas entrega se deu um destaque pela eficiência do produto quanto a questão de preço ai deixou a desejar mas recomendo sem duvida,"##r, se, a","0.3608, 0.2629, 0.2424",positive
Segundo produto no mesmo mês que negação recebo com certeza negação comprarei mais nas lannister minha ultima compra foi essa,"produto, ##o, negação","0.2058, 0.1589, 0.1533",negative
As vezes acesso o site de uma determinada loja seleciono o produto e vejo que negação é vendido por aquela loja desistindo da compra Mas é por parceiros como este que negação mais farei isso Recomendo,"##ndo, ##ome, mais","1.0294, 0.6554, 0.5473",negative
Bons produtos preços razoáveis contudo o rastreamento do pedido é completamente ineficiente,"##áveis, ##s, ##amento","0.5397, 0.4287, 0.3617",negative
Fiquei muito satisfeita com a compra facilidade e entrega rápida,"##eita, e, muito","0.2538, 0.157, 0.1104",positive
Vendedor confiável produto ok e entrega antes do prazo,"produto, ##de, do","0.11, 0.1001, 0.0799",positive
A cabeça é linda design bem desenhado estilosa chegou no prazo e é um produto excelente Só achei mto caro o frete e o preço dela podia ser melhor,"ac, o, m","0.2411, 0.2229, 0.1972",positive
Foi cancelado o produto pois venderam algo que negação tem em estoque,"o, cancelado, vender","0.4304, 0.2365, 0.1914",negative
Loja excelente e produto muito bom,"e, excelente, bom","0.3632, 0.3385, 0.3368",positive
entregue conforme dito na pagina,"conforme, dito, na","0.4147, 0.3814, 0.3149",positive
Gostei Aplicação delicada pelos detalhes e porque comprei o menorzinho mas deu certo,"##ada, ##te, pelos","0.7762, 0.4943, 0.3348",positive
Recomendo com certeza Assim que estiver na metade vou adquirir outra oferta semelhante,"vou, Assim, ##ndo","0.2334, 0.1749, 0.1425",positive
Tive problemas com a entrega E ainda negação mandaram todos os produtos,"com, ##ve, ##am","0.2701, 0.2165, 0.2031",negative
Loja responsável,"responsável, Loja","0.8512, 0.2442",positive
Minha encomenda deu um probleminha e com a ajuda do vendedor que fora do horário comercial me ajudou a resolver,"##min, deu, ##ha","0.4774, 0.3118, 0.2587",negative
Efetuei a compra já passou a data provável da entrega e até o momento negação recebi o produto e nem um parecer da loja Necessito do produto com para meu trabalho Verdadeiro descaso com o consumido,"##iro, com, ##i","0.0536, 0.0534, 0.0474",negative
Ao contrário do que era anunciado o jogo de tapetes automotivo negação se encaixou corretamente no Citroen Aircross numero principalmente o do motorista Mesmo cortando partes dele negação ficou legal,"##ou, do, se","0.318, 0.2907, 0.271",negative
Vou continuar comprando,"##ndo, compra, ##u","0.4861, 0.4053, 0.2929",positive
Comprei um relógio e veio o modelo diferente do qual solicitei,"do, o, e","0.2485, 0.1755, 0.1417",negative
Estou satisfeito com a entrega no prazo mas o box veio todo amassado E gostaria de fazer uma troca por um box negação avariado,"##do, ##eito, ##aria","0.4237, 0.4077, 0.3174",negative
Problema no sistema de Correios por conta da greve,"##ma, ##ble, por","0.3668, 0.2326, 0.1957",negative
Desde que solucionem o meu problema eu recomendaria pq consta que meu produto foi entre e ele ainda negação chegou,"que, que, ##cion","0.2642, 0.2602, 0.2537",negative
 negação gostei do produto o cabelo fico só um pouco platinado quase nada negação vale o valor que está sendo vendido,"##te, gos, ##do","0.1216, 0.0932, 0.0859",negative
Seria uma sugestão as imagens negação são parecidas com o produto original se possivel tirar fotos do produto de uma forma que a visualização seja mais clara Pois o produto que comprei achei diferente,"as, ##s, ##is","0.34, 0.2604, 0.2385",negative
Recebi informação sobre a situação do meu pedido até o recebimento Chegou no prazo e o produto é o que eu especifiquei,"no, ##fi, sobre","0.2996, 0.2217, 0.207",positive
Foi entregue a toalha marron a vermelha negação veio e a nota estava com a toalha como faço agora pois preciso da toalha e nada fica difícil desta forma continuar cliente de vocês,"veio, e, estava","0.3757, 0.2957, 0.2158",negative
Enviei e mail ontem e estou aguardando p ver o procedimento p fazer devolução Entrei em contato com o responsável da nota e o mesmo diz que mandaria uma resistência para fazermos a troca Incorreto,"##to, ##orre, e","0.4099, 0.3058, 0.2346",negative
 gostei do produto so parece com defeito mesmo com uso constante o mesmo esta atrasando muito vou entrar com uma solicitação de troca do produto,"##te, ##ito, parece","0.4046, 0.2819, 0.2705",positive
Recomendo,"##ndo, ##ome, Rec","0.3663, 0.3355, 0.0536",positive
Ótima loja produto bom entrega correta,"loja, ##tima, correta","0.2805, 0.2571, 0.24",positive
Me entregaram uma mochila em vez do esterilizador,"do, ##ili, ##za","0.3346, 0.3332, 0.2418",negative
Compro no shopping a anos nunca atrasaram um pedido muito pelo contrário sempre chega antes do prazo dessa vez negação chegou até agora,"##aram, sempre, chegou","0.5366, 0.4399, 0.4306",negative
Tudo entregue,"entregue, Tudo","0.4597, 0.0342",positive
Meus Parabéns,"##s, ##éns, ##b","0.2515, 0.1653, 0.1379",positive
comprei um relogio da cor branca e mandaram um vermelho,"##i, ##am, ##og","0.2543, 0.2015, 0.1546",negative
muito bom recebi minha compra antes do que previa,"receb, bom, ##i","0.2494, 0.22, 0.1855",positive
Demora demais por um produto sem qualidade que veio todo dobrado e marcado negação recomento,"##ora, que, por","0.1422, 0.131, 0.1279",negative
Entrega no prazo mesmo com greve do correios produto bem acondicionado Excelente,"##ente, mesmo, ##cionado","0.1986, 0.0912, 0.0912",positive
Recebi uma das duas cadeiras compradas Estou no aguardo de retorno e até o momento nada,"nada, ##das, ##bi","0.2333, 0.2263, 0.2191",negative
Então Vocês negação pediram avaliação do produto eu estava pronta para avaliar joguei dinheiro fora O Mop negação presta propaganda enganosa o cabo só mede numero numero metro tenho estatura baixa e mesmo assim,"avaliação, Você, ##ta","0.1494, 0.1356, 0.1236",negative
Produto nunca chegou a mim já com tanto tempo,"a, chegou, ##to","0.3692, 0.2965, 0.2688",negative
Recomendo pois são realmente responsáveis e cumprem com a entrega a seus clientes até mesmo ante do prazo,"##ndo, e, ##ome","0.1146, 0.1119, 0.1016",positive
Recebi o produto e ainda um brinde maravilhoso Isso é surpreender ao cliente,"##o, ##de, ##nder","0.3737, 0.2092, 0.2087",positive
Parceria péssima prazo para entrega com de numero meses acabei cancelando o produto felizmente me devolveram o produto,"##ima, péss, ##ceria","0.1933, 0.1585, 0.1332",negative
Já se passaram cinco dias do último dia do prazo e até hoje negação recebi vnada,"do, e, ##nada","0.2426, 0.208, 0.2011",negative
Comprei o produto no dia numero numero à noite e chegou em numero numero Bem antes do previsto Agora minha esposa negação precisará me pedir para ajustar a temperatura do chuveiro risos,"##os, Agora, do","0.3111, 0.1855, 0.1794",positive
O produto eh falsificado negação eh o anunciado,"##ificado, negação, e","0.2002, 0.1641, 0.1573",negative
Foi uma ótima compra estou muito satisfeito,"compra, ##eito, estou","0.2441, 0.1908, 0.1353",positive
Excelente qualidade,"##ente, qualidade, Excel","0.3128, 0.2528, 0.0256",positive
O erro foi dos correios que entregou o pacote no prédio em frente ao meu Mas deu tudo certo Muito obrigado,"foi, obrigado, tudo","0.1548, 0.1287, 0.128",positive
Bommm,"##mm, Bom","0.4205, 0.0551",positive
Ótima entrega,"entrega, ##tima, Ó","0.5151, 0.408, 0.0276",positive
Só problema é que negação avisa que é preciso ter um cartucho,"problema, é, avis","0.5954, 0.499, 0.3631",positive
 negação foi cumprido o prazo da entrega na data prometida e até hj data negação recebi a mercadoria falta de compromisso no minimo teria que ter dado uma satisfação mas negação o cliente tem que correr,"no, foi, ##ia","0.0835, 0.0642, 0.0639",negative
Minha encomenda foi entregue bem antes do prazo e é de exelente qualidade Estou muito satisfeita com a empresa,"encomenda, bem, ##eita","0.0817, 0.0749, 0.0689",positive
Produto de fácil montagem e de acordo com as expectativas,"montagem, ##to, e","0.1846, 0.1329, 0.1266",positive
Otimo serviço,"serviço, ##timo, O","0.5302, 0.2155, 0.0309",positive
 negação entregaram ainda já ser passou da data de entrega,"de, da, ##am","0.3584, 0.2347, 0.2111",negative
Qualidade do controle melhor que o original que acompanha o aparelho Recomendo,"que, melhor, ##idade","1.0725, 0.4291, 0.2784",positive
VEIO numero PLACAS AMASSADAS,"##AS, ##SA, ##EI","1.1708, 0.7341, 0.7043",negative
 negação estava achando capinha para o modelo do meu celular e esta encaixou perfeitamente,"##ou, ##ndo, estava","0.3053, 0.2532, 0.2276",positive
Tudo transcorreu conforme acertado Gostaria até em adquirir que negação consta em tela dessas capas tamanho por encomenda enviando a medida para dois som de mesa é viável,"até, que, ##u","0.3675, 0.3661, 0.3503",positive
Produto entregue conforme descrição Muita fofa,"conforme, Mu, descrição","0.187, 0.1846, 0.1844",positive
Bons produtos,"##s, produtos, Bon","0.4132, 0.1472, 0.0334",positive
Recebi todos os outros pendentes que comprei esta faltando o branco,"##bi, todos, ##ndo","0.9691, 0.5978, 0.4184",positive
TUDO VEIO PERFEITO PRODUTO CERTO TEMPO ANTES DO PREVISTO,"V, ##TE, ##RT","0.0813, 0.0802, 0.0753",positive
O produto entregue negação foi o produto comprado por mim o pedido foi feito para o Aspirador De Pó Ph Rapid numero negação numero V e foi entregue ASP PO RAPID TURBO PAS numero numero V Desejo devolução do valor pago e reti,"negação, ##ução, ##e","0.1201, 0.1061, 0.1049",negative
Até hoje negação recebi meu produto Aguardando retorno da empresa para que seja tomada as providencias cabiveis,"##i, receb, ##ndo","0.1102, 0.1085, 0.0856",negative
Produto chegou quebrado e negação consigo realizar a troca pelo site da loja,"e, quebrado, ##to","0.184, 0.1359, 0.1207",negative
Péssimo porém ainda negação recebi meu produto,"##s, ##o, ainda","0.2002, 0.1788, 0.1162",negative
Rapidez,"##idez, Rap","0.3888, 0.0671",positive
Foto muito diferente principalmente a graninha sintética muito rala diferente da foto,"principalmente, ##inha, ##la","0.2954, 0.2647, 0.2626",negative
bom produto,"produto, bom","0.2541, 0.0285",positive
Bom produto,"produto, Bom","0.2844, 0.0265",positive
Comprei bem adiantado pois era o presente de aniversário do meu sobrinho e negação chegou a loja entreou em contato apenas numero vez e negação me respondeu mais,"##ntado, pois, adia","2.2765, 1.2094, 0.8419",positive
Foi uma ótima compra Chegou antes mesmo do prazo e o produto é igual o que estava no anúncio Correspondeu as expectativas,"compra, ##s, ##deu","0.1219, 0.1129, 0.0775",positive
O produto e de pessima qualidade o skate tem uma boa qualidade mais o kit de segurança que vem junto negação presta o capacete e de isopor e o restante e de papelão que negação tem nenhuma segurança no produo,"##sim, ##a, qualidade","0.2699, 0.1968, 0.1385",negative
Amei o produto Além de lindo ficou msravilhoso minha mesa quadrada,"##s, ##o, quadrada","0.3941, 0.3151, 0.2545",positive
Excelente recomendo,"##ente, recomend, ##o","0.3191, 0.2108, 0.167",positive
Produto de qualidade veio super bem embalado e chegou super rápido muito antes do prazo,"##to, embal, bem","0.0909, 0.09, 0.0843",positive
Produto negação entregue,"entregue, ##to, negação","0.4287, 0.3222, 0.2554",negative
O prazo de entrega é enorme mas o produtor ainda chegou antes do prazo Corretamente embalado e lacrado original,"mas, ##ado, embal","0.174, 0.165, 0.1649",positive
 negação recebi o produto até hoje oos correios alegam que foram até o local eu estava o dia todo em casa no dia que eles falaram que foram até lá e as outras tentativas de entrega TB negação realizaram,"##m, realizaram, receb","0.1489, 0.1212, 0.1128",negative
Chegou super rápido e bem embalado,"e, super, embal","0.2541, 0.2061, 0.2017",positive
otima loja,"##a, loja, otim","0.5579, 0.1661, 0.0287",positive
Compro sempre e recomendo Show,"##ro, ##o, e","0.118, 0.1103, 0.1073",positive
produto negação foi entregue rastreei e dizia como produto perdido entrei em contato com a loja fornecedora que me falou que estava tudo ok sendo assim cancelei meu pedido e aguardo meu dinheiro,"##o, foi, ##ei","0.1075, 0.0963, 0.0895",negative
Quanto ao prazo foi tudo ótimo só negação estou satisfeito porque paguei pelo frete para ser entregue em minha residência mas negação chegou foi para os correios Tive que ir buscá lo,"só, ##eito, ##ve","0.1588, 0.1571, 0.1352",positive
A avaliação na minha primeira compra foi ruim,"na, ruim, foi","0.2808, 0.1766, 0.1762",negative
Bom trabaho,"##ba, ##ho, tra","0.4648, 0.4543, 0.4388",positive
Recebi os produtos antes do prazo previsto Fiquei muito satisfeita,"##eita, ##bi, satisf","0.1791, 0.1177, 0.1103",positive
Chegou antes do previsto Fiquei muito satisfeita produto muito bem embalado tudo certo,"antes, ##eita, embal","0.1224, 0.1132, 0.0825",positive
Além de ser de qualidade chegou muito antes do prazo final,"do, muito, antes","0.4881, 0.268, 0.2627",positive
Produto conforme especificado no anúncio chegou no ptazo,"no, especifica, ##do","0.3108, 0.3083, 0.2946",positive
Era o esperado,"o, esperado, Era","0.5631, 0.3, 0.0601",positive
Comprei dia numero numero numero e a entrega era até o dia numero numero numero Até o momento numero numero negação chegou,"numer, ##o, dia","1.011, 0.4246, 0.4096",negative
O produto foi o correto chegou no prazo entretanto houve muita confusão no rastreamento do produto passando muitos dias para atualizar uma localização que fisicamente dura numero minutos,"chegou, no, houve","0.309, 0.2379, 0.233",positive
fazem numero meses a espera do produto ja entrei em contato mas ainda negação resolveram meu problema esses parceiros da lannister são horriveis,"##is, ##rive, do","0.1683, 0.1587, 0.1041",negative
Tanto na entrega como no produto recomendo a loja pois atenderam e superaram todas as expectativas em todos os quesitos,"##o, atender, em","0.1696, 0.1255, 0.0975",positive
,,,positive
Recebi o produto rápido depois de uma semana da data compra Mas negação veio na cor Rosa conforme a minha escolha e a nota fiscal emitida negação solicitei a troca devido ser presente de aniversário,"depois, veio, ##bi","0.2984, 0.2542, 0.2501",positive
Chegou mas quase numero mês para a entrega,"mas, para, numer","0.3288, 0.2594, 0.2457",negative
O produto é muito bom corresponde ao anunciado e o envio foi muito rapido,"##ido, corresponde, bom","0.5265, 0.442, 0.3029",positive
Chegou antes do prazo muito bom adorei,"antes, ado, ##rei","0.1319, 0.1271, 0.1101",positive
Tudo Ok,"Ok, Tudo","0.5436, 0.0356",positive
stark já foi muito boa agora tá muito largada tô seriamente pensando negação comprar mais,"agora, ##da, boa","0.8919, 0.7812, 0.7483",positive
Meu produto chegou em perfeito estado e antes do prazo de entrega,"estado, do, produto","0.1797, 0.1175, 0.1154",positive
Bom dia Ainda negação entendi porque meu produto ainda negação chegou a vassoura feiticeira chegou mas a saia para cama box ainda negação,"##ce, dia, ainda","0.3416, 0.2387, 0.2343",negative
entregaram no prazo e produto correto,"##am, e, no","0.2971, 0.2044, 0.1622",positive
N veio produto Beats phill Mandaram na cor diferente q pedi e o produto veio com defeito negação liga msm depois de carregar,"##ito, liga, m","0.1185, 0.0944, 0.0926",negative
A entrega foi super rápida e o produto de ótima qualidade,"rápida, e, foi","0.0805, 0.077, 0.0728",positive
En omenda entregue bem antes do prazo Recomendo compras na anericanas com,"bem, ##ndo, do","0.1497, 0.1411, 0.139",positive
Excelente produto com a entrega realizada de forma muito rápida recomendo,"##ente, produto, recomend","0.1075, 0.0682, 0.054",positive
o cartucho negação funciona na minha impressora hp o chip do cartucho negação é do mesmo tamanho dos cartuchos que servem para essa impressora negação e compativel com hp numero negação é cartucho h numero xl,"na, funciona, ##ivel","0.2831, 0.2498, 0.1497",negative
A entrega está atrasada e sem previsão de quando vai chegar,"##ada, está, de","0.1436, 0.125, 0.0964",negative
Amei o produto Do jeito que eu precisava com varias divisorias chegou bemm antes do prazo e pra fechar com chave de ouro veio na cor que eu realmente queria vermelha Simplismente linda Amei,"##i, ##i, o","0.1129, 0.0572, 0.054",positive
Fiz uma ótima compra,"compra, ##z, uma","0.3744, 0.1628, 0.1587",positive
Bom produto,"produto, Bom","0.2844, 0.0265",positive
A entrega foi muito rápida em dois dias Chegou na caixinha direitinho,"em, rápida, foi","0.2151, 0.1521, 0.1044",positive
Gostei muito,"##te, ##i, muito","0.4286, 0.2968, 0.2926",positive
Produto muito ruim,"ruim, ##to, muito","0.4028, 0.3141, 0.2471",negative
Produto chegou antes do prazo previsto muito bem embalado sem nenhum problema,"muito, problema, ##to","0.1277, 0.112, 0.0994",positive
ok,"##k, o","0.1263, 0.0138",positive
Entrega super rápido superou expectativa produto de qualidade recomendo,"##ga, superou, recomend","0.0985, 0.0965, 0.0938",positive
Amei meu produto,"##i, meu, produto","0.305, 0.1588, 0.1507",positive
ok,"##k, o","0.1263, 0.0138",positive
Ótimo produto,"produto, ##timo, Ó","0.4549, 0.3092, 0.0257",positive
muito satisfeito,"##eito, satisf, muito","0.35, 0.2146, 0.0222",positive
 negação recebi o Kit ainda das tres luminárias Sabem me informar por favor o status Obrigada,"##da, ##i, receb","0.4355, 0.3997, 0.3804",negative
Só recebi os numero ventiladores negação recebi pendente meia lua,"##ente, receb, ##i","0.7848, 0.6199, 0.5522",negative
O produto veio riscado e amassado sendo que a embalagem está em perfeito estado Já fiz uma reclamação e estou aguardando o contato para a que a troca do produto seja feito o mais rápido possível,"estado, ##cado, que","0.4073, 0.2788, 0.2496",negative
Muto bom tudo,"tudo, ##to, bom","0.5588, 0.4626, 0.3059",positive
Muito bom Recomendaria Foi entregue antes do prazo,"bom, ##ia, Rec","0.2052, 0.1909, 0.1761",positive
Estao de parabéns,"##o, ##éns, de","0.2173, 0.1617, 0.1569",positive
O produto é excelente e dessa vez a lannister com negação falhou na entrega,"falhou, na, e","1.5772, 1.449, 0.5112",positive
Apenas negação recebi emails de confirmação de compra nem andamento do pedido Nem da stark e nem da loja,"negação, receb, ##i","0.6379, 0.6095, 0.4255",negative
recomendaria só que ate o momento estou insatisfeita com a demora na entrega,"##eita, que, só","0.6157, 0.5898, 0.4592",negative
Só recebi a capa protetora o lençol branco negação chegou Além disso a capa protetora negação atendeu as minhas expectativas,"disso, receb, ##i","0.105, 0.1033, 0.0895",negative
recebi ate antes do prazo previsto e de acordo com o produto comprado obrigado e Deus abençoe ok,"antes, do, e","0.1781, 0.1774, 0.1731",positive
Muito lindo pessoalmente dá até dó de jogar com ele e deixa de enfeite,"lin, de, ##eite","0.1683, 0.1566, 0.1478",positive
Correio negação entregou na minha residência tive q ir busca lá correios,"entregou, ##e, na","0.4778, 0.4276, 0.3565",negative
Excelente trabalho do stark,"##ente, trabalho, ##r","0.3583, 0.2221, 0.1978",positive
Belo serviço Produto chegou inteiro numero litros de suco de uva bordô,"serviço, Produ, numer","0.3692, 0.1917, 0.1708",positive
Comprei paguei esperei um pouco mas recebi e gostei Diferente da minha experiência anterior com outro parceiro do baratheon que depois de muuuiiita espera negação entregou o produto Parabéns,"##nte, o, entregou","0.3463, 0.3427, 0.2519",positive
O produto veio diferente do que que aparecia na imagem,"do, diferente, ##cia","0.7356, 0.4104, 0.3388",negative
Muito bom,"bom, Muito","0.2464, 0.0155",positive
Recomendo,"##ndo, ##ome, Rec","0.3663, 0.3355, 0.0536",positive
Produto atende as expectativas de uso Entrega super rápida,"##to, as, Entre","0.1093, 0.0988, 0.0958",positive
Recomendo,"##ndo, ##ome, Rec","0.3663, 0.3355, 0.0536",positive
Infelizmente esta é a numero ªcompra que negação foi boa O cartucho comprado veio com defeito negação sendo reconhecido pela impressora Já mandei um e mail para o site pedindo o cancelamento da venda e a devolução,"esta, O, foi","0.3359, 0.2857, 0.2413",negative
Compra fácil e entrega rápida só o frete que acho que deveria ter um valor mais baixo,"só, e, o","0.3044, 0.3017, 0.2652",positive
Muito prático e rápido,"prático, e, rápido","0.4408, 0.3802, 0.2285",positive
Produto com boa qualidade mas no encaixe dos botões de volume negação encaixou os botões tive que cortar os encaixes,"qualidade, mas, encaix","0.2279, 0.1786, 0.1646",positive
aprovado,aprovado,0.0634,positive
Produto negação corresponde a imagem de venda,"a, ##to, corresponde","0.2449, 0.1775, 0.1674",negative
Demorou para entregar,"para, ##orou, entregar","0.5144, 0.4882, 0.3914",negative
Bom fone mas negação espera o áudio alto igual ao original,"o, espera, igual","0.5103, 0.4847, 0.3675",negative
Recomendo ótimo atendimento prazo curto de entrega,"atendimento, de, ##ndo","0.4313, 0.3174, 0.2436",positive
Muito bom recebi tudo direitinho e dentro do prazo,"bom, receb, ##i","0.2351, 0.2094, 0.1668",positive
Correspondeu todas as expectativas,"##s, ##deu, todas","1.0773, 0.7516, 0.5542",positive
Pedido entregue foi diferente do da imagem do produto da venda Inclusive produto foi removido do site depois da entrega,"do, foi, produto","0.4611, 0.3469, 0.3021",negative
Ainda negação recebi o produto é nenhuma satisfação do vendedor,"satisfação, receb, do","0.2343, 0.1815, 0.1802",negative
gostei da compra chegou antes do combinado recomendo,"##te, do, ##i","0.3211, 0.1606, 0.1534",positive
O controle por enquanto está na expectativa que tinha obrigada pela entrega rápida,"pela, está, que","1.3813, 1.1516, 0.6541",positive
pra min deu tudo como foi combinado via telefone recomendo,"##o, deu, tudo","0.1936, 0.1796, 0.1656",positive
chegou muito rápido faltou apenas o certificado de autenticidade que necessário caso precise utilizar a garantia,"fal, ##tou, muito","0.4537, 0.3934, 0.3653",positive
 A MINHA COMPRA CHEGOU PERFEITA A ENTREGA FOI BEM RAPIDA A NOTAAAAAAAAAAAAAAAAA numero,"##TA, ##o, ##A","0.2243, 0.1966, 0.195",positive
Gostei demais dos produtos e a agilidade da entrega obrigada,"##te, dos, ##i","0.8129, 0.7339, 0.5156",positive
Adoro comprar na lannister com excelente lojas Estão de parabéns,"##ro, comprar, lojas","0.1822, 0.112, 0.1023",positive
Ja reclamei varias vezes do atraso negação tive retorno e ainda negação recebi a mercadoria,"e, negação, rec","0.1089, 0.1016, 0.0997",negative
INFELIZMENTE PELA numero VEZ RECEBI UM PRODUTO AVARIADO PELA lannister COM E INFELIZMENTE negação CONSEGUIR TROCAR PELA DEMORA DO SITE negação RECOMENDO,"##EN, R, CON","0.086, 0.0839, 0.0633",negative
Recebi o produto como anunciado pelas fotos e antes do prazo da entrega Recomendo,"##ndo, ##bi, da","0.114, 0.1009, 0.0841",positive
muito bom,"bom, muito","0.2269, 0.0249",positive
todas compras feitas eu recebo no prazo ótimo atendimento,"atendimento, ótimo, compras","0.3991, 0.1604, 0.1462",positive
SIM EU RECOMENDO A LOJA PORQUE ELA CUMPRE O QUE PROMETE,"##EN, ##RE, E","0.446, 0.2902, 0.2151",positive
pedido chegou bem antes do prazo relógio veio embalado direitinho na caixa,"chegou, do, relógio","0.0927, 0.081, 0.0734",positive
Produto um pouco fraco mas atende,"mas, atende, fraco","0.7244, 0.4534, 0.3477",negative
Eu amei o relógio e chegou antes do previsto,"##i, e, ame","0.2455, 0.1622, 0.1513",positive
recebi o produto porem quando fui carregar a bateria inflou e soltou fora a tampa de tras resumindo nem usei o produto e ja deu problema,"##i, ##lou, quando","0.5704, 0.4525, 0.4367",negative
Muito satisfeita Produto entregue antes do prazo Tudo em perfeita ordem,"##eita, satisf, Tudo","0.1041, 0.1033, 0.0984",positive
otimo,"##o, otim","0.5781, 0.0578",positive
Recomendo,"##ndo, ##ome, Rec","0.3663, 0.3355, 0.0536",positive
Mochila muito bonita só imaginei que fosse menor,"só, bonita, ##ei","1.1733, 0.6359, 0.5727",positive
Produto entregue bem antes do prazo super recomendo numero,"do, super, ##to","0.1128, 0.1109, 0.1089",positive
Recebi dentro do praso,"##bi, do, dentro","0.2793, 0.2149, 0.2123",positive
Mochila simples com os dois compartimentos padrão e com visual bacana Torcendo pra que tenha durabilidade,"##cendo, pra, Tor","3.7831, 2.3252, 1.4798",positive
Comprei dois itens iguais só veio um,"só, um, veio","0.4664, 0.2507, 0.1879",negative
Boa tarde Recebi um produto porém negação é a compra que realizei meu pedido foi de uma capa bolsinha com zíper e recebi uma capinha fina muito feia Preciso que nos envie a mercadoria correta,"##a, negação, ##bi","0.3172, 0.1597, 0.1477",negative
Excelente,"##ente, Excel","0.384, 0.0447",positive
Muito boa gostei obrigado,"##te, boa, gos","0.1686, 0.1572, 0.1391",positive
Frete muito lento,"##te, lento, muito","0.6854, 0.3851, 0.317",negative
O cubo é muito maleável sua cores são maravilhosas Recomendo muito,"##e, ##ável, mal","1.1517, 0.5421, 0.4566",positive
Gostei muito,"##te, ##i, muito","0.4286, 0.2968, 0.2926",positive
Produto bom e entrega rápida Preço negação agradou comprei por necessidade e falta de tempo para pesquisar outro fornecedor,"##ou, e, e","0.5382, 0.4266, 0.4124",negative
Adorei o pingente vem na caixinha e com certificado de garantia,"##rei, o, de","0.247, 0.1677, 0.0994",positive
tudo ok,"o, ##k, tudo","0.4489, 0.2017, 0.0351",positive
Produto muito bom,"bom, ##to, muito","0.6764, 0.4682, 0.3866",positive
Ótimo,"##timo, Ó","0.4036, 0.036",positive
Comprei o produto errado negação atentei a descrição verifiquei a foto no site novamente e percebi que colocaram a imagem do produto por isso pensei que era o Redmi numero X e negação o Note numero X,"negação, ##te, aten","0.496, 0.2313, 0.2017",negative
Desde o primeiro contato até o recebimento do produto tudo perfeito Parabéns a todos os envolvidos no processo,"Para, até, perfeito","0.129, 0.1277, 0.1259",positive
Comprei numero kits e só recebi por enquanto apenas numero um Por isso minha avaliação de que o produto negação foi entregue Penso que deveriam inf na compra q viria em partes e negação td de uma vez Aguardo,"##ardo, ##o, de","0.1749, 0.0798, 0.0735",negative
Produto entregue dentro doprazo,"##zo, ##pra, dentro","0.8617, 0.5228, 0.4916",positive
Como sempre a lannister entregando dentro do prazo neste caso antes Muito obrigada,"##ndo, neste, a","0.1585, 0.1426, 0.1326",positive
Ameiiii a cinta,"##ii, ##ii, ##a","0.2254, 0.1773, 0.1557",positive
foto uma produto outro tesoura sim modelo diferente da foto da compra,"modelo, da, uma","0.3085, 0.2929, 0.2282",negative
No site da lannister a informação do tipo de saco descartável é NANO No site negação diz o número por isso recebi o NANO numero que é maior que o saco do aspirador vou ver se funciona corretamente,"##O, ##O, ver","0.3361, 0.3057, 0.2135",negative
O produto veio intacto funcionando bem e o frete antes do prazo,"##cto, inta, do","0.3392, 0.2503, 0.2426",positive
Entrega antes do prazo,"do, ##ga, antes","0.4849, 0.4485, 0.3399",positive
 negação recebi meu pedido completo por gentileza alguem tome as providencias,"por, completo, ##i","0.1594, 0.1454, 0.145",negative
Adorei e continuarei cliente,"##rei, e, ##ei","0.227, 0.1847, 0.1049",positive
lannister com sempre com bom preço produtos de qualidade e entrega no prazo,"produtos, preço, ##nis","0.217, 0.2118, 0.1659",positive
Produto de ótima qualidade entregue antes de prazo recomendo obg,"##g, qualidade, entregue","0.242, 0.1117, 0.0886",positive
otimo,"##o, otim","0.5781, 0.0578",positive
Produto excelente O atraso na entrega foi culpa dos Correios,"na, dos, O","0.7458, 0.7282, 0.7022",positive
Estou aguardando até hoje o recebimento do produto Parece problema com os correios mas negação é certeza,"##imento, ##ndo, ##ios","0.1947, 0.1927, 0.1639",negative
Excelente,"##ente, Excel","0.384, 0.0447",positive
Chegou antes do prazo,"antes, prazo, do","0.7643, 0.4887, 0.377",positive
 negação tenho o que reclamar,"##r, o, tenho","0.7501, 0.4571, 0.4528",positive
Senhores responsáveis pela empresa lannister com Venho por meio desta informar que o produto Canela de velho Remédio natural que eu Diego Machado Lopes encomendei veio errado pois foram duas,"pois, errado, ##ei","0.3858, 0.3038, 0.2646",negative
No site o produto parece ter melhor qualidade de material e acabamento,"qualidade, ter, de","0.7323, 0.5419, 0.3869",negative
recebi uma parte da compra isto é comprei numero produtos e so recebi numero porem a nota fiscal veio discriminando numero produtos,"fiscal, ##i, da","0.1969, 0.1817, 0.1557",negative
Parabéns recebi antes do prazo combinado super indico pois me manteve informado de todos os passos antes do recebimento é de pessoas responsáveis assim que precisamos Parabéns,"receb, ##éns, ##i","0.1055, 0.0682, 0.0616",positive
Ótima loja ótimo vendedor cumpre oque diz,"vende, loja, ##tima","0.1526, 0.1256, 0.1208",positive
Tudo ótimo produto chegou bem antes do previsto,"produto, ótimo, bem","0.2404, 0.188, 0.1449",positive
Recebi antes do prazo e achei otimo,"##o, ##bi, do","0.3539, 0.196, 0.1747",positive
entrega rápida e o produto é maravilhoso,"##o, e, rápida","0.1434, 0.0953, 0.0911",positive
Mais rápido que o informado Showwww,"##www, Show, que","0.3884, 0.3656, 0.3136",positive
Foram compradas numero cadeiras porém entregue somente uma O vendedor ficou de verificar e negação retornou,"e, somente, uma","0.21, 0.1694, 0.1676",negative
O unico problema é queéo aplicativo negação avisa o andamento do produto,"do, problema, ##ico","0.5426, 0.4892, 0.4245",negative
As botinhas que foram entregues negação é da marca Guai Guai conforme foto constante no site das lannister porém de outra marca,"é, de, marca","0.2369, 0.2339, 0.1808",negative
chegou antes do prazo super recomendo,"recomend, ##o, do","0.2013, 0.1469, 0.1414",positive
Solicito a troca produto com defeito,"##to, ##ito, ##ici","0.2536, 0.2071, 0.1877",negative
Ficou pequeno para meu sofá mas acredito que fui eu quem negação soube medir negação sei se foi entregueno prazo correto,"##no, correto, pequeno","0.2543, 0.2211, 0.1957",positive
entrega fora do prazo,"fora, do, prazo","1.343, 0.9193, 0.4471",negative
Quero parabenizar a loja inclusive por ter entregue o produto muito antes do prazo informado Obrigada,"##izar, ##da, ##o","0.2625, 0.1376, 0.1232",positive
Estas empresas que mandam os produtos desmontados mandam com o numero exato de peças o problema quando falta faltou uma porca,"quando, ##ntados, ##m","0.496, 0.3547, 0.2901",negative
Achei fraco,"##ei, fraco, Ach","0.4606, 0.4344, 0.055",negative
Um atraso do correio mas de serto,"do, atraso, de","0.6801, 0.2745, 0.255",positive
Kit bolsa muito bonita e ótimo material a targaryen eu recomendo sempre entregou os produtos bem embalados e na metade do tempo previsto,"e, bonita, material","0.2867, 0.1722, 0.1206",positive
super rápida a entrega tudo certinho,"rápida, a, cer","0.1092, 0.0954, 0.0871",positive
entrega bem antes do prazo produto muito bom e bem embalado,"e, bem, do","0.1932, 0.1172, 0.1098",positive
Produto de ótima qualidade bem embalado e entregue antes do prazo,"##to, qualidade, bem","0.0779, 0.0708, 0.0587",positive
Produto de ótima qualidade econômico Superou a expectativa ilumina bem o espaço,"qualidade, ##ou, ilumin","0.1199, 0.1154, 0.1042",positive
adorei a capa recomendo muito bonita so gostaria que a capa fosse toda revestida por dentro para maior proteção do violão,"##rei, a, so","0.2001, 0.1275, 0.1147",positive
 negação consigo rastrear meu produto muita demora pra entregar,"##ar, ##ra, demo","0.265, 0.2557, 0.2148",negative
Era um jogo de cama numero peças e veio de numero pecas,"##as, de, um","0.6386, 0.5001, 0.4058",negative
Ótimo,"##timo, Ó","0.4036, 0.036",positive
Recebi a película e ela veio toda lacrada porém no momento de colocá la estava com problemas riscos na tela e falta de cola em torno ou seja produto de má qualidade,"ou, ##rada, ##bi","0.7997, 0.5382, 0.4482",negative
Vocês são numero,"##o, ##s, numer","0.4031, 0.2373, 0.1837",positive
Bom dia negação posso avaliar negação recebi produto ainda,"dia, ##i, negação","0.2253, 0.2005, 0.1871",negative
No site tinha informando que tinha a cor que eu pedi Quando realizei a compra disse que negação tinha Pedi o estorno da compra e até hoje negação devolveram meu donheiro,"##veram, meu, ##i","0.1087, 0.097, 0.0859",negative
 negação gostei e negação recomendo O som é baixo e logo de início já negação funcionou um dos lados do fone Horrível,"##rível, ##te, ##o","0.087, 0.0862, 0.0804",negative
Ao abrir a embalagem somente constava os cestos e os pés da fruteira negação VINDO toda a estrutura de madeira Gostaria que verificasse o ocorrido,"##N, VI, que","0.1999, 0.1811, 0.1769",negative
O filtro foi entregue perfeitamente mas uma das velas que o acompanham veio com defeito,"##ito, mas, perfeitamente","0.4775, 0.4048, 0.2526",negative
Fiz duas compras uma chegou e a outra estou com problema na entrega negação consigo contato por e mail ou por telefone para reclamar,"e, com, ##r","0.2445, 0.2355, 0.2085",negative
NO MOMENTO TODAS AS COMPRAS QUE EU FAÇO É ENTREGUE DENTRO DO PRAZO PREVISTO CONSIDERO ÓTIMO,"##M, ##TI, ##O","0.3217, 0.1838, 0.1344",positive
Chegou antes do prazo esperado,"antes, prazo, do","0.6643, 0.4336, 0.3369",positive
a loja cancelou a compra por motivo de negação ter o produto no estoque,"##ou, ter, cancel","0.3674, 0.2003, 0.1939",negative
Achei o material muito ruim e caro,"muito, e, ##ei","0.5957, 0.5663, 0.315",negative
bom,bom,0.0152,positive
Película do Fusor Lexmark E numero numero numero numero so chegou as peliculas falta a unidade de cilindro,"a, chegou, as","0.5082, 0.4054, 0.3783",negative
Amei o produto era tudo que eu esperava e chegou muito rápido,"##i, o, e","0.2375, 0.0963, 0.087",positive
Produto bom e de qualidade,"e, bom, ##to","1.204, 0.512, 0.4456",positive
COMPREI numero RALADORES PORÉM APENAS numero CHEGOU CONTACTEI A EMPRESA QUE ME DISSE ESTAR RASTREANDO O SEGUNDO ESTOU NO AGUARDO,"##AS, ##M, ##EI","0.3176, 0.2708, 0.2694",negative
Boa compra Bem em conta comparando com outras lojas Chegou super rápido Recomendo,"compra, Bem, ##ndo","0.2247, 0.1789, 0.1392",positive
Bem embalado facil de usar,"##ado, de, embal","0.4056, 0.3177, 0.2673",positive
Foi tudo perfeito tirando o sabor do produto que pedi baunilha e veio chocolate Mas como negação ligo mto pra isso e o sabor negação tem tanta importância pra mim nem liguei,"pra, tira, ##ue","0.2585, 0.2575, 0.2511",positive
Recebi um email dizendo que eu negação receberia o produto Quatro dias depois a iogurteria chegou negação entendi mas fiquei contente,"##nte, ##ia, receber","0.6792, 0.3798, 0.3495",positive
Execelente,"##nte, ##ec, ##ele","0.5054, 0.3151, 0.2955",positive
Gostei muito chegou bem antes do previsto e principalmente pelo fato de se tratar de um presente para criança e vocês terem tido o carinho de embrulhar com papel de presente Muito legal Parabéns,"##te, Para, ##i","0.115, 0.1105, 0.0792",positive
Excelente,"##ente, Excel","0.384, 0.0447",positive
Loja sem credibilidade,"sem, ##ibilidade, cred","0.4655, 0.4409, 0.279",negative
Perfeito,"##feito, Per","0.4287, 0.0394",positive
Comprei um carregador veicular da Belkin porém ao ligar no veiculo pela primeira vez queimou o carregador e a tomada do veículo,"##ou, do, ao","0.3146, 0.1844, 0.1541",negative
Entregou no prazo,"##gou, no, prazo","0.5367, 0.2993, 0.1964",positive
excelente serviço aliás como sempre,"serviço, como, ##ás","0.3783, 0.2931, 0.2458",positive
Excelente produto loja e entrega,"##ente, produto, e","0.33, 0.2135, 0.1959",positive
 negação recebido,"recebido, negação","0.7568, 0.3196",negative
Eu compro de tudo pelo stark nunca precisei trocar nada sempre chega antes e certinho amo comprar no stark e nas lojas que entregam por eles tbm,"comprar, ##r, de","0.1268, 0.1023, 0.0962",positive
Precisa melhorar a atenção ao cliente pois os produtos que comprei vieram pela metade e negação enviaram nenhum e mail para avisar Mesmo assim agradeço ao serviço prestado,"e, ##a, ##ço","0.5039, 0.4373, 0.3879",negative
Péssimo,"##s, ##o, ##sim","0.6409, 0.5997, 0.2715",negative
Comprei numero produtos e somente numero chegou aguardando retorno da lojas lannister sobre isso,"##rei, ##ndo, aguarda","0.0881, 0.0789, 0.0765",negative
O lojista entrou em contato dizendo que negação havia o produto escolhido e nos mostrou o que tinha ai conseguimos entrar em acordo,"##imos, havia, dizendo","0.4174, 0.3069, 0.2914",positive
gostaria de devolver o vaso o material eu negação gostei,"##ver, eu, ##o","0.5122, 0.3343, 0.288",negative
Veio perfeito do feito que eu queria super recomendo,"do, ##o, ##o","0.1191, 0.1143, 0.1038",positive
produto entregue no prazo conforme as especificações Recomendo,"##ndo, as, ##ções","0.2148, 0.1608, 0.1508",positive
Fiz várias compras nos últimos meses e os produtos foram entregues corretos e bem antes do prazo Excelente,"##ente, nos, ##s","0.1727, 0.0998, 0.0934",positive
ja faz um mes que fiz meu oedido um conjunto de potes de cozinha de aluminio numero branco de bolas pretasme ate agora negação recebi quero saber qual a providençia que essa empresa ira tomar,"##do, ##en, faz","0.1395, 0.0837, 0.067",negative
TUDO CERTO,"##RT, ##O, CE","0.431, 0.2922, 0.2419",positive
Entrega rápida e segura Produto de qualidade,"e, ##ga, rápida","0.141, 0.1287, 0.1039",positive
Produto com preço justo e exatamente igual a imagem,"e, igual, justo","0.3412, 0.2516, 0.2201",positive
Apesar de a foto do produto ser diferente do entregue o produto chegou,"de, o, do","0.1956, 0.1911, 0.168",positive
Parabéns lojas lannister adorei comprar pela Internet seguro e prático Parabéns a todos feliz Páscoa,"lojas, ##éns, ##b","0.1224, 0.0841, 0.0657",positive
Produto de qualidade Porém na próxima vez vou me atentar nas características do produto Infelizmente é pequena para o meu uso Mesmo assim deixo bem claro novamente que o produto tem ótima qualid,"é, na, qual","0.2793, 0.2146, 0.1924",positive
òtimo serviço,"serviço, [UNK]","0.4804, 0.0462",positive
 negação recebi o produto tive que buscar nos correios e ao chegar lá negação havia produto apenas um envelope com uma nota fiscal estou aguardando solução Saiam fora negação vale a pena,"##i, receb, a","0.0879, 0.0746, 0.0728",negative
Tudo bem,"bem, Tudo","0.5757, 0.0362",positive
Gostei,"##te, ##i, Gos","0.3298, 0.231, 0.0176",positive
Só achei ruim ter pago o frete e ter que buscar no correio se continuar deste jeito quero meu frete de volta,"ter, ac, ##hei","0.3184, 0.2408, 0.2082",negative
amei o produto ja estou usando,"##i, o, usando","0.5544, 0.2814, 0.2626",positive
Comprei o Kit Shampo Óleo Balm E Pente Para Barba Usebarba Porém faltou o pente,"##te, ##tou, fal","0.5354, 0.4312, 0.3931",positive
Escolhi as taças com caveira mexicana foram entregues as de pôquer,"##l, as, as","0.6632, 0.4419, 0.4382",negative
Produto atendeu minha expectativa é chegou bem rápido,"é, bem, ##u","0.2516, 0.244, 0.2219",positive
Pagamos caro para receber em casa frete de dinheiro e ainda negação recebi o produto negação consigo retirar nos correios pois negação deixaram o papel de retirada na minha casa INSATISFEITA,"##i, para, ##TA","0.0648, 0.0587, 0.0553",negative
BOM PRODUTO DE ÓTIMA QUALIDADE E ENTREGA SUPER RÁPIDA,"PR, ##OM, ##MA","0.3574, 0.2324, 0.1463",positive
Super bom o colchão Superou as expectativas Entrega super rápida,"o, bom, Entre","0.2252, 0.1869, 0.1766",positive
Recebi minha compra pela metade,"##bi, minha, pela","0.2929, 0.2563, 0.2471",negative
O relógio é muito delicado charmoso LINDO um mimo ADOREI,"##ado, delic, ##RE","0.3395, 0.1723, 0.1489",positive
COMPRO NA AMERICANA PORQUE É CORRETA NAS ENTREGAS E CONFIÁVEL EM SUAS MERECADORIAS,"##TA, ##RE, N","1.422, 0.9307, 0.7772",positive
Comprei o produto na cor laranja foi enviado na cor vermelha ate desanimei de devolver o processo de troca sei que ia demorar esse parceiro targaryen deveria ter avisado que a cor estava em falta,"desa, ##rei, ##ni","0.2169, 0.1783, 0.1769",negative
Só recebi numero rádio e eficiência um kit com numero,"receb, ##i, um","0.683, 0.5686, 0.2822",negative
Linda almofada de cachorro muito boa qualidade,"almo, qualidade, ##da","0.1586, 0.1353, 0.126",positive
A entrega foi super rápida e o produto é de ótima qualidade conforme o esperado,"qualidade, e, rápida","0.1188, 0.1123, 0.1072",positive
Parabéns um excelente produto entregue conforme combinado,"um, produto, ##éns","0.1379, 0.095, 0.0935",positive
incerteza de receber o produto,"##teza, de, o","0.7498, 0.5155, 0.3161",negative
Até o momento negação recebi o produto,"##i, receb, negação","0.1595, 0.1457, 0.1327",negative
Produtos de qualidade entregues dentro do prazo,"entregues, dentro, do","0.4575, 0.4293, 0.4102",positive
xxx,"##x, ##x, x","0.381, 0.2789, 0.0375",positive
Achei Q desta vez o produto deixou a desejar muito fraco demas,"demas, ##r, ##ei","0.5685, 0.4091, 0.3185",negative
O produto superou minhas expectativas Parabéns pela qualidade do produto,"pela, ##éns, minha","0.197, 0.1217, 0.1204",positive
Sou cliente da loja e sempre satisfeita com o atendimento e qualidade do servico,"##eita, cliente, satisf","0.2191, 0.1471, 0.1304",positive
Compra segura e entrega no prazo,"e, ##ra, segura","0.3793, 0.2438, 0.1985",positive
O produto ainda negação foi entregue Encontra se em trânsito ainda Quero saber se ainda vou receber,"Encontra, ainda, ainda","0.1266, 0.1176, 0.1045",negative
Excelente,"##ente, Excel","0.384, 0.0447",positive
produto chegou antes da data prevista,"da, antes, chegou","0.4938, 0.4144, 0.291",positive
 negação recebi ainda o produto,"##i, receb, ainda","0.2107, 0.2089, 0.1233",negative
olhando no site parece ser preto e branco porém quando recebi percebi que as cores eram cinza e preto,"##i, ##hando, ##i","0.2165, 0.1612, 0.1435",negative
Entrega antes do prazo,"do, ##ga, antes","0.4849, 0.4485, 0.3399",positive
Muito obrigado pelo o contrato de vocês,"de, pelo, obrigado","0.2148, 0.2022, 0.1858",positive
Só recebi abolça o kit berco negação,"##ça, receb, ##i","1.044, 0.7662, 0.7027",negative
produto veio quebrado e mas de uma semana estou tentando resolver e ninguem fala nada um absurdo pois paguei por ele inteiro e negação pela metade,"e, ##do, pela","0.0951, 0.0786, 0.0729",negative
Produto excelente entregue antes do prazo,"entregue, antes, ##to","0.4708, 0.2797, 0.2291",positive
Solicitei o cancelamento dessa compra entrei em contato várias vezes e todos os atendentes confirmaram que a compra foi cancelada mas no site continua como pedido a caminho,"dessa, ##te, a","0.2111, 0.1923, 0.1814",negative
Em relação à entrega ocorreu tudo certo porém ainda preciso de alguns dias para dizer se realmente o efeito será positivo,"ocorreu, será, tudo","0.1674, 0.1589, 0.1234",positive
Quando vão entregar,"entregar, vão, Quando","0.4297, 0.422, 0.0856",negative
Melhor pós venda da história Me ligaram para falar que negação tinha a cor que eu havia solicitado e ofereceram soluções Foram super gentis e o produto ainda chegou antes do prazo Muito bom,"pós, bom, Muito","0.1382, 0.1038, 0.0815",positive
EU FIZ A COMPRA DE numero CORTINA RECEBI APENAS DUAS O QUE ACONTECEU COM A TERCEIRA CORTINA,"##AS, ##S, ##Z","0.4009, 0.2826, 0.264",negative
Recebi o produto errado,"##bi, o, errado","0.5998, 0.5247, 0.4779",negative
foi muito bom fiquei feliz com o produto valeu,"fi, muito, bom","0.1255, 0.1022, 0.0967",positive
base de acrilico veio trincada e tem vazamento envolta da torneira,"##cada, trin, e","0.3466, 0.2729, 0.2207",negative
Compra e entrega bem sucedida,"sucedida, bem, ##ra","0.311, 0.2796, 0.2452",positive
Boa,Boa,0.0208,positive
Produto veio conforme descrito e chegou super rápido,"conforme, rápido, descrito","0.127, 0.1224, 0.1215",positive
O cartucho negação é original fiz o cancelamento e estou aguardando a devolução do valor o cartucho negação funciona,"funciona, e, é","0.1426, 0.1412, 0.1384",negative
Excelente serviço e os produtos foram exatamente o que eu esperava,"##ente, serviço, o","0.1652, 0.096, 0.0826",positive
Estava desistindo da compra por terem alterado a previsão de entrega após o fechamento do pedido porém me ligaram dizendo que já estava a caminho Recebi numero peça do produto sendo que comprei numero,"##istindo, ##o, me","0.1883, 0.1624, 0.159",negative
Capa muito simples material de pouca qualidade,"muito, material, qualidade","0.5411, 0.4694, 0.3286",negative
Entrega rápida e bom produto,"e, produto, ##ga","0.5968, 0.5437, 0.4714",positive
O produto foi entregue com atraso o pior negação foi isso o mesmo chegou solto em uma caixa suja tive que usar panos para limpar a embalagem antes de abrir A sujeira me deixou indignada,"o, com, ##da","0.1092, 0.0918, 0.0914",negative
Satisfeita,"##eita, ##isf, Sat","0.734, 0.5126, 0.0478",positive
Produto entregue corretamente no prazo,"no, corretamente, ##to","0.5362, 0.4384, 0.2853",positive
Comprei o telefone mas veio com uma cor diferente comprei um azul e preto,"##i, compre, com","0.4665, 0.4573, 0.411",negative
Entregou no prazo,"##gou, no, prazo","0.5367, 0.2993, 0.1964",positive
entrega rápida muito eficiente ótimo o trabalho,"o, ótimo, eficiente","0.2487, 0.1923, 0.1635",positive
Estou satisfeita com o produto,"##eita, com, ##ou","0.8067, 0.3934, 0.3029",positive
Já fiz outras compras e recebi no prazo Mais a capa para colchão está demorando muinto Posso saber o motivo da femora,"Poss, ##into, ##a","0.2643, 0.2259, 0.1908",negative
Adorei o produto muito bom só achei o muito delicado fácil de rasgar,"##ado, ac, só","0.646, 0.5125, 0.3703",positive
Otima qualidade,"qualidade, ##tima, O","0.7762, 0.2333, 0.0431",positive
Recebi o produto com muita agilidade e transparência Chegou até antes do que eu esperava para minha maior satisfação,"e, ##ilidade, ##bi","0.1149, 0.1031, 0.0961",positive
Produto da marca LIV Bom custo beneficio Apesar do anúncio negação conter especificação o mesmo chegou de acordo com a imagem,"custo, do, especifica","0.2271, 0.1747, 0.1714",positive
Recomendo,"##ndo, ##ome, Rec","0.3663, 0.3355, 0.0536",positive
 negação cumpriu com o combinado,"cumpri, ##u, com","0.3033, 0.2847, 0.1264",negative
Ótimo Produto super recomendo,"Produ, ##timo, ##o","0.2093, 0.1677, 0.1138",positive
So negação gostei pois comprei outros produtos juntos e o frete ficou gratis so que depois veio cobrando no cartão de credito o frete,"##te, negação, gos","0.6893, 0.6258, 0.5512",positive
O prazo de entrega é razoável mas chegou antes da data limite Recomendo a loja,"mas, chegou, é","1.1046, 0.3688, 0.3383",positive
ótimo produto entrega rápida,"produto, rápida, entrega","0.6817, 0.6639, 0.4487",positive
Recebi antes do prazo,"do, ##bi, antes","0.5566, 0.5155, 0.4086",positive
Foram entregues numero banners Falta numero negação chegou,"chegou, ##ta, numer","0.2226, 0.1909, 0.1618",negative
Até agora negação tive problemas com entrega Compro pelo site negação é a primeira vez e sempre fui bem acompanhada,"Comp, é, ##ro","0.448, 0.4046, 0.2867",positive
Tudo ok o baratheon sempre responsável com a suas entregas,"com, o, o","0.3048, 0.2182, 0.2003",positive
Muito bom,"bom, Muito","0.2464, 0.0155",positive
Resolveram meu problema é meu produto foi entregue em perfeito estado,"estado, ##veram, meu","0.4453, 0.3475, 0.3026",positive
fiquei satisfeito pois a encomenda chegou com dias de antecipação valeu obrigado,"##eito, ##ação, obrigado","0.2227, 0.1811, 0.1771",positive
Produto ainda negação foi entregue e consta para retirada nos correios no Paraná Uma vez que moro em São Paulo capital fico me perguntando como farei essa proeza Preciso duma posição urgente,"##eza, ur, Pre","0.2045, 0.184, 0.1439",negative
Faltou numero unidade de luminária,"##ária, ##tou, de","0.4637, 0.3698, 0.3395",negative
Entrega rápida produto correto A stark está de parabéns,"##r, A, produto","0.1694, 0.1071, 0.107",positive
 negação recebi minha encomenda é já mostrou pelo rastreamento q já foi entregue e até hoje nada,"##i, receb, encomenda","0.1028, 0.0908, 0.0815",negative
comprei a cortina so que veio faltando o varão na especificação viria o varão so que negação veio então fui enganado negação recomendaria esse vendedor,"##ado, que, ##i","0.4742, 0.2977, 0.2684",negative
Recebi apenas numero memória quando deveriam ser duas Quero devolver o produto vou comprar de outro lugar q me garanta a entrega das duas juntas,"quando, ##bi, ##ver","0.2757, 0.2293, 0.2179",negative
Perfeito super recomendo,"super, recomend, ##feito","0.2131, 0.2011, 0.1939",positive
satisfação,satisfação,0.0778,positive
Produto de boa qualidade entregue no prazo combinado A lannister está d parabéns,"qualidade, entregue, A","0.1343, 0.1159, 0.1019",positive
A entrega foi muito rápida e o produto atendeu as expectativas,"e, rápida, ##u","0.3829, 0.2639, 0.1592",positive
Ótimo vendedor,"vende, ##timo, ##dor","0.4458, 0.4009, 0.3127",positive
Gostei do porta lápis Muito bonito Entrega rápida Loja confiável,"##te, Entre, ##i","0.2928, 0.2136, 0.1969",positive
O produto chegou em perfeito estado até o momento Demorou um pouco comparado a compras anteriores Porém recomendo o baratheon e o produto Abraço,"##orou, um, estado","0.229, 0.2225, 0.205",positive
muito demorado,"##rado, demo, muito","0.9126, 0.5662, 0.0746",negative
Alem de excelente qualidade o produto foi entregue no prazo conforme especificação do site,"qualidade, ##m, conforme","0.1552, 0.1265, 0.1011",positive
Produto ótimo atendeu minhas expectativas Entrega super rápida,"atende, ##to, ##u","0.154, 0.1109, 0.0855",positive
Recebi o produto como anunciado o mesmo funciona como prometidos,"##tidos, o, ##bi","0.2781, 0.229, 0.2262",positive
Excelente produto indico a qualquer pessoa,"##ente, produto, indic","0.2065, 0.1133, 0.0764",positive
Otima loja,"loja, ##tima, O","0.5954, 0.2562, 0.0291",positive
Foi muito rápido a entrega,"a, muito, rápido","0.745, 0.4087, 0.367",positive
Muito resistente ainda negação peguei chuva com ela apesar de ser numero l ela é grande muito boa mesmo,"ainda, mesmo, resistente","0.2545, 0.2042, 0.1877",positive
Chegou no prazo produto correto,"no, produto, correto","0.54, 0.3198, 0.2682",positive
entrega foi rapida,"##ida, foi, rap","1.323, 0.5828, 0.4808",positive
Ótimo produto,"produto, ##timo, Ó","0.4549, 0.3092, 0.0257",positive
Linda amei,"ame, ##i, Linda","0.3199, 0.223, 0.0175",positive
 negação recebi o produto é a loja negação respondeu nenhuma das minhas reclamações ou duvidas,"nenhuma, ##i, ##ções","0.1346, 0.1271, 0.119",negative
ao começar a usar o produto o mesmo apresentou defeito,"##ito, defe, o","0.571, 0.3451, 0.2045",negative
Ótimo,"##timo, Ó","0.4036, 0.036",positive
Foi entregue o produto conforme o previsto,"previsto, o, entregue","0.4767, 0.3692, 0.3233",positive
Responsável,"##s, ##pon, ##ável","0.8441, 0.4685, 0.2743",positive
O prazo de entrega surpreendeu,"##ndeu, surpree, de","1.4253, 0.7134, 0.5243",positive
Muito bom produto entregue no prazo e certo como anunciado eu recomendo,"bom, produto, no","0.1879, 0.163, 0.1241",positive
Fragrância maravilhosa,"##ância, ##gr, ##a","0.3789, 0.3538, 0.2915",positive
Só negação foi perfeito pq tive q buscar no correio,"foi, p, negação","0.49, 0.4287, 0.279",positive
Zero responsabilidade,"responsa, ##bilidade, Zero","1.4641, 0.6786, 0.1834",negative
Até o presente momento o produto ainda negação foi entregue,"o, foi, momento","0.0848, 0.0821, 0.0794",negative
recebi dentro do prazo previsto muito bom,"##i, bom, do","0.1434, 0.1356, 0.1277",positive
gostei do produto,"##te, ##i, do","0.6108, 0.2728, 0.1637",positive
Esse produto deveria ter os cabos numero numero v,"numer, ter, deveria","0.4512, 0.3244, 0.2365",negative
Produto veio com bolhas e uns cabelos ou pelos pretos enfim quero devolver e preciso do código para postagem,"quero, ##ver, para","0.2256, 0.189, 0.172",negative
perfeitinho,"##tinho, perfei","0.6024, 0.0554",positive
Produto atendeu as expectativas recomendo,"##o, recomend, ##u","0.2487, 0.1938, 0.1701",positive
excelente produto excelente loja,"loja, produto, excelente","0.3183, 0.26, 0.243",positive
realizei a compra no dia data com previsão de entrega até o dia data e até agora negação recebi o produto Se eu ainda receber volto e falo algo mais,"receb, ##i, ##ei","0.1196, 0.1018, 0.0804",negative
 negação tive problemas com a entrega nem com o produto o problema foi com o pagamento que passou numero vezes no meu cartao fiz uma reclamação e negação tive resposta Ainda estou aguardando,"com, foi, tiv","0.3566, 0.3188, 0.3014",negative
Produto entregue até antes do prazo Em prefeitas condições Super recomendo,"até, ##to, ##o","0.1141, 0.1073, 0.0913",positive
Excelente,"##ente, Excel","0.384, 0.0447",positive
Gostei muito da loja lannister Obrigada,"##te, da, ##i","0.2007, 0.1853, 0.1516",positive
esquenta enquanto usamos tenho dois shitsu quanto fui tosar o segundo ai esperei um poco mas deus certo gostei muito,"##te, ##nta, quanto","0.2606, 0.1454, 0.1269",positive
Produto top pra quem que apaixonado por fazer drinks recomendo o produto e a loja tbm que entregou no até antes do prazo,"pra, no, ##o","0.1707, 0.129, 0.1142",positive
Entrega rápida e produto chegou de acordo,"e, de, ##ga","0.8435, 0.6718, 0.61",positive
Tentando cancelar o produto desde antes da emissão da nota fiscal negação fui avisada que estava no correio negação tive nenhuma resposta do cancelamento e negação consigo devolver,"##ar, ##tando, fiscal","0.1232, 0.1073, 0.0877",negative
a melhor loja de departamentos,"de, loja, melhor","0.2626, 0.2494, 0.1534",positive
Recomendo o produto está correto já testei está funcionando ok,"##ndo, ##ome, já","0.276, 0.2515, 0.2055",positive
A entrega foi muito rápida e o produto atende as expectativas,"e, rápida, as","0.4719, 0.3304, 0.231",positive
Chegou antes do prazo Recomendo para todos,"antes, do, ##ome","0.1564, 0.1248, 0.1025",positive
Só tenho a agradecer,"##cer, tenho, a","0.5171, 0.2963, 0.2104",positive
Recebi rapidamente o produto,"o, ##bi, rapidamente","0.7697, 0.443, 0.4155",positive
Loja de confiança entrega dentro do prazo,"entrega, do, dentro","0.5244, 0.485, 0.4139",positive
Produto inferio ao da foto ponteiras que vieram negação são compativeis com o produto,"##io, são, ##to","1.0826, 0.5741, 0.471",negative
Produto de fácil instalação Chegou em numero dias,"instalação, ##to, em","0.155, 0.1298, 0.1236",positive
COMPREI UM MODELO MANDARAM O ANTIGO QUERO A TROCA,"##TI, ##GO, ##RE","0.318, 0.2996, 0.2991",negative
Entrega dentro do prazo e o produto aparelho auditivo atendeu às expectativas Tudo certo,"certo, ##ivo, do","0.2463, 0.2377, 0.2002",positive
Os preços são bons e os produtos de qualidade O problema negação é a loja mas o serviço de entrega utilizado por eles é o pior do país Os Correios nunca entregam no prazo,"é, do, negação","0.2469, 0.2197, 0.2046",negative
otimo produto amei,"##o, ##i, ame","0.3677, 0.2011, 0.1425",positive
Péssimo e gosto horrível Impossível de beber negação desolve Me sinto arrependida lannister usei só numero scop gostaria de trocar negação faz numero dias q comprei tem jeito,"##s, ##o, ##ida","0.1106, 0.0895, 0.085",negative
Recebi o produto em perfeitas condições Obrigada,"##s, ##da, Ob","0.3948, 0.2804, 0.2499",positive
Comprei dois kits recebi um o outro ainda negação estou aguardando,"##ndo, ##i, ainda","0.3148, 0.2991, 0.214",negative
Produto muito bom,"bom, ##to, muito","0.6764, 0.4682, 0.3866",positive
Ate agora comprei o transformador de voltagem numero btu negação recebi liguei pra americana a atendente me falou q ia liga pra transportadora e mr retorno em dois dias ja se passaram o prazo,"prazo, agora, o","0.1819, 0.1597, 0.1443",negative
Recomendo foi entregue muito bem embalado e chegou muito antes do previsto,"do, embal, muito","0.1516, 0.1417, 0.1073",positive
Solicito a evitarem o envio de tanta papelada de propaganda junto em muito repetitivos a cada compra Lembrem se negação HÁ COMO SE TER PAZ SEM ECOLOGIA,"##to, ##em, ##tivos","0.4986, 0.4139, 0.3671",negative
 negação sabia que eram quadrinhos para emoldurar Isso deveria estar nas informações do produto,"que, sabia, estar","0.3102, 0.2924, 0.2596",negative
Estou aguardando ainda o recebimento do produto,"##ndo, ##imento, ##ou","0.2687, 0.2323, 0.143",negative
espero que chegue o produto que voces tenham mais pontualidade,"##o, ##alidade, ##ue","0.8566, 0.4779, 0.3624",negative
É muito difícil o contato com vocês pois às vezes o problema negação se enquadra nas opções disponíveis no site,"com, o, ##ra","0.3679, 0.3187, 0.2951",negative
Site maravilhoso recomendo tratamento digno de VIP Parabéns,"##o, ##o, ##o","0.1095, 0.0767, 0.0715",positive
Deu tudo certo houve só uma demora dos correios,"##ra, tudo, uma","0.3468, 0.2324, 0.2215",positive
Tudo ótimo sem reclamações Obrigada,"sem, ótimo, ##da","0.3425, 0.2059, 0.1525",positive
A descrição dizia q era feito em gel mas negação era,"dizia, era, mas","0.5129, 0.4998, 0.3806",negative
aparelho util bom pratico poderia ser mais robusto e mais silencioso na faixa de preço sem concorencia,"bom, ##o, util","0.8579, 0.7434, 0.4978",positive
Bem embalado e entregue no prazo,"##ado, embal, no","0.3355, 0.2788, 0.1774",positive
bom,bom,0.0152,positive
Pedi HD numero GB SATA Notebook Samsung R numero numero unidade dinheiro cada E recebi Hdd numero numero Notebook Desktop Seagate St numero lm numero Barracuda numero gb numero rpm numero mb Sata numero gb s,"##i, HD, numer","0.3126, 0.1485, 0.1454",negative
PRODUTO AINDA ESTÁ NO CORREIO,"##DA, ES, ##IN","3.0405, 1.8886, 1.0868",positive
Eu negação tenho notícias do pedido anos do se e o correio da minha cidade,"anos, do, tenho","0.7197, 0.4905, 0.3162",negative
 extremamente satisfeito mais uns vez Produto entregue muito antes do prazo tudo correto Parabéns,"satisf, ##eito, tudo","0.078, 0.0704, 0.0692",positive
Conprei para dar de Natal para a minha filha Espero que chegue a tempo,"##ro, ##i, que","1.0481, 0.6867, 0.4975",negative
Recebi dois carregadores porem com referencias diferentes Modelo CDQ X numero CORRETO e o outro que dei de presente e negação SERVIU,"##U, SE, dois","0.1623, 0.1462, 0.1344",negative
A tampa negação fica balançando e saindo como minha última Recomendo a panela,"##ndo, fica, ##nça","1.328, 1.1547, 0.9457",positive
Produto de ótima qualidade e foi entregue antes do prazo,"qualidade, ##to, e","0.0861, 0.0839, 0.0602",positive
Material entregue no prazo,"no, ##ial, entregue","0.4634, 0.4079, 0.3317",positive
obrigado pelo produto,"pelo, produto, obrigado","0.4038, 0.2789, 0.0361",positive
Recomendo para todos negação tive problema nenhum mercadoria e prazo ótimos,"##s, ##ome, ##ia","0.2486, 0.1393, 0.1334",positive
Recomendo muito bom,"bom, ##ndo, ##ome","0.3342, 0.2582, 0.2371",positive
frete absurdamente caro,"##te, ##damente, absur","0.7939, 0.789, 0.5332",negative
Mantêm a água fresca por um bom tempo,"##m, ##tê, ##ca","0.2135, 0.1851, 0.1597",positive
Ótimo A empresa entregou antes do prazo combinado e o produto é de excelente qualidade,"A, ##timo, qualidade","0.109, 0.1065, 0.0768",positive
 negação recebi o produto comprado completo Comprei dois pendentes mas só entregaram um Como faço para receber o restante,"receb, ##i, Comp","0.1133, 0.1114, 0.11",negative
Excelente produto e prazo de entrega,"##ente, produto, e","0.3231, 0.2059, 0.1693",positive
Produto conforme anunciado,"anunciado, ##to, conforme","0.4794, 0.2744, 0.2366",positive
Comprei há um mês atrás e nunca chegou negação existe canal de comunicação eficiente e até pra reclamar q negação chegou tive q esperar quase uma semana,"##rei, existe, ##r","0.0812, 0.0734, 0.0711",negative
NUNCA MAIS NA MINHA VIDA FAREI COMPRA ON LINE ESTOU ENTRANDO COM OUVIDORIA PQ negação RECEBI O MEU PRODUTO JA ENVIEI E MAIL E NINGUEM DA POSICAO,"R, negação, ##I","0.2879, 0.1983, 0.1651",negative
Foi ótima toda a negociação O produto chegou bem antes do prometido Tudo certo,"toda, ótima, certo","0.2189, 0.1647, 0.1109",positive
OS PRODUTOS ANUNCIADOS negação CORRESPONDEM AS IMAGENS APRESENTADAS EM SUA DIVULGAÇÃO PRODUTOS DE PÉSSIMA QUALIDADE negação GOSTEI,"##GE, ##CI, CO","0.2263, 0.2083, 0.1964",negative
OTIMO,"##M, ##TI, ##O","0.5671, 0.2471, 0.2367",positive
Aconteceu uma pequena divergência na entrega porém consegui resolver juntamente com a loja este atrito De uma forma geral atendeu minha necessidade,"atende, ##i, consegu","0.5322, 0.4301, 0.4039",positive
Cancelei o produto antes e eles me enviaram bem tempo depois,"##ei, ##cel, e","0.7077, 0.5286, 0.4083",positive
Ótima,"##tima, Ó","0.4759, 0.0396",positive
Ótimo produto Ótimo vendedor,"produto, ##timo, vende","0.2062, 0.1717, 0.1596",positive
ja comentei anteriormente,"##ei, coment, anteriormente","0.2707, 0.2383, 0.1454",positive
Vendedor sério e eficiente Enviou rapidamente o produto Tudo certo com o produto que foi testado e aprovado Muito bom recomendo a todos os interessados,"##de, e, recomend","0.0741, 0.0717, 0.0662",positive
O produto negação foi entregue e negação recebi nenhuma satisfação apesar de já ter pago o boleto,"foi, e, negação","0.0997, 0.0992, 0.0935",negative
Produto chegou dentro do prazo e muito bonito chegou embrulhado para presente até parece que adivinharam que era para presente mesmo,"##inha, em, ##iv","0.4144, 0.2684, 0.2524",positive
Meu produto veio com defeitoem uma das peças negação tem como montar e negação estou conseguindo a devolução,"##ito, com, ##ução","0.1457, 0.1265, 0.1219",negative
Recebido no prazo Produto como anunciado,"##bi, ##do, Produ","0.3096, 0.3008, 0.2174",positive
muito prático e pontual,"e, prático, ##al","0.2997, 0.2793, 0.2671",positive
 negação tinham o produto em estoque mas entraram em contato comunicando o ocorrido Só negação me lembro se o valor pago já foi devolvido,"Só, me, negação","0.2737, 0.1819, 0.1582",negative
EXCELENTE,"##L, ##CE, ##EN","0.2584, 0.2463, 0.1602",positive
Muito bom comprar neste site,"bom, comprar, neste","0.2474, 0.2344, 0.1738",positive
recebi corretamente,"##i, corretamente, receb","0.3408, 0.1421, 0.0503",positive
Confiável rápido e com Bom Preço,"##vel, Pre, ##iá","0.4066, 0.4064, 0.2984",positive
Dedoches são muito lindos Meu filho amou Foi entregue dentro do prazo e intacto Super recomendo,"##cto, ##u, ##o","0.0852, 0.0814, 0.0754",positive
Ótimo produto,"produto, ##timo, Ó","0.4549, 0.3092, 0.0257",positive
Uma boa carteira simples mas eficiente,"car, simples, mas","0.4613, 0.4448, 0.4202",positive
Eu quero receber o produto,"o, receber, quero","0.3698, 0.3513, 0.2774",negative
Recomendo,"##ndo, ##ome, Rec","0.3663, 0.3355, 0.0536",positive
Gostei muito de todo o processo de compra O produto condiz exatamente com a descrição e a qualidade é melhor que o esperado afinal o kit custa o valor de uma camiseta Voltarei a comprar com certeza,"##te, af, ##i","0.2996, 0.2393, 0.1828",positive
É garantido e de confiança,"##ido, garant, e","0.2178, 0.1616, 0.1112",positive
Estou aguardando e mail para devolução produto enviado de plastico sendo que comprei de inox,"##ução, ##ndo, ##x","0.2268, 0.2129, 0.163",negative
As panelas sao bonitas a mesma cor da foto porem achei pequenas mas sa boas,"mas, ##s, ac","0.2707, 0.2043, 0.1989",positive
Foi tudo dentro do esperado,"do, dentro, tudo","0.2823, 0.2614, 0.2213",positive
Entrega no prazo e eficiente,"##ga, no, e","0.419, 0.2976, 0.2678",positive
Gostei de ter sido entregue antes do prazo Obrigada,"##te, ##i, do","0.2636, 0.1768, 0.1339",positive
ainda negação recebi o produto e ja consta como entreque,"##i, receb, ##que","0.2237, 0.2143, 0.1687",negative
Bom,Bom,0.0131,positive
Ótimo,"##timo, Ó","0.4036, 0.036",positive
Muito obrigado Rápida a entrega Tudo certo Recomendo,"R, obrigado, ##ndo","0.193, 0.1704, 0.1238",positive
muito demorado,"##rado, demo, muito","0.9126, 0.5662, 0.0746",negative
Pelo preço e pela entrega vale a pena,"e, vale, a","0.2971, 0.2578, 0.2359",positive
Cumpriu o que prometeu no prazo e no produto recomendo com certeza e pretendo comprar outros produtos,"##ndo, ##mp, ##ri","0.6554, 0.6514, 0.5287",positive
Produto perfeito o mesmo que estava no anuncio e de muito boa qualidade recomendo,"o, ##to, ##o","0.0976, 0.0808, 0.0657",positive
Tudo OK,"O, ##K, Tudo","0.4468, 0.2126, 0.0294",positive
VOU SEMPRE COMPRAR NA baratheon,"##RE, ##RA, ##the","0.2533, 0.2155, 0.2049",positive
Ótimo produto Excelente parceiro,"produto, ##ente, ##timo","0.2155, 0.1923, 0.1744",positive
Dormir com o aparelho meu dentes sangrou estão dolorido negação recomendo,"##grou, ##o, recomend","0.4743, 0.3169, 0.2721",negative
Produto de qualidade excelência no processo de compra,"no, excelência, ##to","0.2213, 0.1515, 0.1433",positive
Ok,Ok,0.0186,positive
 negação gostei da entrega pois paguei o frete que negação foi barato e os correios negação entregou na minha casa tive que ir buscar no correios do centro da minha cidade serviço de entrega muito Ruin,"##n, ##te, ##to","0.511, 0.3391, 0.2983",negative
Só gostaria que meu produto chegasse logo,"que, gostaria, ##s","1.2286, 0.5736, 0.5394",negative
Estou muito chateado porque eles me falaram que ia me entregar o meu pedido até o dia numero numero numero mais até agora negação recebi,"##te, ##ado, cha","0.3352, 0.1574, 0.131",negative
Sem problemas,"problemas, Sem","0.2816, 0.0329",positive
Facilidade de compra no site e entrega rápida produto atende as espectativas Recomendo,"produto, ##ndo, rápida","0.1751, 0.1257, 0.1127",positive
 negação veio uma NF com o valor total da compra,"uma, veio, da","0.2126, 0.2124, 0.156",negative
Foi entregue bem antes do prazo mas negação foi o que eu esperava,"foi, negação, do","0.7667, 0.2412, 0.233",negative
Ja e a segunda encomenda que negação chega na data prevista A anterior demorou muito e essa ainda negação chegou,"e, muito, que","0.1567, 0.1535, 0.1174",negative
Produto maravilhoso entrega antes do prazo,"##o, ##to, do","0.1677, 0.1182, 0.0944",positive
ainda negação usei mais recomendo,"##o, us, ##ei","0.3642, 0.2054, 0.1826",positive
Comprei dois lustres e so recebi um,"receb, ##rei, ##i","0.1649, 0.1255, 0.1219",negative
O produto negação funcionou negação conseguiram instalar para mim Ficou vazando,"##ando, negação, para","0.3284, 0.3129, 0.2687",negative
Recebi o produto dentro do praza Ótimo produto estou muito satisfeito,"produto, ##eito, ##bi","0.1673, 0.1499, 0.117",positive
Falta de compromisso,"##ta, de, compromisso","0.3841, 0.2592, 0.1422",negative
Está em atraso,"em, atraso, Está","0.31, 0.278, 0.0869",negative
entregue antes do prazo fiquei mto satisfeito,"##eito, ##to, antes","0.2938, 0.2358, 0.1788",positive
Comprei numero unidades e recebi apenas numero unidade,"##rei, numer, numer","0.1103, 0.1045, 0.1023",negative
 pensei que era um relógio casio original e chegou um similar com qualidade totalmente inferior Pedir para devolver esta em processo,"Ped, ##ir, totalmente","0.1017, 0.092, 0.0911",negative
O produto foi entregue no prazo até agora tá bom já mandei instalar e funciona muito bem,"até, muito, ##ei","0.1564, 0.1543, 0.1524",positive
Veio tudo nos conformes,"##o, ##s, nos","0.7183, 0.6333, 0.3829",positive
Recebi o perfume mas veio sem o selo da Adipec negação gostei disso Além do mais estava mal embalado o celofane da caixa mal fechado comprei de uma loja e recebi com nome de outra negação entendi,"##bi, ##te, sem","0.2251, 0.2141, 0.1937",negative
O produto veio faltando a base e ja enviei inúmeros e mails para lannister e negação obtenho resposta por mais q seja entregue por um parceiro acho q a responsabilidade é das lannister,"##ndo, veio, falta","0.0777, 0.0748, 0.0727",negative
produto otimo,"##o, otim, produto","0.456, 0.3013, 0.0363",positive
Adorei entrega rápida e a for tinha e a toalha são lindas,"##rei, entrega, rápida","0.2407, 0.1819, 0.1347",positive
Veio no prazo combinado super bem embalado,"##o, super, bem","0.1876, 0.1656, 0.1389",positive
bom,bom,0.0152,positive
Demorou demai a entrega numero mes para entregar quando o przo dado foram numero dias negação gostei Ainda estou esperando a entrega,"dado, ##zo, ##te","0.4853, 0.374, 0.1844",negative
Entrega antes do prazo estabelecido,"do, ##ga, antes","0.4008, 0.3685, 0.3037",positive
Entrega rápida e relogio muito bonito Porém eu comprei com os números na cor azul e veio na verde mas como também gostei negação fiz a troca O relógio negação fica muito grande no braço,"Porém, fica, fiz","0.6379, 0.3286, 0.2787",positive
Produto de ótima qualidade e chegou antes do prazo,"qualidade, ##to, e","0.0915, 0.0828, 0.0618",positive
Eu comprei dois adesivos e só recebi um mas como podemos resolver isso Fico no aguardo,"##o, ##o, isso","0.1724, 0.1274, 0.1222",negative
Gostei entregaram meu produto antes do prazo Obrigado,"##te, ##i, do","0.2607, 0.1854, 0.1794",positive
Muito Show tamanho muito bom pra bancada de divisão de ambiente Super recomendo,"tamanho, Show, pra","0.1582, 0.1263, 0.1044",positive
Boa loja,"loja, Boa","0.4493, 0.0366",positive
Atendeu minhas expectativas chegou antes do prazo tecido lindo e de boa qualidade Amei,"##i, ##ndeu, Ame","0.0895, 0.0821, 0.0709",positive
Me deram o prazo de numero dias para entrega e restando numero me informam que negação seria possível a entrega de meu produto Simplesmente ridículo,"##ículo, ##mente, de","0.0671, 0.0553, 0.0549",negative
Nunca tive problema com as lojas lannister mais dessa vez me mandaram o produto errado e inferior quero cancelar,"##ar, e, cancel","0.3374, 0.2898, 0.2348",negative
o produto chegou dentro do prazo e em perfeitas condições,"##s, do, dentro","0.5827, 0.2413, 0.2196",positive
Muito bom o cumprimento do prazo Só deveriam avisar que o produto viria em dois envelopes e datas diferentes Mais ao entrar em contato por email fui logo informado,"bom, o, do","0.2191, 0.2013, 0.193",positive
Maravilhosa,"##hos, ##vil, ##a","0.3056, 0.275, 0.2047",positive
COmprei numero x numero e me mandaram numero x numero Inútil pra mim usei a ferramenta do stark pra entrar em contato e até agora ninguém me respondeu,"pra, ##i, ##til","0.1148, 0.1135, 0.0853",negative
Gostei,"##te, ##i, Gos","0.3298, 0.231, 0.0176",positive
receb o produto anda negação apliquei,"negação, o, ##quei","0.7739, 0.6597, 0.5236",negative
Solicitei um produto e veio outro Já entrei em contato com a central de vocês e estou aguardando o código para reenviar para o correio,"##te, outro, ##ici","0.1213, 0.1086, 0.0898",negative
A entrega tudo em ordem negação tenho o que reclamar chegou bem antes do prazo com relação ao produto ainda negação sei pois tomei apenas numero até agora,"relação, ao, ##r","0.2482, 0.1951, 0.1664",positive
Está atrasado a mais de numero dias,"##ado, atras, a","0.5387, 0.2339, 0.204",negative
Recomendo,"##ndo, ##ome, Rec","0.3663, 0.3355, 0.0536",positive
Recebi td certinho antes do prazo,"##d, ##tinho, ##bi","0.2592, 0.2402, 0.2161",positive
Eu queria lençol branco mas negação existia então comprei azul Depois de realizada a compra disseram que nem o azul existia mais então me sobrou o bege,"##rou, que, o","0.4737, 0.2865, 0.2678",negative
COMO FAÇO PRA FAZER A TROCA PRODUTO ERRADO,"##O, ##CA, ##DO","0.4893, 0.4022, 0.3951",negative
Infelizmente ainda negação foi entregue Primeira compra na loja parceira da stark e tive essa surpresa devemos ficar mais atento a isso,"Primeira, foi, devem","0.7497, 0.7034, 0.6733",negative
Bom dia Estou com um sério problema pq no site diz que meu quadro foi entregue em data mas a encomenda negação foi recebida na minha casa Como proceder Preciso de ajuda,"##der, foi, negação","0.235, 0.175, 0.1713",negative
Gostei do tapete e bem bonito muito parecido com a foto Compraria novamente nesta loja,"##te, muito, ##i","0.2583, 0.1895, 0.1822",positive
Ótimo produto entregue bem antes do prazo muito satisfeita com esse vendedor e com o produto,"muito, prazo, ##eita","0.534, 0.2622, 0.2335",positive
Recebi mas quando eu abrir estava tudo amassado,"##bi, ##s, ama","0.3461, 0.2785, 0.2338",negative
Serviço muito bom,"muito, bom, Serviço","0.5219, 0.4703, 0.0494",positive
Ja enviei varios emails reclamando sobre a entrega do produto e negação me respondem,"do, ##ndo, e","0.1872, 0.153, 0.1239",negative
Bom,Bom,0.0131,positive
O produto que eu pedi negação foi entregue entregaram outro no lugar Falta de respeito da loja lannister com os seus clientes,"##ta, entregar, da","0.0897, 0.0694, 0.0652",negative
Pedido cancelado antes da emissão da nota fiscal pago a vista Vário protocolos solicitando o vale é nada resolvido Fiquei sem o produto é sem meu dinheiro Fui lesado,"fiscal, pago, da","0.7694, 0.403, 0.2495",negative
Pensava que era maior mas tbm negação tinha noção de numero cm Fora isso lindinha amei tudo perfeitinho estava pra chegar dia numero numero mas veio dia numero numero que bom pq eu queria pra numero numero níver de minha filha,"##i, ##tinho, de","0.3877, 0.2291, 0.1854",positive
Chegou muito Rápido apenas numero dias,"muito, apenas, numer","0.3282, 0.3002, 0.2685",positive
Muito bom e rápido,"e, bom, rápido","0.3855, 0.3815, 0.1937",positive
Eu cancelei a compra estou esperando a devolução do valor conforme o e mail recebido,"##ei, a, ##ução","0.4446, 0.2988, 0.2844",negative
Só quero meu dinheiro de volta porque o pedido negação chegou e negação fizeram a devolução do dinheiro,"quero, meu, porque","0.2614, 0.2188, 0.1559",negative
Loja muito ágil para envio do produto Produto esse que superou as expectativas,"muito, á, para","0.139, 0.1127, 0.0942",positive
Poderia ser numero estrelas mas pelo fato do vidro do piano estar rachado negação vou poder dar as numero estrelas,"vou, poder, ##do","0.2115, 0.1818, 0.1738",negative
Adorei compro novamente,"##rei, novamente, compro","0.2374, 0.2333, 0.1919",positive
comunico aos responsáveis que só recebe um kit dos dois kits que comprei do produto peço humildemente que me envie o outro pois eu paguei pelos dois,"##mente, ##o, ##ço","0.3308, 0.2723, 0.2705",negative
Ótimo produto eu recomendo,"produto, ##timo, recomend","0.3475, 0.251, 0.2172",positive
so negação dei cinco estrelas porque eu queria comprar uma tigela com tampa e o frete é mais caro que o produto por isso negação recomendo,"negação, ##o, dei","1.0302, 0.6503, 0.4615",negative
Ótimo produto mais o manual deveria vir em português tb,"produto, ##timo, mais","0.5562, 0.3728, 0.2002",positive
 negação chegou,"chegou, negação","0.6493, 0.1309",negative
Lindo bem resistente e macio,"##o, e, resistente","0.6901, 0.5637, 0.5423",positive
Nunca mais vou comprar pelas lojas lannister,"mais, pelas, comprar","0.6829, 0.4241, 0.3822",negative
Amei o produto e chegou bem antes do prazo,"##i, o, do","0.2609, 0.1021, 0.0992",positive
amei e ainda veio antes do prazo,"do, antes, ##i","0.4055, 0.3667, 0.3569",positive
Comprei dia numero numero prazo para entrega até o dia numero numero O prazo venceu há dois dias e o produto está no Correio de Belo Horizonte MG ou seja ainda vai demorar vários dias para ser entregue Nota zero,"zero, Nota, há","2.61, 0.755, 0.3628",negative
ndr,"##d, ##r, n","0.5094, 0.5009, 0.0684",positive
Preciso que devolvam meu dinheiro Pedi um produto é veio outro,"##o, ##i, ##vam","0.2242, 0.2023, 0.1978",negative
O produto ainda negação chegou e eu queria saber se ainda tem chances dele chegar Caso negação gostaria de exigir o reembolso,"e, ##so, ainda","0.1057, 0.1056, 0.0937",negative
Muito bom o produto e a entrega melhor ainda,"ainda, bom, o","0.2792, 0.2494, 0.2269",positive
comprei numero e só recebi um,"receb, ##i, ##i","0.1495, 0.1336, 0.1335",negative
Bom produto Atende as expectativas Igual ao anunciado,"produto, ##l, Igua","0.2909, 0.2768, 0.2083",positive
entre em contato com a lannister e estou no aguardo de uma resposta o mais breve possivel sobre pravisão de chegada do produto,"do, ##o, de","0.3473, 0.2546, 0.2544",negative
Produto chegou antes do previsto Ótimo acabamento preço acessível atendeu as expectativas com relação a treinamento,"acabam, atende, ##timo","0.1283, 0.0983, 0.088",positive
recomendadíssimo,"##d, ##íssimo, recomenda","0.3313, 0.2171, 0.0293",positive
chegou bem antes do prazo,"do, bem, antes","0.5123, 0.4776, 0.3289",positive
Bolsa mais bonita do que a foto Material de couro legítimo,"do, ##a, Mater","0.4907, 0.3278, 0.3126",positive
Fiquei muito triste pq pedi um relógio negação tinha cancelei meu pedido e mesmo assim mandaram outro Detalhe já tinha dito que negação queria outro modelo resumindo pedi extorno de cartão,"p, ##no, triste","0.5018, 0.2664, 0.2014",negative
Conforme descrito no site,"descrito, no, site","0.3056, 0.2921, 0.108",positive
Odorei o produto obg,"##ore, ##g, ##i","1.422, 1.2977, 0.9687",negative
Eu gostei muito eu recomendo,"##te, ##o, gos","0.1978, 0.1548, 0.1504",positive
Gostei muito cores lindas O produto vem em madeira leve e parece que é um material tipo contact Leve como uma placa Mas muito bonito,"muito, ##te, bonito","0.4213, 0.3652, 0.2926",positive
Meu pedido foi de numero produtos Dois lençóis casal com elástico Porém no ato da entrega recebi apenas um deles Solicito que seja verificado pois paguei pelos dois,"##to, ##ue, ##i","0.1198, 0.1097, 0.0927",negative
produto entregue pelos correios que negação atualizou status de rastreamento e nem entregou produto,"pelos, produto, entregue","0.176, 0.1705, 0.1421",negative
Adorei foi exatamente oque eu esperava,"##rei, foi, o","0.2752, 0.231, 0.1664",positive
Entrega antes do prazo Único problema é cobrar frete mas a retirada do produto é no correio negação entregam em casa,"do, ##nico, do","0.3656, 0.2409, 0.2297",positive
Recebi um produto que negação tinha nada haver com o que eu escolhi totalmente diferente estava contando com o jogo de tapetes para enfeitar minha casa para receber toda família no Natal,"##bi, estava, tinha","0.9154, 0.7, 0.6401",positive
Ótimo produto Bem embalado Entrega antecipada da data marcada o que foi muito bom Obrigada Bom Natal,"produto, ##timo, ##ada","0.1378, 0.1174, 0.0896",positive
Fui enganado por vocês é pelo stark É agora querem que eu pague por algo que negação foi entregue Golpistas Aqui se faz aqui se paga É um dia vocês vão pagar por sua maldade,"##r, ##ado, ##tas","0.1863, 0.1426, 0.1237",negative
muito o serviço posso recomendar,"o, recomenda, posso","0.4297, 0.3478, 0.2742",positive
O produto chegou rasgado,"##gado, ras, chegou","0.9567, 0.6659, 0.6067",negative
 negação gostei pois me mandaram um produto perto e vencer o prazo de validade Recedi o produto de numero kg no final do mês de abril com a validade para vencer agora no mês de julho Gostaria de efetuar troca,"##te, gos, ##di","0.3565, 0.2092, 0.1819",negative
Ok,Ok,0.0186,positive
 negação Recomento vendem produtos indisponivel no estoque Depois temos que esperar a boa vontade do estorno,"do, a, ##r","0.1933, 0.1575, 0.1526",negative
Os detalhes dos quadros são lindos super bem feitos e acabados amei,"##i, ##s, feitos","0.151, 0.1449, 0.1194",positive
Inferior,"##ior, Infer","1.2359, 0.1331",negative
Produto maravilhoso recebi antes do prazo Tudo muito bem embalado,"##o, ##to, Tudo","0.1101, 0.0887, 0.0768",positive
GOSTEI MUITO,"##TE, ##OS, ##I","0.338, 0.2108, 0.2024",positive
Olá o produto veio com o conctor faltando Por favor podem me enviar Aguardo,"##ndo, ##tor, falta","0.2816, 0.2759, 0.2078",negative
Muito bom entregar antes do prazo,"entregar, bom, do","0.2862, 0.2703, 0.2368",positive
Produto bom e dentro do prazo,"e, bom, do","0.412, 0.1932, 0.1918",positive
Comprei também uma resistência avulsa para o chuveiro no site lannister com br Pode ser de outra loja no site marketplace Mas este produto negação recebi ainda,"av, ##uls, ##a","0.4404, 0.3242, 0.2985",negative
 negação recebi meu produto e nem tive um retorno sobre isso,"##i, sobre, receb","0.1058, 0.1006, 0.0989",negative
Otimo,"##timo, O","0.2645, 0.0312",positive
Satisfeita,"##eita, ##isf, Sat","0.734, 0.5126, 0.0478",positive
Superou minhas expectativas no prazo de entrega Super recomendo lojas lannister toppp,"##ou, ##o, ##pp","0.1341, 0.1262, 0.1143",positive
pois era pra entregar previsão para dia data já esta quase chegando a fatura e o produto negação chegou ate hoje nunca comprei um produto pela internet pra demorar desse tanto,"e, ate, chegou","0.0611, 0.0609, 0.0601",negative
Entrega antes do prazo Produto de qualidade Adorei,"##rei, Ado, ##ga","0.1316, 0.1289, 0.0993",positive
muito bom,"bom, muito","0.2269, 0.0249",positive
Uma coligação de MERDAS ninguém da satisfação e solução aos problemas DESCASO TOTAL,"de, da, ##DA","0.1778, 0.1045, 0.1024",negative
Demorou um pouco mas chegou,"##orou, um, pouco","0.4396, 0.3017, 0.2535",positive
boa noite recebi o tecnico instalou dia data e hoje dia data a placa queimou e agora o que que eu faço o produto foi instalado seguindo toda a orientação técnica recomendada,"##ou, queim, toda","0.3113, 0.2035, 0.192",negative
Adorei porém a aste do piercing muito grande de resto tudo muito lindo,"de, a, ##rei","1.0484, 0.6514, 0.6317",positive
Recebemos apenas uma luminária e o pedido era duas Estamos aguardando resposta da loja,"##be, uma, era","0.0955, 0.0917, 0.0809",negative
Ola negação recebi meu produto e nem código de rastreio ou se foi postado quero meu dinheiro de volta para comprar o produto aguardo retorno,"negação, receb, ##o","0.4086, 0.1664, 0.1572",negative
Difícil diálogo com vendedor,"##l, com, ##íci","0.6105, 0.3647, 0.3606",negative
amei o produto super fácil de manusear e a lannister está de PARABÉNS pois chegou BEM ANTES do prazo,"de, ##i, fácil","0.2001, 0.1622, 0.1239",positive
Ótimo,"##timo, Ó","0.4036, 0.036",positive
Em numero numero recebi email do marketplace stark informando que o lojista negação poderá atender ao pedido pois negação há estoque disponível e realizariam o cancelamento e reembolso o que ainda negação ocorreu,"##so, ##i, ##l","0.1691, 0.1623, 0.1261",negative
Entrega super rápido Produto bom,"rápido, Produ, ##ga","0.336, 0.3114, 0.2904",positive
Produto chegou além do prazo estipulado Devido a este fato precisei comprar outro celular para presentear meu Pai no Matal pois o mesmo precisava ser entregue em mãos no Rio Grande do Sul,"além, do, a","0.2304, 0.2227, 0.1616",positive
chegou bem antes do prazo direitinho,"do, ##nho, bem","0.1186, 0.1132, 0.1125",positive
Comprei outros dois produtos e chegaram Agora o Mobile até hj nada,"até, Agora, nada","0.222, 0.1655, 0.1286",negative
Até agora estou aguardando a entrega da mercadoria empresa negação cumpriu com a data,"##ndo, ##ia, da","0.1098, 0.1032, 0.1016",negative
Recebi por enquanto apenas um jogo de lencol Jogo de Lençol Casal King Imperial numero Peças Percal numero Fios Ponto Palito Caqui,"##bi, apenas, por","0.2212, 0.1892, 0.18",negative
Estou satisfeita com o atendimento e com a pontualidade da entrega Parabéns,"##eita, ##ou, com","0.1643, 0.1043, 0.096",positive
acabei de usar uma bateria está tudo perfeito obrigada,"obrigada, perfeito, ##ei","0.3488, 0.1735, 0.1604",positive
Excelente Tudo em perfeita ordem,"ordem, ##ente, perfeita","0.1876, 0.1689, 0.1649",positive
Tudo ocorreu de forma eficiente,"ocorreu, de, eficiente","0.3206, 0.2622, 0.1833",positive
 negação recomendo esse produto Ele é simplesmente péssimo ou veio com defeito É muito frágil e o som é muito baixo negação gostei,"##imo, ##o, é","0.1051, 0.0826, 0.0805",negative
Pedi dois tapetes mas só chegou um Estou aguardando chegar o outro Espero q chegue logo O q devo fazer,"##i, dois, ##tes","0.5961, 0.4194, 0.261",negative
Recebi fora do prazo mas em bom funcionamento O produto é um pouco barulhento porém gela rapidamente,"##bi, fora, do","0.3999, 0.2833, 0.2492",negative
Entrega antes do prazo,"do, ##ga, antes","0.4849, 0.4485, 0.3399",positive
muito bom e seguro comprar aqui,"e, bom, comprar","0.1871, 0.1861, 0.161",positive
Preciso saber da data de entrega pois até agora negação recebi,"##o, ##i, da","0.3119, 0.2767, 0.2126",negative
ótima loja comprei a carteira na cor marrom mas a loja entrou em contato e avisou que a marrom estava com defeito e que teria a preta aceitei a preta Precisamos de lojas mais competentes cm essa,"loja, compre, ##i","0.869, 0.4725, 0.2824",positive
Estou aguardando o meu produto chegar preciso para dia numero é presenta HOJE É DIA numero O PRAZO ERA DIA numero O QUE ESTÁ HAVENDO,"H, ##enta, ##ndo","0.6095, 0.4877, 0.4389",negative
 negação gostei do acabamento produto de péssima qualidade,"##ima, ##te, qualidade","0.2988, 0.2263, 0.2088",negative
Produto conforme descrito entregue no prazo,"entregue, descrito, no","0.3481, 0.3332, 0.2255",positive
Demora pra entregar,"##ora, pra, entregar","0.4589, 0.4275, 0.2822",negative
parabéns pela competência,"pela, ##éns, ##b","0.1949, 0.1782, 0.14",positive
estou insatisfeita em relação a entrega que negação foi entregue ainda já paguei a parcela do produto e negação o recebi ainda,"##eita, insatisf, foi","0.3099, 0.1718, 0.1556",negative
Primeira vez que compro e o pedido veio certo funcionando e dentro do prazo,"funcionando, e, vez","0.3391, 0.3092, 0.2824",positive
 negação recebi o produto até o momento Estou no aguardo de um retorno,"##i, receb, ##o","0.177, 0.1374, 0.1322",negative
o produto só foi entregue bem fora do prazo,"do, foi, bem","0.6188, 0.578, 0.3955",negative
Gostei muito Muito útil na cozinha,"na, útil, ##te","0.2632, 0.2126, 0.2105",positive
Produto lindo ótimo material muito feliz com minha compra,"com, ##to, material","0.1276, 0.0954, 0.0951",positive
Cegou antes do prazo,"do, ##gou, antes","1.0557, 0.9628, 0.6653",positive
Produto chegou com a embalagem em péssimo estado faltando componentes para montagem e danificado negação recomendo,"##imo, ##to, ##ificado","0.0806, 0.0759, 0.067",negative
Chegou antes do previsto amei o produto,"##i, antes, ame","0.2018, 0.1882, 0.1455",positive
Muito boa a qualidade do produto gostei recomendo,"##te, a, boa","0.1484, 0.1445, 0.14",positive
Tudo correu bem a entrega foi rápida o produto veio bem embalado no entanto a cor negação foi a que eu pedi Acabei ficando com ela mesma,"foi, bem, correu","0.3017, 0.2998, 0.279",positive
Lindas bonecas com um cheirinho sensacional,"##iri, ##s, ##nho","0.2579, 0.2313, 0.1765",positive
ótimo produto bom preço e a entrega excelente como sempre As lannister e seus parceiros são os melhores,"produto, e, bom","0.2399, 0.1322, 0.0981",positive
Produto negação funciona e sem manual de instrução,"e, funciona, ##to","0.1545, 0.1515, 0.1418",negative
Produto veio faltando duas peças e eu pedi a troca e até agora nada nem resposta,"##to, ##ndo, falta","0.0901, 0.0774, 0.0734",negative
Chegou bem antes Estão de parabéns,"bem, Estão, ##éns","0.1044, 0.0877, 0.0754",positive
Ainda negação recebi produto e já enviei mensagem para a loja sobre tal situação Estou aguardando resposta Sempre comprei na loja e nunca tive problema espero que agora resolvam a situação,"##i, receb, negação","0.0784, 0.0704, 0.068",negative
Chegou bem antes do prazo Super recomendo Adorei Muito bem embalado,"bem, ##o, Muito","0.0827, 0.0757, 0.0753",positive
produto de qualidade,"de, qualidade, produto","0.4483, 0.2477, 0.0478",positive
lannister Show,"Show, ##ter, ##nis","0.5212, 0.4611, 0.4362",positive
Capas excelentes Recomendo,"Rec, ##s, ##ome","0.339, 0.2222, 0.1714",positive
Produto arranhado,"##hado, ##to, arran","1.9683, 0.715, 0.6097",negative
Produto melhor do que eu esperava Chegou antes do prazo cabe em qualquer lugar negação toma espaço nenhum Amamos,"##mos, do, ##to","0.127, 0.1162, 0.091",positive
 negação sei pois negação recebi o produto,"##i, receb, pois","0.1679, 0.1487, 0.1442",negative
O produto veio bem embalado e corretamente conforme anúncio Recomendo,"conforme, embal, bem","0.162, 0.1306, 0.1257",positive
produto de excelente qualidade loja responsavel cumpriu o prazo determinado,"qualidade, ##u, loja","0.1377, 0.1116, 0.0981",positive
Excelente em tudo sem reclamações,"##ente, em, sem","0.1963, 0.1122, 0.1044",positive
Chegou atrasado mais se desculparam e fizeram a entrega,"##param, e, ##ado","2.1341, 1.0011, 0.8647",negative
Só foi entregue pelo correio o kit com as numero mamadeiras a saia do berço realeza negação foi entregue até o momento Já tive problema com este parceiro targaryen nas compras que fiz pelas lojas lannister,"foi, com, pelo","0.5081, 0.3543, 0.3389",negative
Excelente produto,"##ente, produto, Excel","0.3821, 0.2627, 0.025",positive
Chegou na data correta Produto como esperado,"Produ, na, correta","0.3223, 0.2597, 0.1887",positive
O produto tem um pequeno defeito e eu solicitei a troca Estou aguardando instruções,"##ito, defe, Est","0.3188, 0.2596, 0.2201",negative
 negação recebi o produto Acionarei a justiça comum caso a lannister negação resolva,"##i, comum, receb","0.141, 0.109, 0.1055",negative
Recomendo entrega super rápida,"rápida, ##ndo, super","0.3193, 0.2654, 0.2647",positive
Produto conforme solicitado,"solic, ##itado, ##to","0.3544, 0.2896, 0.2029",positive
Muito bom o produto,"bom, o, produto","0.2754, 0.2668, 0.1267",positive
A extensão enviada negação é a mesma da imagem,"enviada, negação, é","0.662, 0.5599, 0.4978",negative
O produto chegou bem antes do prazo veio bem lacrado e bem direitinho adorei,"bem, ##rei, veio","0.0964, 0.0859, 0.0823",positive
Muito Bon Chegou no prazo,"Chegou, Bon, no","0.3354, 0.3182, 0.2939",positive
Previsão de entrega até numero numero recebi em numero numero excelente,"de, ##visão, ##i","0.1873, 0.1315, 0.1186",positive
Comprei e paguei por numero produtos mas somente recebi numero,"receb, ##i, ##ue","0.1846, 0.1623, 0.156",negative
Comprei de presente para minha filha ela gostou muito É um produto muito fácil de montar Chegou dentro do prazo,"de, muito, do","0.2749, 0.2175, 0.1756",positive
comprei dois cartuchos de impressora que vieram embolorados e falsificados e agora,"##ora, ##ificados, ##i","0.192, 0.1671, 0.1462",negative
Entrega muito rápida,"rápida, ##ga, muito","1.0455, 0.8327, 0.63",positive
A loja vende um produto muito caro mas a qualidade é péssima,"##ima, é, mas","0.2134, 0.1341, 0.0969",negative
Adorei o sling Produto ótimo,"##rei, o, Produ","0.2219, 0.1736, 0.1071",positive
Pelo valor dele eu esperava um produto melhor,"um, dele, melhor","0.3278, 0.1715, 0.1641",negative
Produto entregue dentro do prazo conforme especificações,"do, dentro, ##ções","0.277, 0.274, 0.2399",positive
A entrega foi realizada antes do prazo,"do, antes, foi","0.5076, 0.3473, 0.2835",positive
Capa com bom acabamento e material resistente Valeu a pena adeus poeira,"##us, Vale, acabam","0.7499, 0.4498, 0.4156",positive
o produto entregue é diferente da foto vem com elástico e sem buraco para entrar queria devolver,"para, da, é","0.432, 0.3396, 0.3236",negative
muito prestativo,"##ta, pres, ##tivo","0.3239, 0.2981, 0.1796",positive
Mau atendimento recebi o aviso da mercadoria no último dia do prazo dos correios,"atendimento, receb, ##i","0.4304, 0.3029, 0.2464",negative
N recebi a mercadoria,"##i, receb, ##ia","0.3513, 0.3196, 0.2743",negative
 negação esta sendo eficiente me deram um prazo de entrega e ate agora nada,"me, esta, e","0.1946, 0.1488, 0.1385",negative
 negação recebi o produto até o momento Segundo o site está entregue Mas entregue à quem Eu negação recebi Pelo rastreio aparece PARADO nos correios do Rio de Janeiro Aguardo retorno,"##ardo, ##DO, retorno","0.1425, 0.1259, 0.1173",negative
O produto entregue foi muito inferior ao da foto demonstrativa do anúncio DEVOLVI,"ao, foi, ##VI","0.1922, 0.1429, 0.1054",negative
Muito bem atendida chegou antes do prazo,"bem, antes, ##dida","0.1578, 0.1489, 0.141",positive
comprei e recebi,"##i, ##i, e","0.771, 0.5181, 0.2949",positive
Infelizmente já comprei muitos produtos mais dessa vez me sinto insatisfeito com a demora da entrega é com a comunicação para resolver esse problema tanto pelo telefone com pela internet,"já, ##eito, ##ra","0.1638, 0.1455, 0.0944",negative
ainda está dentro do prazo,"do, está, dentro","0.4458, 0.4007, 0.3158",negative
Super indico empresa top,"indic, top, ##o","0.2826, 0.2355, 0.2326",positive
Produto negação foi entregue Sem resposta das lojas lannister e sem respostas da empresa responsável apesar de ter entrado em contato,"##to, foi, Sem","0.0935, 0.0895, 0.0849",negative
Entrega no prazo bem embalada produto correto estou muito satisfeito,"##eito, estou, satisf","0.1868, 0.1538, 0.1392",positive
Quero o produto que comprei Paguei pelo amarelo e pelo acgua numero produtos diferentes pela cor Me enviaram numero Acqua,"##o, ##i, ##qua","0.2055, 0.1212, 0.1189",negative
Excelente,"##ente, Excel","0.384, 0.0447",positive
Muito boa compra,"boa, compra, Muito","0.2437, 0.226, 0.0268",positive
O produto é excelente,"é, excelente, produto","0.3516, 0.3284, 0.226",positive
Gostei dos produtos e do prazo de entrega,"##te, ##i, dos","0.5109, 0.3109, 0.1481",positive
Entrega no prazo e produto de qualidade,"##ga, e, no","0.3262, 0.2543, 0.2402",positive
Comprei numero cartuchos recebi apenas numero unidades após o prazo de entrega e ate hoje estou tentando entrar em contato para uma solução mas sem sucesso,"##rei, numer, ##i","0.0652, 0.0617, 0.0563",negative
Paguei mais caro e esperei mais tempo pra receber escovas Dourada e Branca No fim das contas recebi numero escovas ROSA,"e, ##gue, caro","0.9528, 0.6164, 0.5964",negative
Pedi uma navalha dourada e veio outra A nota fiscal é do produto certo,"fiscal, é, ##i","1.5749, 1.0294, 0.7933",negative
Muito bom obrigado e bom de mais,"bom, e, obrigado","0.1911, 0.1795, 0.1168",positive
produto de acordo com as expectativas,"com, de, acordo","0.3064, 0.2702, 0.1202",positive
demorou mto pra fazer a entrega,"m, ##to, pra","0.5692, 0.3315, 0.2381",negative
Gosto da loja mas deveriam especificar melhor os produtos toalhas muito fina,"especifica, ##r, ##to","0.381, 0.366, 0.3514",negative
Excelente o produto veio antes do prazo e eu ameii do jeito que imaginei,"que, ##ente, jeito","0.3172, 0.1625, 0.1239",positive
Entrega antes do prazo Recebi o produto em numero dias,"do, o, ##bi","0.3142, 0.2652, 0.2533",positive
muito bom tudo certinho,"bom, tudo, cer","0.2561, 0.2454, 0.203",positive
excelente,excelente,0.0712,positive
Entrega realizada antes do prazo,"do, antes, ##ga","0.4524, 0.377, 0.3047",positive
otimo produto,"##o, produto, otim","0.5759, 0.1849, 0.0283",positive
A capa veio com as tiras abaixo do local indicado na foto,"do, veio, com","0.2934, 0.2435, 0.2188",negative
Tudo nos conformes entrega muito rápida Estou satisfeito,"##eito, Est, ##s","0.3307, 0.2009, 0.1653",positive
Produto veio certinho e no prazo,"##tinho, cer, e","0.4764, 0.4299, 0.355",positive
produto entregue antes do prazo,"do, antes, entregue","0.6798, 0.5344, 0.4936",positive
Extremamente satisfeita Recebi meu pedido duas semanas antes do prazo previsto,"antes, previsto, do","0.7441, 0.3698, 0.3606",positive
Gostei porém diz que eh pra varao de numero metros e na vdd é menor,"diz, ##te, ##i","0.3272, 0.3266, 0.2511",negative
Excelente compre um produto e recebi outro mais atualizado,"##ente, compre, um","0.5291, 0.282, 0.2043",positive
Entrega dentro do prazo Tudo correto,"do, ##ga, correto","0.2572, 0.2484, 0.2402",positive
muito bom,"bom, muito","0.2269, 0.0249",positive
tudo correto certinho,"cer, correto, ##tinho","0.546, 0.5306, 0.4771",positive
O produto negação vale o preço cobrado O material do fone é de baixa qualidade com exceção do som que é muito bom,"do, bom, o","0.1927, 0.1873, 0.1812",negative
Ainda negação recebi meu produto negação conseguem me informar onde está e ja demorou demais p chegar,"demais, p, demorou","0.139, 0.0981, 0.0944",negative
já tem mais de um mês que efetuei a compra e ainda o produto negação chegou,"que, chegou, e","0.0924, 0.089, 0.0889",negative
otima,"##a, otim","0.5779, 0.0485",positive
bom d,"d, bom","0.2251, 0.0222",positive
O produto negação atendia as minhas necessidades Pedi cancelamento e mesmo assim o produto veio obrigando me a ficar com ele Mas tudo bem,"##i, e, bem","0.4686, 0.3969, 0.3492",negative
Entregue antes do prazo,"##gue, do, antes","0.46, 0.4371, 0.3778",positive
bom,bom,0.0152,positive
Muito bom essa loja Parabéns,"essa, bom, loja","0.2119, 0.1805, 0.1154",positive
efetuei a compra e recebi os produtos errados entrei em contato e negação foi resolvido o problema jamais comprarei ou indicarei a alguém que compre neste site pois negação é de confiança,"##s, o, ##ei","0.1351, 0.0824, 0.08",negative
Produto chegou em uma semana embalagem bem protegida e tudo de ótima qualidade,"qualidade, de, ##to","0.1121, 0.0883, 0.0844",positive
 negação posso avaliar o produto pois ainda negação usei mas os prazos foram cumpridos na entrega,"##dos, o, cumpri","0.3142, 0.2053, 0.1884",positive
gostei muito a loja até me mandou uma caneta de brinde,"##te, ##i, a","0.5841, 0.2811, 0.2366",positive
Relógio muinto bonito bom custo benefício recomendo,"bonito, ##into, ##o","0.1863, 0.1482, 0.1441",positive
o produto ainda negação chegou apenas a nota fiscal,"apenas, chegou, fiscal","0.2955, 0.2757, 0.2049",negative
O produto veio com uma qualidade bem inferior em relação aos brinquedos que compro na loja negação gostei da qualidade do brinquedo e negação recomendaria a compra na loja virtual só na fisica,"em, bem, ##te","0.347, 0.2618, 0.204",negative
Recebi no prazo e a mercadoria sem defeito,"##ito, defe, ##ia","0.9246, 0.4198, 0.3839",positive
Produto muito bom transportadora sem palavras Entregaram muito rápido,"transpor, bom, Entre","0.2039, 0.1587, 0.1306",positive
O produto ainda negação foi entregue Aguardo contato do SAC,"contato, ##ardo, Agu","0.3004, 0.2665, 0.199",negative
Tudo ol,"ol, Tudo","0.5305, 0.0606",positive
Fornecedor honesto pontual mercadoria de ótima qualidade Recomendo a todos,"qualidade, ##ne, Rec","0.0836, 0.0782, 0.0742",positive
Produto veio corretamente em um prazo muito rápido Indico mil vezes,"Ind, muito, em","0.1654, 0.1388, 0.1322",positive
tive q passar a manha no correio mas ta ok,"##e, o, ta","0.2857, 0.2494, 0.2407",positive
,,,positive
Chegou antes do prazo bem embalado igual do anuncio Recomendo,"antes, bem, do","0.0892, 0.0842, 0.079",positive
Muito bom esse produto,"bom, esse, produto","0.2918, 0.2584, 0.2098",positive
Excelente vendedor rápido no envio do produto com certeza farei mais compras neste vendedor,"##ente, vende, no","0.2364, 0.1387, 0.0802",positive
As tesouras vieram soltas na bolsinha então ficaram arranhadas mas as tesouras são muito boas só mesmo acho que colocar algo pra elas negação caírem e uma esponja entre elas pra negação ter arranhões,"só, que, mesmo","0.2913, 0.2206, 0.2187",positive
Quero saber o que aconteceu com a minha entrega o prazo ja passou e negação tive satisfacao dos responsaveis,"##ca, o, tiv","0.0793, 0.0769, 0.0689",negative
ótimo produto de qualidade fácil instalação e com proteção de qualidade IP numero,"produto, instalação, numer","0.1247, 0.0786, 0.0742",positive
É uma loja de confiança compro há muitos anos,"compro, há, de","0.3743, 0.2989, 0.2559",positive
muito bom chegou tudo direitinho Obrigada,"bom, chegou, ##da","0.1631, 0.1607, 0.1602",positive
Escolhi a luminária comprei e como é usual já esperava receber no prazo máximo Na verdade achei que era até um engano quando recebi poucos dias depois da compra e tudo conforme combinado no pedido,"##o, ##l, ac","0.9658, 0.7079, 0.5087",negative
Recebi a cortina está como pedi mas ainda negação instalei,"instal, ##ei, ##bi","0.4113, 0.3925, 0.3807",positive
Previsto para chegar numero numero mas já está em minhas mãos Apesar de achar que eles jogam o prazo lá pra cima foi tudo realmente rápido pois entre o pedido e a entrega foram exatamente numero dias,"de, rápido, pois","0.302, 0.2492, 0.2139",positive
stark Excelente já o produto adquirido esse boneco do autêntic games um belo lixo numero conto em um boneco de pano frágil e sem graça,"##ente, numer, esse","1.0963, 0.8696, 0.8557",positive
Adoreiii numero,"##rei, ##ii, numer","0.2396, 0.183, 0.1541",positive
demora na entrega do produto,"##ra, do, na","0.4403, 0.2769, 0.2232",negative
Produto original é um ótimo atendimento,"atendimento, é, ##to","0.456, 0.4302, 0.1957",positive
nada a acrecentar,"##enta, a, ##rec","1.5876, 1.0475, 0.9769",positive
Pelo preço está mais do que ótimo A costura e detalhes sao bons o tamanho é bom Vieram em cores sortidas e negação repetidas São confortáveis de se enxugar,"A, está, mais","0.2846, 0.1937, 0.1745",positive
Mais uma vez a empresa falida correios falhou na entrega prejudicando assim a loja e o cliente Precisamos escolher outras formas de envio urgente,"##amos, ##ida, na","0.2141, 0.2087, 0.1939",negative
adorei,"##rei, ado","0.2644, 0.0189",positive
Bom mas parece ser muito áspero pode machucar um bebê,"mas, ##pero, pode","0.33, 0.2707, 0.2106",negative
Muito bom o produto e me entregaram antes do prazo,"bom, o, do","0.2134, 0.1922, 0.1122",positive
eu recebi a chopeira na quinta feira na sexta feira testei ela a torneira está vazando e estufou a madeira embaixo como faço,"##ando, ##fo, ##i","0.7017, 0.4836, 0.4177",positive
Muito bom,"bom, Muito","0.2464, 0.0155",positive
Tudo certo na entrega é produto muito bom recomendo,"na, certo, recomend","0.2431, 0.2217, 0.1583",positive
Entregou dentro do prazo e o produto correspondeu as minhas expectativas muito lindo ficou ótimo na minha sala rs,"na, ##s, ##do","0.1496, 0.0969, 0.0947",positive
Me sinto lesado pois comprei uma cascata e recebi outra é isso é propaganda enganosa você coloca uma foto de um cascata e entrega outra quero o devolver ou troca pela a que comprei ou meu dinheiro de,"##ado, ##osa, les","0.1136, 0.091, 0.0659",negative
Lavabo bem bonito e igual a descrição veio com uma mancha bem pequena mas nada que seja um problema recomendo,"##ha, com, ##bo","0.3588, 0.2262, 0.2108",positive
Chegou antes até do prazo,"antes, até, do","0.4359, 0.4112, 0.2778",positive
Muito bom produto recomendo,"bom, produto, recomend","0.1829, 0.1654, 0.1587",positive
OTIMO,"##M, ##TI, ##O","0.5671, 0.2471, 0.2367",positive
O produto negação é original negação consigo usar ele carrega e quando vou usá lo está descarregado Horrível o produto,"o, ##rível, é","0.1195, 0.0844, 0.0844",negative
Linda bolsa,"bolsa, Linda","0.451, 0.0349",positive
Muito bom confiavel,"##vel, bom, confia","0.3717, 0.3522, 0.3359",positive
Ótimo produto eu recomendo,"produto, ##timo, recomend","0.3475, 0.251, 0.2172",positive
Foi entregue bem antes da data prevista,"da, entregue, antes","0.4759, 0.4133, 0.3835",positive
bem rapido a entrega e bom comprar com vcs,"##ido, rap, comprar","0.2584, 0.2563, 0.2052",positive
Confio nas Lojas lannister Obrigado,"##io, ##do, Loja","0.4062, 0.2564, 0.1973",positive
a parte dourada do relógio veio com uma pequena mancha,"##ha, com, manc","0.3626, 0.2232, 0.206",negative
Entrega muito rápida,"rápida, ##ga, muito","1.0455, 0.8327, 0.63",positive
tudo certo produto dentro do padrao,"produto, certo, ##ra","0.3884, 0.3285, 0.2915",positive
Muito bom,"bom, Muito","0.2464, 0.0155",positive
 numero,"##o, numer","0.3877, 0.0204",positive
Mesmo com a paralisação o produto chegou antes do previsto E vieram sem nenhum problema,"##ação, com, o","0.408, 0.2284, 0.1806",positive
O produto chegou antes do prazo porém veio bem sujo e manchado,"##o, ##hado, veio","0.7363, 0.4745, 0.4551",negative
Serve direitinho no aparelho,"##e, ##nho, ##iti","0.4168, 0.3588, 0.3432",positive
 negação recebi o meu produto e gostaria de saber porque,"receb, ##i, de","0.1547, 0.1352, 0.1039",negative
nota mil entrega certa e antes do prazo parabéns lojas lannister,"mil, lojas, e","0.0948, 0.0907, 0.0788",positive
comprei uma bateria numero v xb numero e recebi uma xb numero AL de amperagem menor que a efetivamente comprada,"##gem, ##era, ##i","0.0988, 0.0974, 0.089",negative
Muito bom,"bom, Muito","0.2464, 0.0155",positive
Chegou tão rápido que nem deu tempo de receber o email confirmando o pagamento,"que, tão, deu","0.5433, 0.4009, 0.3301",positive
Muito bom o produto e o atendimento,"bom, o, e","0.2333, 0.2186, 0.0908",positive
Adorei entrega rápida e mercadoria certa,"##rei, entrega, e","0.3375, 0.2732, 0.2107",positive
O produto chegou bem antes da data prevista,"da, bem, antes","0.4393, 0.3962, 0.3209",positive
O produto esquenta bastante instruções para instalação em inglês tive dificuldades na instalação,"##nta, instruções, bastante","1.6695, 1.0027, 0.9391",positive
gostei chegou certo,"##te, ##i, certo","0.6259, 0.2865, 0.2821",positive
PRODUTO DE QUALIDADE ADOREI,"##RE, ##I, ##DO","0.3719, 0.2024, 0.1299",positive
Muito bonita,"bonita, Muito","0.2864, 0.0227",positive
O produto é inferior ao anunciado baixa qualidade,"baixa, ao, qualidade","0.3324, 0.2659, 0.1965",negative
Produto de ótima qualidade entregue dentro do prazo desejado,"qualidade, ##to, entregue","0.1284, 0.0954, 0.0889",positive
Produtos com qualidade entregues antes do prazo,"entregues, ##tos, antes","0.1594, 0.159, 0.144",positive
Ainda esta no prazo para entrega,"esta, para, no","0.5181, 0.4585, 0.4208",negative
A entrega foi rápida e o produto é muito bom,"e, bom, foi","0.3748, 0.2271, 0.2231",positive
Tudo certo Obrigado,"certo, Ob, ##do","0.2751, 0.2564, 0.1817",positive
O PRODUTO CHEGOU TODO AMASSADO TÃO AMASSADO QUE VINCOU O ADESIVO E IMPOSSIBILITOU O USO DO PRODUTO PÉSSIMO,"##IL, ##E, AM","0.6442, 0.5374, 0.4476",negative
tudo conforme o combinado Obrigada,"o, conforme, ##da","0.2116, 0.1979, 0.185",positive
Pena que foram só seis garrafas,"que, foram, ##fas","0.5605, 0.2341, 0.2275",positive
O Aparelho é bom só faltou o fio que liga na eletricidade vc tem que comprar Paguei caro e tenho ainda que comprar fio,"só, ##tou, fal","0.1892, 0.1668, 0.1434",positive
Ainda negação recebi,"##i, receb, negação","0.5791, 0.401, 0.3014",negative
Eficiente transferência e muita informação perfeita gostei muito e vou voltar a comprar em breve muito obrigado,"##te, transferência, gos","0.1418, 0.1366, 0.1152",positive
Excelente produto entregue pela porcaria do correio brasileiro Privatização já,"do, ##ente, pela","0.7348, 0.6259, 0.536",positive
 negação recebi o produto ainda,"##i, receb, ainda","0.2212, 0.205, 0.1913",negative
Entregou em perfeito estado e antes do prazo mto bom,"estado, ##gou, ##to","0.1766, 0.1506, 0.1203",positive
Comprei numero cartuchos com o mesmo vendendor e só recebi um Sei que pode ser entregue separadamente Mas negação consigo rastrear o outro produto que negação chegou pois aparece que toda a compra foi entregue,"##r, vendendo, e","0.4194, 0.2285, 0.2011",negative
Mercadoria certa entregue no prazo combinado Grata,"##ta, entregue, no","0.3526, 0.2264, 0.2063",positive
Veio uma falsificaçao do Moto G numero plus com o lacre da caixa rompido sem manual sem termo de garantia da Motorola selos da anatel falsos IMEI clonado design do celular todo errado negação recomendo,"##o, ##ifica, ##o","0.0767, 0.0736, 0.0667",negative
Entrega feita bem antes do prazo Muito bom,"bom, ##ga, antes","0.2774, 0.1637, 0.1572",positive
Cumpriu com perfeição,"##ção, ##ri, ##mp","0.5413, 0.3373, 0.2788",positive
O relógio é lindo correspondeu as expectativas Só na hora de fazer os ajustes que achei bem difícil Precisei ir numa relojoaria para ajustarem para mim Hehehehehe,"na, ##do, ##he","0.1793, 0.1586, 0.1458",positive
Vou continuar comprando,"##ndo, compra, ##u","0.4861, 0.4053, 0.2929",positive
Produto fora da específicação,"da, ##ção, ##to","0.5854, 0.494, 0.4641",negative
Entregaram umas capas de travesseiros que negação é pedido meu Edigley Ferreira,"umas, capas, ##garam","0.4017, 0.3743, 0.3712",negative
ADORIE TUDO MUITO BOM,"##RI, ##E, M","0.239, 0.1784, 0.133",positive
Já enviei um outro email descrevendo meu descontentamento,"##ntamento, envi, meu","0.4079, 0.1773, 0.1693",negative
 negação gostei do produto Muito ruim o tecido,"##te, o, gos","0.2086, 0.2083, 0.1619",negative
Duas caixas vieram um pouco deformadas uma caixa dentro da outra negação encaixando as tampas como houve demora na entrega optei por negação efetuar a troca pelo transtorno do processo e mais demora,"##ra, ##das, do","0.2958, 0.2625, 0.2478",negative
Atendimento e compromisso com o cliente excelente sou cliente à muitos anos e nada tenho a reclamar ótimo site de compras,"##ndimento, e, site","0.0805, 0.0752, 0.0574",positive
Gostei do produto,"##te, ##i, do","0.4391, 0.2923, 0.1622",positive
O produto chegou rápido e de acordo com a descrição de venda Nada a reclamar,"a, ##r, e","0.4073, 0.2792, 0.2297",positive
Comprei solicitei informações e negação recebi Cancelei a compra duas vezes e até hoje negação tive nenhuma resposta Vou pagar e negação levar Lamentável,"##rei, solic, ##ável","0.0671, 0.0576, 0.0563",negative
Entrega rápida,"##ga, rápida, Entre","0.6806, 0.5536, 0.0615",positive
Comprei um ventilador de mesa e veio um de torre com a base quebrada,"##da, quebra, um","0.2643, 0.1502, 0.1316",negative
Entrega rápida bom serviço,"bom, serviço, ##ga","0.516, 0.4759, 0.4509",positive
Comprei a caixa de simparic com numero comprimidos e entregaram a caixa com apenas numero comprimido solicitei a troca no dia numero numero e ainda negação tive nenhum retorno,"##rei, a, de","0.076, 0.0719, 0.0561",negative
Bom mas esquenta um pouco,"mas, ##nta, um","0.3224, 0.3046, 0.263",negative
O produto é nota numero,"numer, é, nota","0.6632, 0.3871, 0.3142",positive
eu gostei do produto atendeu ao que o vendedor dizia,"##te, gos, ##u","0.2099, 0.121, 0.1198",positive
Comprei e até agora nada de chegar prazo pro dia numero e até agora nem sinal,"##rei, e, de","0.0917, 0.0714, 0.0672",negative
Superou minhas perspectivas a entrega foi bem antes do prazo estipulado na compra,"##pula, ##ou, do","0.3662, 0.3627, 0.275",positive
Produto muito bonito de excelente qualidade e o melhor recebi muito antes do prazo estabelecido,"##to, de, qualidade","0.0827, 0.0675, 0.0667",positive
Entrega antes do previsto,"##ga, do, antes","0.3621, 0.3322, 0.2898",positive
O pedido chegou porém veio faltando um item,"##ndo, veio, falta","0.3502, 0.3283, 0.3145",negative
Entrega muito rápida recebir antes da data de entrega amei meu produto chegou em perfeito estado parabéns,"##ga, ##i, receb","0.0674, 0.0495, 0.0485",positive
Ótimo produto,"produto, ##timo, Ó","0.4549, 0.3092, 0.0257",positive
Pedido entregue incompleto Solicitado numero faixas Recebido somente numero Como proceder,"##leto, Sol, incomp","0.1431, 0.1325, 0.1117",negative
 numero Estrelas,"##o, Estrelas, numer","0.8108, 0.3988, 0.0622",positive
As bolsas são muito bonitas mas verificando a costura acredito que negação será muito resistente para o uso no dia a dia Mas atendera minhas necessidades no momento,"##s, para, ##ndo","0.3715, 0.1867, 0.1603",negative
Apesar de ter recebido o produto errado recomendo O produto negação tem a memoria informada Mas como estou precisando vou ficar com esse mesmo,"recomend, de, ##o","0.5129, 0.3803, 0.3374",positive
Eu recebi o produto sem o Pistão da cadeira abri uma solicitação de devolução e foi cancelada pelo vendedor loja sem nenhum motivo e vou ficar no prejuízo pois negação fui atendido,"e, fu, motivo","3.8833, 2.2323, 1.5698",negative
Dentro do prazo e bem embalado,"do, ##ado, e","0.6618, 0.5537, 0.4394",positive
Material bom negação tenho do que reclamar Super recomendo,"##ial, negação, bom","0.3313, 0.3189, 0.264",positive
Então a minha HP DeskJet Ink Advantage numero negação imprimi com esses cartuchos ela imprime a página de teste mas depois disso ela bloqueia por isso decidi solicitar devolver o produto,"##ver, a, o","0.3555, 0.1436, 0.1373",negative
Produto entregue conforme anunciado,"anunciado, conforme, ##to","0.3034, 0.2684, 0.2141",positive
A caixa veio com a ponta um pouco amassada mas acredito que negação tenha atingido o produto Entrega dentro do prazo Gostei Se continuar assim recomendarei mais e mais,"##te, ##i, o","0.264, 0.1858, 0.1412",positive
Simplesmente adorei meu produto,"##les, ##rei, ##mente","0.1421, 0.1343, 0.1164",positive
demorou no correio para entregar,"no, ##io, para","1.0764, 0.3532, 0.2568",negative
Prazo correto mercadoria certa bom atendimento,"bom, ##ia, mercador","0.2923, 0.2904, 0.2864",positive
JÁ PASSOU DO PRAZO DE ENTREGA,"##O, ##O, ##GA","0.4697, 0.4169, 0.3831",negative
bom,bom,0.0152,positive
Compra super tranquila preço bom e entrega antes do prazo,"e, ##a, bom","0.2581, 0.2316, 0.1891",positive
Bom,Bom,0.0131,positive
Material muito fraco,"##ial, fraco, muito","0.6378, 0.5089, 0.4662",negative
Ainda em fase experimental porém já sinto efeitos dele negação ando mais cansado,"##sado, dele, efeitos","0.3379, 0.3323, 0.3069",positive
Comprei a base dermacol cor numero pela cor mostrada nas imagens dá para ver um bege claro porém a cor que chegou é outra Ou o site esta mostrando as cores erradas ou é defeito de fabrica,"é, Ou, o","0.1467, 0.1396, 0.1388",negative
O produto é ótimo o esperado A loja super rápida sem enrolação para entregar Gostei,"sem, ##ção, o","0.3561, 0.3005, 0.2993",positive
Fiz o pedido de produtos e foram entregue apenas parte deles,"##z, parte, apenas","0.1003, 0.0933, 0.092",negative
O PRAZO DEVERIA SER MENOR TEM LOJAS QUE ENTREGAM EM numero DIAS,"##O, ##OR, ##ER","0.3087, 0.2992, 0.2342",positive
Produto entregue antes do prazo original e bem embalado Estou apaixonada pelo meu relógio novo,"pelo, original, ##to","0.1824, 0.0931, 0.0927",positive
FICAMOS ESPERANDO UMA ENCOMENDA PAGA QUE NUNCA CHEGOU E AINDA negação FOI EXTORNADO O VALOR DA COMPRA,"F, ##ER, ##CA","0.1628, 0.1465, 0.0924",negative
só negação curti muito o produto ja q comprar pela internet mtas vezes o produto parece ser uma coisa e é bem diferente kkkkk,"cur, ##ti, muito","0.3864, 0.3693, 0.3207",positive
Produto veio certo como vi na foto e chegou antes do prazo Gostei bastante,"##te, ##i, do","0.2169, 0.1484, 0.1209",positive
Excelente,"##ente, Excel","0.384, 0.0447",positive
Só negação acho justo pagar Entrega e ter que me descolar até a agência do correio para retirar o produto,"negação, acho, pagar","0.3235, 0.2757, 0.2445",negative
Produto chegou no prazo como combinado e sem problemas ou avarias Eficiente,"no, como, ##to","0.3072, 0.1258, 0.1235",positive
Estou muito satisfeita a rapidez que chegou o produto bem antes do previsto,"##eita, satisf, ##idez","0.2021, 0.1193, 0.1108",positive
Entrega rápida,"##ga, rápida, Entre","0.6806, 0.5536, 0.0615",positive
Recebi dentro do prazo porém negação gostei do acabamento da cortina,"##te, ##bi, gos","0.2629, 0.2126, 0.1994",negative
Preciso que reevie o produto pelos correios novamente para mim por favor pois já paguei o produto E negação recebi o produto,"##o, ##ev, receb","0.1727, 0.1595, 0.1482",negative
,,,positive
Comprei numero mini transformadores há vários dias já passou o prazo de entrega e ainda negação recebi os produtos que comprei Absurdo Estou precisando muito dos produtos e ainda negação os recebi,"já, ##do, de","0.0756, 0.0726, 0.0541",negative
O produto chegou quebrado quero por favor meu dinheiro de volta e o que faço para devolver o produto,"quero, ##ver, quebrado","0.1497, 0.1182, 0.1061",negative
Pela segunda vez eu faço a compra com vcs espetáculo de bom,"de, espetáculo, bom","0.5054, 0.2042, 0.1883",positive
Seriedade é a palavra que define lannister em tudo que comprei,"é, lan, ##ter","0.4857, 0.3112, 0.2622",positive
POR GENTILEZA QUERO MEU DINHEIRO DE VOLTA TEM QUE VISTA QUE O PRODUTO negação CHEGOU COMO IMAGINEI,"##A, ##TA, C","0.3814, 0.3561, 0.3231",negative
produto muito bom,"bom, muito, produto","0.4081, 0.3821, 0.0392",positive
 negação recebi o produto,"receb, ##i, o","0.2117, 0.1921, 0.1435",negative
Mais de mês que comprei e negação tive nenhum retorno,"retorno, de, que","0.0948, 0.0921, 0.0882",negative
Excelente tanto o produto quanto a entrega Apresentei minha sobrinha numero anos e ela adorou,"##ente, tanto, ##rou","0.2189, 0.1164, 0.0896",positive
Boa tarde Gostei muito do serviço e espero ser atendida bem assim na próxima compra,"##te, ##o, ##dida","0.1333, 0.1041, 0.0977",positive
O atendimento foi muito bom,"bom, foi, muito","0.3681, 0.2781, 0.242",positive
Ótimo de confiança pode comprar chegou muito rápido,"de, ##timo, pode","0.1738, 0.1532, 0.1049",positive
produto improprio para consumo pois está mofado,"##do, ##pri, ##fa","0.9004, 0.6448, 0.5212",negative
OBRIGADO,"##AD, ##IG, ##O","0.3348, 0.2588, 0.1854",positive
,,,positive
muita demora para entregar um produto tão pequeno,"##ra, demo, um","0.2646, 0.2294, 0.1533",negative
Gostei muito,"##te, ##i, muito","0.4286, 0.2968, 0.2926",positive
Tive que ir buscar no correio Paguei frete p entregar na minha residência,"##io, ##ve, no","0.3644, 0.3643, 0.3092",negative
Excelente produto,"##ente, produto, Excel","0.3821, 0.2627, 0.025",positive
Rapido,"##ido, Rap","0.5413, 0.036",positive
Solicitei a troca do tapete antes da entrega Porém era para na entrega eu negação receber e o meu condomínio recebeu O produto negação foi aberto e preciso fazer a troca por um tapete numero x numero Estou aguardando,"##ndo, e, foi","0.2249, 0.1935, 0.1507",negative
Muito bom,"bom, Muito","0.2464, 0.0155",positive
Entregue dentro do prazo e inteiro,"##gue, dentro, do","0.4159, 0.3782, 0.2685",positive
Quero o valor de volta,"##o, de, o","0.3347, 0.2896, 0.1557",negative
sempre compro no baratheon porem quando se tratam de produtos que eles vendem mas negação são entregues por eles nem sempre da tudo certo enfim recomendo o baratheon mas voces podem melhorar isso,"recomend, isso, da","0.5086, 0.4957, 0.4369",negative
Cancelaram meu pedido por falta de mercadoria e ate agora negação fui reembolsado,"##sado, ##cel, ##ia","0.1067, 0.0859, 0.0842",negative
Chegou antes do esperado,"antes, esperado, do","0.6072, 0.4038, 0.3141",positive
RECEBI O PRODUTO E AO VERIFICAR CONSTATEI QUE O PRODUTO ERA TOTALMENTE DIFERENTE DAQUELE QUE EFETUEI A COMPRA SOLICITEI A DEVOLUÇÃO E O ENVIO DO PRODUTO CORRETO E ATÉ AGORA negação OBTIVE RESPOSTA,"O, ##OS, ##IV","0.0663, 0.0421, 0.0418",negative
 negação foi entregue o produto que solicitei Entrei em contato com as lannister e estou aguardando retorno para a troca pelo produto correto porém ainda negação tive retorno das lannister e já está fora d,"o, foi, d","0.1138, 0.0933, 0.0855",negative
Tudo que combinamos preço prazo de entrega e produto pedido de vossa parte e de minha o pagamento foram cumpridos nestas condições negação há como negação dar certo uma transação comercial,"##mos, dar, que","0.7412, 0.6508, 0.5442",positive
Recomendo sem restrições,"##ndo, ##ome, restrições","0.1714, 0.1673, 0.162",positive
Sem manual ou embalagem enrolado apenas em plástico bolha Mas pelo menos chegou intacto Veremos nos próximos produtos,"##cto, inta, chegou","0.2463, 0.2053, 0.2009",positive
Tudo certo,"certo, Tudo","0.5249, 0.046",positive
Prazo de entrega cumprido,"##do, de, cumpri","0.9863, 0.4392, 0.4235",positive
Excelente o produto recomendo a todos,"##ente, o, ##o","0.2493, 0.1508, 0.0855",positive
DEMOROU MUITO A ENTREGA,"M, ##U, ##M","0.4875, 0.4302, 0.3369",negative
Os produtos foram bem embalados corretos e a entrega dentro do prazo,"##s, ##ados, do","0.3132, 0.2785, 0.2653",positive
Eu comprei o relogio e c numero dias parou de funcionar como faço p fazer troca,"##i, de, ##og","0.2386, 0.2248, 0.2062",negative
 negação compro mais nada do baratheon,"mais, compro, do","0.8531, 0.5163, 0.426",negative
eu recomendo entrega chegou antes do prazo muito bom gostei,"##te, gos, ##o","0.2201, 0.1473, 0.116",positive
Ótimo produto,"produto, ##timo, Ó","0.4549, 0.3092, 0.0257",positive
Nada a reclamar,"##r, a, reclama","0.5442, 0.3986, 0.1936",positive
acho que a cor veio errada,"##rada, que, er","0.3368, 0.3229, 0.2801",negative
Péssima mercadoria uma das tesouras veio impenada e cega negação devolverei pois sei que será um processo demorado Ficarei porém muito insatisfeito,"##s, ##vere, ##eito","0.0965, 0.0946, 0.0871",negative
Tudo certinho chegou no prazo,"##tinho, no, chegou","0.3652, 0.3559, 0.3402",positive
O quadro é bem bonito só parecia maior,"maior, só, parecia","0.8544, 0.5657, 0.4587",positive
O controle remoto do play numero negação é Sonic como anunciado negação veio o suporte pra deixar o aparelho em pé como na ilusão e a garantia de numero dias oque é Isso A garantia tem que ser de um ano,"##ão, de, veio","0.2293, 0.2083, 0.1833",negative
É original mesmo Funciona muito bem Tudo ótimo,"mesmo, ótimo, ##ion","0.2121, 0.1706, 0.1389",positive
Chegou bem antes do prazo é o produto é de excelente qualidade,"bem, do, antes","0.0823, 0.0651, 0.062",positive
ainda negação recebi o produto estou preocupada,"##da, preocupa, receb","0.6907, 0.3115, 0.2607",negative
As vezes encontro problemas com os parceiros do stark que prometem uma data de entrega e negação cumprem mas nesse caso a targaryen está de parabéns Recebi a encomenda antes do prazo prometido,"Rece, com, ##éns","0.2644, 0.2394, 0.233",positive
Ótimo,"##timo, Ó","0.4036, 0.036",positive
Bom dia Paguei por DUAS toalhas e so recebi UMA toalha A loja vai me devolver o dinheiro Aguardo retorno urgente,"dia, ##ver, receb","0.1604, 0.1368, 0.1066",negative
Produto chegou bem antes do prazo estipulado mas tive que ir retirar o produto pois negação era entregue pela transportadora,"tiv, ##e, o","0.3544, 0.3437, 0.2912",positive
Excelente,"##ente, Excel","0.384, 0.0447",positive
Produto entregue embalado tudo certo Chegou antes do prazo Boa qualidade Deu perfeito na minha King Gostei demais,"##te, ##i, qualidade","0.1283, 0.0909, 0.0825",positive
EXCELENTE PRODUTO ATENDIMENTO E ENTREGA ANTES DO PRAZO,"##TE, ##S, ##L","0.2304, 0.1594, 0.1435",positive
O pruduto chegou no prazo certo adorei Recomendo,"##rei, ado, Rec","0.1495, 0.1265, 0.1144",positive
Totalmente fora do prazo negação entregaram meu produto ainda,"##mente, do, ##am","0.1086, 0.0829, 0.0694",negative
Entrega antes do previsto,"##ga, do, antes","0.3621, 0.3322, 0.2898",positive
Adorei perfeito lindo,"##rei, lin, perfeito","0.1712, 0.165, 0.1558",positive
produto lindo qualidade e preço excelentes Entrega antes do prazo previsto,"excelentes, Entre, lin","0.0992, 0.093, 0.0882",positive
Produto bonito entregue bem valado e dentro do prazo Recomendo,"val, bem, do","0.4067, 0.3863, 0.3758",positive
Cade o produto que comprei,"##e, o, produto","1.1458, 0.4609, 0.4168",negative
Comprei numero controle remoto e cobrou frete nos numero poderia ter cobrado so numero frete mais os produtos são bons,"##rou, numer, ter","0.4945, 0.3218, 0.3005",negative
Gostei do produto mas a entrega pelo correio é ruim Deveria ter entregadores próprios,"##te, Deve, ##i","0.2625, 0.1893, 0.1874",positive
site muito bom recomendo,"recomend, ##o, bom","0.2819, 0.1929, 0.1664",positive
Excelente,"##ente, Excel","0.384, 0.0447",positive
Vendedor negação tem controle de estoque,"de, ##de, tem","0.5279, 0.5276, 0.4873",negative
Excelente,"##ente, Excel","0.384, 0.0447",positive
chegou rapido gostei muito de otima qualidade vvrecomendo,"##ndo, ##te, rap","0.4626, 0.2535, 0.1671",positive
O travesseiro tem excelente qualidade,"qualidade, ##eiro, tem","0.3069, 0.1989, 0.1323",positive
Indo a todos foi conforme eu esperava entrega rápida super indocado,"eu, entrega, ##cado","0.2301, 0.1974, 0.174",positive
Recomendado,"##ndado, ##ome, Rec","0.3718, 0.3363, 0.0294",positive
Produto está soltando muito pelos é normal,"##tando, ##to, é","0.2705, 0.2247, 0.1738",negative
Ainda negação recebi o produto negação tenho como avaliar a aquisição,"##i, receb, a","0.1678, 0.1435, 0.1344",negative
Gostei pena que negação vou poder usar agora pq minha bb só tem um mês e as perninhas dela negação abre muito na minha cintura mas o produr bom,"##te, ##i, que","0.246, 0.1981, 0.1942",positive
Eu a inda negação resebir a minha encomenda mais recomendo sim,"##o, mais, res","0.7881, 0.6889, 0.6096",negative
Muito bom,"bom, Muito","0.2464, 0.0155",positive
Pedi o Pure Seduction e veio o Love Spell,"##i, o, Spe","1.4132, 0.6368, 0.5535",negative
Satisfeito,"##eito, ##isf, Sat","0.6309, 0.4359, 0.0441",positive
Excelente loja a entrega foi rápida e o produto também é de excelente qualidade Pretendo comprar novamente,"##ente, loja, qualidade","0.1546, 0.0955, 0.0633",positive
show de bola entregaram antes do prazo previsto,"entregar, de, do","0.1924, 0.1756, 0.1642",positive
Recebi o produto direito no prazo,"no, ##bi, o","0.3911, 0.2378, 0.2064",positive
Boa esperiencia,"##ien, ##cia, esper","0.4619, 0.4207, 0.3916",positive
ótima,ótima,0.0693,positive
Vcs poderiam verificar melhor o produto antes de sair pois já demora uns dias e ainda vem errado então verificar melhor a saída do produto,"do, melhor, então","0.4773, 0.2319, 0.2314",negative
Gostei muito da loja recomendo,"##te, ##o, ##i","0.1726, 0.1269, 0.1194",positive
Muito bom recomendo,"bom, recomend, ##o","0.1942, 0.1797, 0.1681",positive
O cartucho veio com problema foi testado e jogado fora negação recomendo compra de cartucho hp,"##o, recomend, foi","0.4166, 0.3895, 0.2641",negative
Vendedor super atencioso Produto chegou quase numero dias antes do prazo Dentro das expectativas,"das, ##o, numer","0.137, 0.1073, 0.1062",positive
Confiável veio no prazo Adorei,"##rei, ##vel, ##iá","0.2116, 0.1965, 0.1812",positive
 negação recebi a mercadoria mandei um e mail para empresa pois estava com problema de entrega mas negação recebi nenhuma resposta,"##i, receb, ##ia","0.1191, 0.1026, 0.0854",negative
O produto está sendo oferecido pela lannister mas quando realizei a compra a mesma foi cancelada por negação existir o produto,"por, existir, o","0.2539, 0.1887, 0.1674",negative
Muy buena,"##ena, ##y, bu","0.526, 0.4816, 0.3427",positive
Produto entregue conforme comprado dentro do prazo até antes Recomendo com certeza,"comprado, ##to, ##ndo","0.1175, 0.1156, 0.111",positive
O prazo de entrega é muito longo,"é, longo, de","0.5428, 0.3938, 0.3931",negative
Entregaram um pouco antes do prazo Mostrou eficiência na entrega Possui facilidade nas formas de pagamento Obrigado Agradeço a todos Beijos,"antes, ##ço, facilidade","0.1031, 0.101, 0.0911",positive
Estes produtos são excelentes sensacionais,"sens, excelentes, ##ac","0.2555, 0.19, 0.1461",positive
 negação é muito grande mais é lindo do msm jeito da foto,"é, ##do, é","0.5145, 0.4737, 0.4178",positive
ACHO QUE DEVERIA ACOMPANHAR UM MANUEL E CADERNO DE RECEITAS EM PORTUGUES PORQUE AGENTE RECEBE O PRODUTO E TEM QUE PESQUISAR OU PEDIR RECEITAS DE CREPE O MANUAL negação AJUDA NO CASO DE ALGUMA DIFICULDAD,"A, ##U, ##E","0.5604, 0.3661, 0.3392",negative
gente eu fiz o pedido de numero bebedouro e so foi entregue um tem outras entregue,"eu, foi, um","0.2489, 0.1892, 0.1379",negative
A versatilidade e a logística são componentes da equipe do baratheon Muito bom,"bom, ##at, e","0.2003, 0.115, 0.1028",positive
Eu recomendo muito bom,"bom, ##o, recomend","0.3319, 0.2628, 0.2433",positive
Atrasaram do dia data para entrega em data,"##sar, ##am, em","0.7613, 0.4531, 0.309",negative
Péssimo parceiro da lannister Nem satisfação ele dá Quero meu dinheiro de volta Estou aguardando,"##o, ##s, satisfação","0.111, 0.1091, 0.0751",negative
prazo de entrega super rápido O produto corresponde com o que vi anunciado O produto foi entregue bem antes do prazo prometido para entrega apenas numero dias entre a compra e a entrega,"O, com, rápido","0.2192, 0.188, 0.1657",positive
Infelizmente a empresa trabalha com os Correios que nunca cumpre os prazos de entrega,"a, ##re, cump","0.5013, 0.199, 0.1989",negative
Entrega dentro do Prazo,"##ga, do, dentro","0.3081, 0.2591, 0.2196",positive
Muito bom,"bom, Muito","0.2464, 0.0155",positive
Amei os produtos foram entregues antes do prazo,"##i, do, os","0.44, 0.162, 0.155",positive
Recomendo este fornecedor que atendeu as expectativas entregando o produto até antes do prazo estimado Preço super atrativo,"##ndo, ##ome, ##tivo","0.0985, 0.092, 0.0756",positive
Bom produto,"produto, Bom","0.2844, 0.0265",positive
Fiz essa comora p um controle de smart tv conforme pedido vcd encaminharam um outro controle q negação tem a opção da smart tv Sendo assim inútil a compra,"##til, a, ##aram","0.6092, 0.3133, 0.2693",negative
o produto veio trocado e negação me deram retorno,"##do, troca, me","0.1859, 0.1545, 0.15",negative
Gostei,"##te, ##i, Gos","0.3298, 0.231, 0.0176",positive
Otimo,"##timo, O","0.2645, 0.0312",positive
chegou antes do prazo,"antes, do, prazo","0.6755, 0.6075, 0.2231",positive
O serviço como um toi foi bom,"bom, ##i, como","0.2401, 0.176, 0.1598",positive
Ainda estou aguardando,"##ndo, aguarda, estou","0.4972, 0.2821, 0.2432",negative
comprei Ac numero Multilaser recebi super macio gota,"##o, ##ta, maci","0.3626, 0.2517, 0.2362",positive
Referente ao pedido que comprei duas carenagem uma do lado esquerdo e uma do lado direito so chego a do lado esquerdo esta faltando a do mado direito queria saber quando vai chegar,"##nte, que, ##i","0.6309, 0.2797, 0.273",negative
O produto negação chegou entrei em contato com a loja duas vezes e negação obtive resposta nunca havia acontecido isso comigo em anos comprando pela internet,"entre, chegou, negação","0.1439, 0.1318, 0.1016",negative
Muito bom produto,"bom, produto, Muito","0.2349, 0.2048, 0.0256",positive
Produto chegou corretamente e serviu certo no meu xbox numero e one,"e, no, corretamente","0.283, 0.2613, 0.2459",positive
Pedido atendido corretamente grata,"gra, ##ta, ##ido","0.3974, 0.3792, 0.2634",positive
A entrega foi antecipado mais umas das panelas de pressão veio com o suporte quebrado,"##ado, foi, quebrado","0.6056, 0.4337, 0.2685",negative
Produto entregue no prazo,"no, ##to, entregue","0.5994, 0.392, 0.3202",positive
Produto veio quebrado,"quebrado, ##to, veio","0.6339, 0.4351, 0.3462",negative
ENTREGA ANTES DO PRAZO,"##TE, ##S, AN","0.2451, 0.2194, 0.1716",positive
Após chegar realizei o uso nos pontos de indicação a paciente teve qualidade de sono que negação tinha antes,"de, que, qualidade","0.2853, 0.2774, 0.1819",positive
vendedor confiavel o pedido chegou no prazo certo eu recomendo,"##o, ##vel, eu","0.212, 0.1981, 0.1607",positive
Boa tarde motivo é o seguinte O meu pedido era uma máquina de costura Galoneira numero agulhas foi entregue uma máquina de costura Galoneira numero agulhas e negação consegui falar com o fornecedor,"consegu, é, ##i","0.3192, 0.1771, 0.1758",negative
Bom produto,"produto, Bom","0.2844, 0.0265",positive
Recebi antes mesmo do prazo Gostei muito do produto recomendo,"##te, ##o, do","0.2719, 0.1655, 0.1654",positive
Vendedor super atencioso e rápido eu recomendo,"##o, ##de, ##cioso","0.1049, 0.1045, 0.0997",positive
Muito rápida mesmo com paralisação dos caminhoneiros negação atrasou a entrega Gostei muito,"rápida, mesmo, ##te","0.2114, 0.1789, 0.1753",positive
Comprei bege e veio preto com desenho diferente,"##ge, preto, ##rei","0.4106, 0.3877, 0.3314",negative
Entrega muito rápida e produto de ótima qualidade,"e, rápida, ##ga","0.1952, 0.1686, 0.1314",positive
Muito bom,"bom, Muito","0.2464, 0.0155",positive
Produto de ótima qualidade lindíssimo bem fácil de instalar,"qualidade, lin, ##to","0.0902, 0.0695, 0.0679",positive
Indico,"##ico, Ind","0.3725, 0.0204",positive
Produto com qualidade,"##to, com, qualidade","0.4244, 0.303, 0.2883",positive
Estou adorando o site,"##rando, o, ##ou","0.2592, 0.1735, 0.1537",positive
fornecedor correto e produto excelente,"e, ##dor, correto","0.2714, 0.1881, 0.1382",positive
Muito bonito e resistente chegou antes do prazo estipulado e bem embalado ótimo custo e benefício,"antes, bonito, e","0.1174, 0.115, 0.098",positive
Amei tapete lindo,"##i, ##te, tape","0.2342, 0.1679, 0.1222",positive
Gosto muito da loja e de consumir os produtos porem só negação gosto de trabalhar com os correios para entregar as minhas encomendas,"##to, de, ##ir","0.1708, 0.1459, 0.1393",positive
Produto entregue antes do prazo recomendo,"do, antes, ##o","0.18, 0.1642, 0.1591",positive
Tudo ok Continuem assim,"o, Continu, ##em","0.2781, 0.2557, 0.2359",positive
Uma loja muito boa entregou bem antes do prazo,"entregou, boa, bem","0.9893, 0.6113, 0.3553",positive
Eu sempre compro nas lojas lannister e um produto nunca demorou tanto pra chegar mas devido o fato de ser vendido e entregue por outra loja acredito que seja por isso a demora,"##ra, tanto, mas","0.2449, 0.1834, 0.1366",negative
O produto que recebi veio incorreto,"##to, incorre, ##i","1.9176, 0.6371, 0.4239",negative
 negação recebi os produtos nem a Nota fiscal Além de negação conseguir atendimento por telefone,"fiscal, Além, receb","0.1215, 0.111, 0.1049",negative
Sempre apaixonada pelas parceiras das lojas lannister,"pelas, apaixonada, ##s","0.4199, 0.2317, 0.1461",positive
Otimo produto e de fácil substituição no aparelho Demorei nem numero min para troca,"produto, para, substituição","0.6803, 0.3748, 0.2777",positive
A Empresa responsável já está enviando o produto correto Foram muito atenciosos,"Foram, já, o","0.3578, 0.3227, 0.3037",positive
Produto negação foi entregue,"foi, ##to, entregue","0.2564, 0.2325, 0.187",negative
Pedi para que trocassem o produto por causa da voltagem e ainda negação ganhei retorno,"##i, para, ##sem","0.2819, 0.1791, 0.1002",negative
PRODUTO COM numero DIAS DE ATRASO NA ENTREGA,"##A, ##o, ##S","0.2769, 0.2605, 0.2454",negative
Muita demora na entrega,"##ra, ##ita, demo","0.4888, 0.4423, 0.3842",negative
O produto foi entregue quebrado nem foi preciso abrir a embalagem para perceber que o mesmo negação foi embalado corretamente,"nem, quebrado, foi","0.4945, 0.2613, 0.2403",negative
Ótimo,"##timo, Ó","0.4036, 0.036",positive
o produto chegou perfeito otima qualidade so que é do menor,"que, ##a, so","1.3177, 0.6295, 0.5884",positive
Demora na entrega detestei o atendimento e NUNCA mais compro baratheon quando vendia por eles mesmos era bem melhor,"##st, e, ##ora","0.1928, 0.1466, 0.1382",negative
Chegou antes do praso previsto recomendo Chegou tudo como o esperado,"##so, previsto, pra","0.4216, 0.2298, 0.2127",positive
Muito bom,"bom, Muito","0.2464, 0.0155",positive
faltou manual em portugues enviaram ingles e japones,"em, ##tou, manual","0.4123, 0.3627, 0.2643",negative
Nota numero,"numer, ##o, Nota","0.5144, 0.3304, 0.0405",positive
Ainda negação recebi minha entrega comprei TV muito antes pela stark e ainda esse produtos que já vai fazer mês negação chegou,"##i, compre, negação","0.1046, 0.0918, 0.0875",negative
Ainda estou aguardando,"##ndo, aguarda, estou","0.4972, 0.2821, 0.2432",negative
O produto ainda negação chegou enviei um email para a loja e eles nem responderam,"envi, chegou, ##am","0.1324, 0.1282, 0.1195",negative
foi entregue antes do prazo,"do, antes, entregue","0.5931, 0.3709, 0.3563",positive
O produto chegou ate antes do prazo,"antes, do, ate","0.6412, 0.6125, 0.5663",positive
Muito rápido Recomendo,"Rec, rápido, ##ndo","0.2621, 0.2595, 0.2063",positive
o produto chegou bem antes do prazo estipulado super recomendo e vou voltar a comprar novamente,"bem, ##o, recomend","0.0993, 0.0944, 0.0849",positive
Top,Top,0.0387,positive
ainda nem recebi o produto que esta com entrega atrasada,"##ada, atras, ##i","0.1629, 0.1198, 0.1108",negative
Recebi o produto diferente do que estava na oferta já solicitei o reembolso do meu valor e até agora negação obtive nenhuma resposta para solução,"do, o, ##bi","0.2818, 0.1822, 0.1815",negative
Recebemos quase numero mês antes da previsão produto muito em conta Recomendo,"##be, produto, ##ndo","0.1599, 0.1419, 0.1293",positive
otimo,"##o, otim","0.5781, 0.0578",positive
Me entregaram o produto certo dentro do prazo,"dentro, prazo, ##am","0.4366, 0.3311, 0.2976",positive
Produto entregue no prazo,"no, ##to, entregue","0.5994, 0.392, 0.3202",positive
Recomendo,"##ndo, ##ome, Rec","0.3663, 0.3355, 0.0536",positive
Estou satisfeita com a compra entregue antes do prazo só agradeço,"##eita, ##ço, do","0.3126, 0.2292, 0.2071",positive
Pontualidade e recomendo e recomendo está loja,"##ual, ##idade, ##o","0.2011, 0.1291, 0.1235",positive
O produto chegou na minha cidade mas negação na minha residência pois os correios são um órgão cheio de falhas com isso negação levou até a minha casa tive o transtorno de ir buscar o objeto na sede mas próxi,"##i, até, de","0.645, 0.4049, 0.3056",negative
nenhum comunicado foi me passado,"comunicado, foi, passado","0.439, 0.3781, 0.2187",negative
Depois de muito tempo somente hoje recebi uma mensagem com a seguinte informação Boa tarde Valter Agradecemos por entrar em contato Lamentamos a demora em lhe retornar Seu pedido negação foi,"##enta, ##cem, foi","0.4462, 0.2676, 0.2622",negative
Achei muito fino o tecido,"##o, ##ei, fin","0.3195, 0.2278, 0.2148",negative
Recebi o produto dez dias antes do prazo São enormes os sacos e muito bons e práticos Vale a compra,"##bi, a, os","0.1422, 0.1294, 0.1124",positive
 negação recomendo a compra nesta loja primeiro falaram numero dias e já estão chegando a numero mês e nada,"##o, recomend, falar","0.1205, 0.0993, 0.0745",negative
Bom,Bom,0.0131,positive
Eu estou muito feliz com os produtos da loja americana pois tudo que eu comprei chegaram no prazo Estou muito agradecida Obrigado loja americana,"com, ##do, ##cida","0.0977, 0.0813, 0.0788",positive
Rápida entrega Produto de qualidade,"entrega, Produ, ##á","0.361, 0.1727, 0.1483",positive
O produto negação tem boa qualidade as tampas negação fecham totalmente e ele negação se encaixa totalmente no painel do carro,"as, qualidade, tem","0.17, 0.1107, 0.1027",negative
O produto foi entregue em dias diferentes com uma diferença de numero dias sendo que foi comprados juntos e foi produtos iguais,"iguais, e, diferentes","0.729, 0.4476, 0.4204",positive
podem comprar e garantido,"##ido, comprar, e","0.2471, 0.2175, 0.1823",positive
Até agora negação recebi o produto já enviei email cobrando uma atualização mas ninguem entra em contato nem Lojas lannister onde comprei o produto nem o vendedor parceiro targaryen,"##n, ##gar, tar","0.1021, 0.0972, 0.097",negative
Chegou do grito que eu pedi até antes do prazo obrigado,"##to, do, do","0.3285, 0.3245, 0.2806",positive
Chegou certinho e bem embalado,"cer, embal, e","0.1924, 0.1816, 0.169",positive
O produto veio direitinho porém embalado em jornal sem manual e sem embalagem,"e, embal, ##ado","1.1891, 1.1518, 0.8946",positive
Produto sem previsao de entrega,"##ao, ##to, de","0.2509, 0.1921, 0.1866",negative
PROMETEU ENTREGAR ATÉ numero AGO E HOJE numero DE AGO negação RECEBI,"R, negação, ##EC","0.4407, 0.1653, 0.1592",negative
O produto estava previsto para ser entregue até dia numero numero e até hoje dia numero numero negação recebi,"##i, receb, estava","0.097, 0.0904, 0.0869",negative
Tudo certo com a garantia estendida também,"com, certo, também","0.5413, 0.4459, 0.3394",positive
Entrega bem antes do prazo super indico esse site,"do, indic, ##ga","0.1254, 0.1225, 0.1087",positive
Eu amei comprei dia numero numero chegou dia numero numero,"##i, ame, compre","0.6119, 0.2864, 0.1879",positive
Gostei muito,"##te, ##i, muito","0.4286, 0.2968, 0.2926",positive
Belo atendimento Otimo profissionais e otimo suporte,"atendimento, ##o, profissionais","0.3678, 0.1711, 0.1705",positive
muito bom,"bom, muito","0.2269, 0.0249",positive
melhor atendimento entrega no prazo enfim melhor site para se comprar,"atendimento, site, melhor","0.438, 0.3491, 0.3238",positive
produto atendeu as expectativas Recomendo,"Rec, ##ndo, atende","0.7332, 0.3294, 0.3234",positive
comprometimento com o cliente,"##timento, com, o","0.6709, 0.5319, 0.1729",positive
Atingiu todas as expectativas Parabéns,"Para, ##iu, ##ing","0.9242, 0.4536, 0.2772",positive
A fechadura é de ótima qualidade veio dentro do prazo e é de fácil instalação Já instalei e está funcionando perfeitamente muito satisfeito e recomendo a todos Obs na foto estava com chave tetra,"na, ##ura, tetra","0.0874, 0.0713, 0.0671",positive
Recebi antes do prazo ótima loja Produto intacto,"##cto, loja, ##bi","0.1989, 0.1584, 0.1316",positive
Entrega rápida exatamente o produto que comprei e com um brinde Obrigado,"o, ##do, exatamente","0.475, 0.4351, 0.3877",positive
Tudo OK Indicaria para amigas,"Ind, O, ##icar","0.2554, 0.2241, 0.1455",positive
 negação parece um tapete parece um jogo americano de tão pequeno e fino,"##te, parece, um","0.2834, 0.2799, 0.2274",negative
este produto que eu comprei é uma propaganda enganoza pois o suporte negação suporta o peso do cellular fica caindo no chão do carro gostaria de saber como fico com está situação Antonio,"##o, engan, ##za","0.1492, 0.1099, 0.0963",negative
Recebi bem antes do prazo produto de ótima qualidade,"##bi, bem, do","0.1257, 0.0959, 0.0908",positive
ainda negação usei mais tenho certeza que é boa obrigada,"obrigada, que, us","0.13, 0.1292, 0.0885",positive
Gostei,"##te, ##i, Gos","0.3298, 0.231, 0.0176",positive
Queria uma posição da empresa em questão da demora e o porque ainda negação foi entregue,"##ra, ##ia, da","0.1066, 0.0928, 0.0882",negative
A compra efetuada foram dois ursos que rezam um rosa e um azul recebi somente um dos produtos que adquiri o rosa estou aguardando retorno do vendedor sobre o que ocorreu e se vou receber o outro,"##ndo, um, aguarda","0.2895, 0.2881, 0.1821",negative
entrega rapida e sem problemas,"##ida, rap, problemas","0.2304, 0.2051, 0.1263",positive
Estou verificando os resultados do produto com relação a entrega super rápida,"##ndo, do, rápida","0.4158, 0.2515, 0.2164",positive
Adoro comprar nessa loja,"##ro, nessa, loja","0.4007, 0.2476, 0.2406",positive
Estou aguardando o envio,"##ndo, ##ou, o","0.4701, 0.2301, 0.1719",negative
ADOREI FICOU MUITO LINDO NA MINHA COZINHA,"##RE, ##DO, ##I","0.2788, 0.1812, 0.1785",positive
 negação era o que eu esperava achei o relogio pequena,"##og, ##io, era","0.3878, 0.3803, 0.3571",negative
Entrega em atraso,"atraso, ##ga, em","0.8975, 0.5524, 0.4887",negative
quando fiz a compra paguei o frete tive que ir pegar nos correios falta de respeito na hora de vender vcs aceitam depois temos que ir buscar negação compro mais e nem recomendo,"na, de, ##o","0.105, 0.0835, 0.0777",negative
Produto perfeito e entrega muuuuito rápida,"e, ##to, mu","0.1092, 0.091, 0.0685",positive
Nunca avia acontecido isto quando compro pelas lannister associados com outras lojas mais dessa vez ainda negação recebi meu produto,"receb, ##i, dessa","0.1302, 0.1282, 0.1228",negative
Excelente,"##ente, Excel","0.384, 0.0447",positive
Eu recomendaria sim á joga devido a demora na entrega negação compro mas no site só comprarei na loja fisica Ainda negação recebi meu produto estou muito insatisfeita com a demora,"##eita, á, ##ria","0.2869, 0.2275, 0.2018",negative
Fui buscar o pedido nos correios mas só constavam numero itens faltou um a ser entregue,"##o, fal, ##vam","0.2398, 0.2054, 0.1918",negative
Entrega no prazo superando as expectativas,"as, ##ga, no","0.4656, 0.4627, 0.3102",positive
Produto negação é o que mostra diz que tem numero watz de potencia mas é mentira Eu medi,"é, ##ira, diz","0.9325, 0.4428, 0.3402",negative
 negação recebi,"receb, ##i, negação","0.6056, 0.5817, 0.085",negative
Recebi produtos diferentes do anunciado e pior de numero und compradas recebi somente numero und negação gostei pedi a devolução do dinheiro,"do, de, e","0.1645, 0.1396, 0.1063",negative
Produto dentro das expectativas Bonito e de qualidade,"##ito, Bon, das","0.4602, 0.3331, 0.3218",positive
O produto chegou conforme o pedido e o único se negação foi a demora,"##ra, foi, se","0.7282, 0.5558, 0.4017",positive
Aprovadissima a compra Foi entregue antes do prazo estipulado Super recomendado,"##pula, prazo, esti","0.3842, 0.2066, 0.1841",positive
Sem comentário negação recebi o relógio Cassio,"Cass, ##i, ##io","11.6393, 3.8605, 3.2908",negative
Eu recomendo ocorreu tudo certo,"##o, tudo, recomend","0.379, 0.3088, 0.2153",positive
Produto entregue antes do prazo em perfeitas condições Amei sempre compro e vou continuar comprando,"##to, antes, ##i","0.0868, 0.0732, 0.0728",positive
gostei,"##te, ##i, gos","0.4298, 0.194, 0.019",positive
Produto entregue com rapidez e qualidade,"com, ##idez, ##to","0.3128, 0.1943, 0.1825",positive
Tudo correu muito bem o que negação entendo é o preço muito mais alto do que começou a ser cobrado pelo mesmo produto no dia seguinte,"##do, ##ndo, do","0.3079, 0.229, 0.1967",positive
Ainda negação recebi o cinto,"##o, ##i, receb","0.5246, 0.4819, 0.3242",negative
Efetuei a compra de um relógio Cássio de acordo com a descrição do produto e a foto porem o relógio que chegou é completamente diferente do que eu efetuei a compra Achei falta de respeito comigo,"com, de, do","0.0971, 0.0801, 0.0759",negative
Entrega excelente e rápido antes do prazo bolsa muito linda,"e, ##ga, muito","0.0889, 0.0882, 0.0701",positive
 negação cumpriu com o prometido,"##tido, cumpri, ##u","0.4044, 0.3673, 0.3635",negative
 O produto chegou bem antes Gostei bastante,"Gos, bem, antes","0.5658, 0.5062, 0.4367",positive
Fiquei muito satisfeita com a compra do produto as características são realmente como estava no anúncio Ótima qualidade A entrega também foi bem dentro do prazo,"##eita, qualidade, do","0.1804, 0.1202, 0.1146",positive
Parabéns a loja online Comprei o que estava procurando Recebi o produto antes da data Com produto de qualidade Recomendo,"a, ##éns, ##b","0.1933, 0.1184, 0.0788",positive
Primeiramente meus parabéns a loja targaryen que entregou o produto em menos de uma semana e em perfeito estado produtos acima do esperado muito bom mesmo super recomendo,"##mente, o, a","0.1438, 0.1339, 0.0951",positive
Mto lindo Amei,"##do, ##i, ##to","0.165, 0.1433, 0.1335",positive
super recomendo,"##o, recomend, super","0.3037, 0.2225, 0.0182",positive
Foi muito bom comprar nas Lojas lannister Só falta receber mais um produto,"mais, receber, falta","0.4613, 0.4092, 0.325",positive
Gostei muito só pensei que o material fosse mais resistente,"##te, ##i, ##ei","0.4584, 0.2613, 0.254",positive
Ainda negação sei mas aparentemente parece ser um produto bom,"parece, ser, mas","0.2426, 0.2361, 0.1765",positive
Recebi o produto bem antes da data prevista para entrega porém o produto veio em dois pontos rachados negação sei em que momento isso ocasionou,"##dos, o, ##cha","0.4927, 0.4697, 0.3596",negative
Produto é melhor do que esperado mas demorou demais era um presente e acabei dando o mesmo atrasado,"##ado, demais, mas","0.4976, 0.373, 0.2957",negative
Produto superou minha expectativa Conserva de maneira perfeita Ótimo acabamento,"##to, acabam, Ó","0.0895, 0.0875, 0.0857",positive
Confiei no site pra nada pois era presente de uma criança e agora por enquanto negação recomendo devido a falta de compromisso,"##ie, ##o, ##i","0.1839, 0.1639, 0.127",negative
Pedi o produto na cor cinza e recebi na cor bege pela burocracia para troca tive que ficar com esse mesmo Pessimima experiência erro primario,"##ima, ##sim, ##i","0.2369, 0.1837, 0.142",negative
Entrega antes do previsto Excelente serviço,"##ente, do, ##ga","0.2756, 0.2135, 0.198",positive
Olá boa tarde O produto negação encaixou chegou sem algumas travas e negação encaixou,"##ou, ##ou, sem","0.5284, 0.4301, 0.3575",negative
Produto recebido super rápido e agora é só testar na churrasqueira,"e, rápido, super","0.2758, 0.2108, 0.1671",positive
Muito rápido a entrega bem antes do prazo,"rápido, a, do","0.1823, 0.1666, 0.1261",positive
Sempre satisfeita com tudo que peço por aqui obrigada,"##eita, satisf, com","0.1461, 0.1396, 0.0977",positive
Nenhuma,"##a, Nenhum","0.7719, 0.0589",negative
Eu recomendo,"##o, recomend, Eu","0.3477, 0.2773, 0.0192",positive
Sem opinião,"opinião, Sem","0.2978, 0.0377",positive
Muito bom recomendo,"bom, recomend, ##o","0.1942, 0.1797, 0.1681",positive
Excelente trabalho,"##ente, trabalho, Excel","0.377, 0.2575, 0.0342",positive
bom,bom,0.0152,positive
Adorei obrigada,"##rei, obrigada, Ado","0.2224, 0.2099, 0.0203",positive
Entrega antes do prazo,"do, ##ga, antes","0.4849, 0.4485, 0.3399",positive
o controle remoto negação funciona e ai recomendo a loja se resolver meu problema ou o controle e so enganaçao mesmo,"##a, funciona, e","0.136, 0.1075, 0.1019",negative
 negação entregaram na cor que escolhi,"##am, entregar, ##i","0.4437, 0.3513, 0.2623",negative
Amei muito lindos e de boa qualidade obrigado lannister,"##i, lan, ##ter","0.1249, 0.0918, 0.0898",positive
Ainda negação recebi o produto e gostaria de ter uma posição isso é uma falta de respeito com o consumidor negação dão nenhuma satisfação já entrei em contato numero vezes e até agora nada l,"negação, negação, com","0.0613, 0.0609, 0.0581",negative
Na foto o cabo está com os conectores instalados mas vieram faltando alterem a foto,"##em, falta, ##ndo","0.2945, 0.2445, 0.2287",positive
Muito lindo igualzinho a foto recomendo,"##zinho, lin, ##do","0.1571, 0.1299, 0.1154",positive
Eu comprei numero MOP e no mesmo dia solicitei a devolução negação tive resposta ainda de como devolver e ainda por cima chegou apenas numero na minha casa,"apenas, numer, ##ver","0.1033, 0.0861, 0.0785",negative
Muito obrigado,"obrigado, Muito","0.3386, 0.0509",positive
 negação recebi nada até agora,"até, ##i, receb","0.2355, 0.1975, 0.192",negative
Frete incompatível com o praticado no mercado se adquirido através do stark Opte por comprar diretamente da loja,"##ível, ##at, ##te","0.9756, 0.9595, 0.9335",positive
Compensa e muito a comprar Pode comprar sem medo de se arrepender,"e, ##ensa, ##er","0.1944, 0.1294, 0.1192",positive
Muito lindas amei as toalhas,"##i, lin, ##das","0.1786, 0.1418, 0.12",positive
Chegou bem rápido,"bem, rápido, Chegou","0.5906, 0.444, 0.0381",positive
Entregue rápido,"##gue, rápido, Entre","0.5873, 0.5265, 0.0605",positive
Demorou para chegar mas veio em ordem Recomendo o vendedor mas negação tem pressa em receber,"##a, ##ndo, Rec","0.8206, 0.4591, 0.3897",positive
Solicito a troca do produto Recebi o produto errado Solicito a troca até dia numero numero numero Pois o produto é presente de aniversário de meu filho que será dia numero numero numero,"numer, Sol, ##bi","0.2703, 0.2052, 0.1434",negative
O produto é muito mais bonito que na foto,"que, bonito, mais","1.1495, 0.7095, 0.5003",positive
Chegou antes do esperado,"antes, esperado, do","0.6072, 0.4038, 0.3141",positive
otima,"##a, otim","0.5779, 0.0485",positive
O produto negação é o que eu esperava mas serve,"é, serve, mas","0.8096, 0.4935, 0.4779",negative
Recebi um produto da mesma marca porém inferior ao que eu havia comprado sem aviso algum do fornecedor,"ao, ##bi, inferior","0.4396, 0.317, 0.2567",negative
De todas as compras realizadas no stark está foi a que mais demorou porém chegou no prazo limite Agora vamos testar para ver se os pratos são bons,"Agora, para, porém","0.3868, 0.3793, 0.3163",positive
Pedido entregue numero dias antes do previsto,"##ido, numer, do","0.4958, 0.4714, 0.3495",positive
Os quadros são lindos Chegou no prazo certo,"##dos, no, são","0.2781, 0.2584, 0.2123",positive
 Produto bom e entrega rapida,"e, ##ida, bom","0.625, 0.3156, 0.2644",positive
Lindo super macio e bem leve e antiderrapante ainda negação lavei parece ser bem fácil pra lavar,"##o, ##o, e","0.1672, 0.14, 0.1337",positive
Muitooo bom o produto gostei,"##o, ##te, o","0.2298, 0.2063, 0.1633",positive
Estou muito chateado com a minha última compra no site hoje já é dia numero e ainda negação recebi meu produto,"##te, ##ado, cha","0.1752, 0.0841, 0.0827",negative
ja pedi a devoluçao do produto mas ate a gora negação tive resposta da amaricanas,"##s, ##u, ##icana","0.4523, 0.2941, 0.2631",negative
Recomendo pois é a primeira vez que acontece mas pedi a devolução pq o produto veio sem acessórios diferente da propaganda Esperando lannister dar retorno,"##ndo, ##ome, ##i","0.9356, 0.5342, 0.479",negative
Entregou bem antes do prazo Tudo certinho,"##tinho, ##gou, cer","0.1906, 0.1582, 0.1545",positive
Achei o tamanho muito pequeno,"muito, ##ei, tamanho","2.5192, 0.6291, 0.545",negative
Loja eficiente,"eficiente, Loja","0.5171, 0.075",positive
muito bonito preço regular podia ser mai barato,"preço, podia, bonito","0.4514, 0.3486, 0.306",positive
Produtos de boa qualidade,"qualidade, ##tos, de","0.4782, 0.2592, 0.1871",positive
Ótima estão de parabéns Obrigada a tds Muito eficiente parabéns,"Ob, ##tima, estão","0.1108, 0.0851, 0.0849",positive
O único problema foi que o produto veio com a caixa do box danificada Acredito que tenha sido no transporte,"foi, problema, ##ificada","0.1467, 0.1378, 0.1142",positive
O farol estava como preto e veio cromado,"##mado, e, como","0.6434, 0.4967, 0.3219",negative
otimo,"##o, otim","0.5781, 0.0578",positive
O produto veio com defeito,"##ito, com, veio","0.8009, 0.472, 0.33",negative
Muito satisfeito em todos os sentidos,"##eito, satisf, em","0.2198, 0.1708, 0.1277",positive
consumindo apenas a numero dias ainda é cedo p ver resultados,"p, ##indo, ainda","0.445, 0.4004, 0.2778",positive
Pensei que o defletor era uma grande placa porém são numero pequenas peças que se encaixam uma na outra sinceramente negação gostei pois no mercado há opção de peça única mais bonita e com melhor design,"##te, ##eram, ##ente","0.3546, 0.3013, 0.2994",negative
Comprei as luminárias e negação foi entregue,"##rei, foi, as","0.1083, 0.1053, 0.0923",negative
Comprei um cartão Micro SD XC I Classe numero e recebi um microSHC UHS I Card que é inferior A imagem utilizada no anúncio ou é p enganar o cliente ou o produto errado foi enviado de forma proposital,"##ital, A, foi","0.1023, 0.0839, 0.0792",negative
Pedi no site o produto no cor preta e veio na cor prata vou pedir a troca e espero que negação tenha dor de cabeça,"##i, e, ##o","0.3231, 0.2279, 0.1968",negative
ótimo produto,"produto, ótimo","0.67, 0.0382",positive
Vale apena estou satisfeito recomendo,"##eito, ##na, ape","0.2044, 0.2018, 0.196",positive
Ótima qualidade chegaram rápido poderiam ter mandado tudo numa caixa so mas isso foi o de menos Amei,"qualidade, ##tima, ##i","0.1965, 0.176, 0.1244",positive
LOJA EXCELENTE A ANOS QUE COMPRO AQUI SÓ TIVE UM TRANSTORNO NA HORA DA COMPRA POIS COMPREI TAMBÉM UM PAINEL E NA FINALIZAÇÃO DA COMPRA TAVA PARCELADO TUDO JUNTO E NO FINAL PARCELOU SEPARADO,"##RA, ##DO, ##PA","3.7307, 2.6267, 1.4022",positive
bom,bom,0.0152,positive
produto razoável,"razoável, produto","0.7659, 0.182",negative
comprei três luminárias e só foi entregue até o momento uma,"uma, ##i, até","0.4962, 0.2054, 0.1784",negative
Essa tesoura deve estar sendo fabricada até agora pq a previsão de entrega era numero numero já era um prazo longo comparado c o de outro produto adquirido no mesmo dia Hj numero numero nada,"numer, ##da, H","0.1832, 0.1799, 0.1793",negative
Produto entregue no praxo estabelecido,"no, estabelecido, ##to","0.5613, 0.409, 0.3106",positive
Produto de qualidade entrega foi realizada antes do prazo e muito bem embalado,"e, embal, ##to","0.1114, 0.1041, 0.0964",positive
Produto correto bem embalado em perfeito estado e no prazo certo e rápido,"##to, certo, estado","0.0949, 0.0832, 0.082",positive
Pontualidade,"##ual, ##idade, Pont","0.8363, 0.485, 0.1819",positive
A loja e boa porei de todos os produtos que eu comprei só esse deu errado,"errado, por, de","0.4638, 0.3114, 0.3099",positive
Depois de montado o produto negação inspira muita segurança,"muita, inspira, o","0.4863, 0.3997, 0.3108",negative
Veio certinho e no prazo,"##o, ##tinho, e","0.6373, 0.4944, 0.3633",positive
Comprei numero fones e só recebi numero,"receb, ##i, ##rei","0.1193, 0.1066, 0.1065",negative
O produto veio faltando algumas peças a empresa se prontificou a envia las estou aguardando,"##tific, ##ndo, estou","0.6618, 0.5898, 0.5153",negative
RECEBI UM PRODUTO CERTO E O OUTRO ERRADO negação ESTOU SATI FESTA PORQUE ACHEI A PARTE DE DEVOLUÇÃO DAS lannister DE DIFÍCIL ACESSO TIVE LIGAR PARA CONSEGUIR DEVOLVER E AINDA negação RECEBI O OUTRO PRODUT,"##RT, ##O, ##TI","0.3612, 0.3037, 0.1714",negative
Produto Demorou um pouco para ser postado mas é de salientar que o produto foi entregue dentro do prazo estipulado pela loja,"um, ##ar, ##ado","0.2347, 0.234, 0.2186",positive
Pedido cancelado unilateralmente pela Lojas lannister sem dar satisfação,"un, ##ido, ##mente","0.3411, 0.3033, 0.23",negative
O produto veio ruim,"ruim, veio, produto","0.6203, 0.431, 0.2815",negative
produto entregue normalmente,"normalmente, entregue, produto","1.376, 0.9308, 0.2783",positive
Tenho uma sugestão O prato de microondas que comprei negação serve exatamente no meu aparelho Gostaria que o site nos desse uma lista de aparelhos que fossem compatíveis com o produto vitando surpresa,"##ndo, surpresa, O","1.0484, 0.6344, 0.5569",negative
o produto chegou no prazo,"no, chegou, prazo","0.6421, 0.4027, 0.2816",positive
preciso que me entregue o produto,"que, o, entregue","0.2523, 0.237, 0.1376",negative
Ainda negação recebi o produto Estou insatisfeita com essa compra pois esperava receber no tempo determinado,"##eita, receb, com","0.212, 0.1305, 0.1175",negative
Muito rápido a entrega,"a, rápido, entrega","0.5162, 0.4183, 0.2018",positive
Chegou um pouco amassada mas nada de mais e chegou antes do prazo,"um, de, ##s","0.4028, 0.3751, 0.3635",positive
Recebi um produto completamente diferente do que foi pago já enviei mensagem por email pelo site da lannister e ninguém se manifestou Quem entregou o produto negação foi a targaryen conforme comprado,"comprado, do, um","0.1984, 0.0942, 0.0832",negative
Produto negação é o mesmo mostrado o fone negação é auricular e tem cerca de numero cm a embalagem veio danificada rachada e faltando pedaço o vendedor negação retorna o pedido de devolução e ressarcimento,"o, é, mostrado","0.1052, 0.0875, 0.0852",negative
Chegou antes do prazo Gostei muito,"##te, antes, Gos","0.3346, 0.3245, 0.2966",positive
Relógio muito bom Possui vários modelos com bom acabamento e estilos,"Possui, bom, acabam","0.4886, 0.3329, 0.2527",positive
Ótimo,"##timo, Ó","0.4036, 0.036",positive
OK,"##K, O","0.3337, 0.04",positive
Missão Comprida,"Comp, ##rida, Missão","3.9268, 2.8864, 0.4485",positive
Entrega super rápida de numero dia para o outro e a qualidade do produto simplismente fantástica,"de, ##ism, ##ente","0.1235, 0.1058, 0.1029",positive
Muito bom recomendo tudo dentro do prazo,"bom, recomend, ##o","0.2099, 0.181, 0.1464",positive
Agradeço pela atenção e informações corretas sobre o produto comprado,"##ço, ##s, ##rade","0.3567, 0.2703, 0.2414",positive
O relógio negação era original e a foto do anuncio negação batia com o qual recebi Produto de pessima qualidade,"##sim, era, negação","0.0819, 0.0773, 0.0684",negative
Muito bom Recomendo,"bom, Rec, ##ndo","0.22, 0.2043, 0.1702",positive
CHEGOU NO PRAZO E O MATERIAL DO PRODUTO É DE ÓTIMA QUALIDADE,"##MA, ##TI, Q","0.6717, 0.4824, 0.4025",positive
como sempre entregando antes do prazo muito bom,"bom, ##ndo, do","0.1631, 0.1626, 0.1317",positive
Muito bom eu recomendo,"bom, eu, ##o","0.2053, 0.1789, 0.1517",positive
Produto conforme a imagem ilustrativa super lindo,"a, ##to, ##do","0.2543, 0.1757, 0.155",positive
E uma ótima plataforma de compra,"plataforma, de, uma","0.3528, 0.2169, 0.1431",positive
 negação recebi o produto no prazo porem endento que o problema negação foi da loja pois quando eu comprei em seguida tivemos a greve dos caminhoneiros,"end, ##o, ##ent","0.2032, 0.1864, 0.1818",negative
Produto muito bom e loja super eficiente,"e, bom, ##to","0.5455, 0.3871, 0.2352",positive
Recebi o produto super direitinho e estava funcionando super bem Porém o led agora negação funciona mais,"o, funciona, mais","0.399, 0.3581, 0.349",positive
Gostei do produto mas ele fica casando muita água e tá tive outros e negação ficava casando,"##te, ##ndo, tiv","0.2532, 0.2173, 0.192",positive
Recebi antes do esperado produto de ótima qualidade Recomendo a quem que economiza e te algo de Boa qualidade e no praso certo,"##iza, qualidade, qualidade","0.0934, 0.0853, 0.0718",positive
Esse produto somente será testado na prática numa tentativa real de furto Aparentemente é funcional e deve inibir a ação dos bandidos Tem bom acabamento e é de prático uso,"é, ##ntemente, será","0.4097, 0.3892, 0.2314",positive
Espelho veio todo arranhado parece que foi econtrado no lixo,"##hado, ##l, que","0.4398, 0.3466, 0.2917",negative
Amei era do jeito que esperava chegou antes do prazo,"##i, do, era","0.2762, 0.1386, 0.1362",positive
A Previsão de entrega era até numero numero a encomenda está atrasada numero dias e se quer tive respaldo da loja,"##ada, de, está","0.1323, 0.1085, 0.1058",negative
 cuba chegou aqui toda quebrada numa cx de papelao fininha sem proteçao negação foi entregue por transport e sim pelo carteiro que nem sabia que era algo frágil terrível negação comprem baixa qualidade,"##m, ##a, ##da","0.1037, 0.0893, 0.0749",negative
Há divergência entre o produto apresentado e o entregue,"##ência, e, apresentado","0.3957, 0.2815, 0.2016",negative
Recebi bem antes do prazo,"##bi, do, bem","0.4259, 0.3684, 0.3375",positive
 negação recebi e ainda negação recebi nenhuma satisfação,"##i, receb, satisfação","0.1166, 0.1159, 0.0979",negative
Pedido veio incompleto estou aguardando a resposta da minha reclamação e até agora nada,"##leto, estou, ##ido","0.0866, 0.085, 0.0783",negative
Lindo o papel de parede,"##o, o, de","0.7578, 0.2629, 0.2598",positive
O produto negação corresponde às descrições de tamanho e peso contidas no site É bem menor e muito mais leve,"às, corresponde, e","0.2668, 0.1869, 0.1421",negative
So negação gostei o que ouve com o preço comprei em um dia no outro dia estava numero numero reais mais barato sem falar que o produto veio com outro nome me dei mal,"negação, ##te, gos","1.0289, 0.9533, 0.7701",negative
Adorei o tapete muito lindo,"##rei, o, ##te","0.1923, 0.1448, 0.1009",positive
Um pequeno atraso na entrega mas valeu,"na, mas, valeu","0.3647, 0.2479, 0.2239",positive
 negação recebi o produto quero reebolso,"##o, ##i, receb","0.2212, 0.1744, 0.1684",negative
COMPREI A TAMPA PARA O COOKTOP CONSUL E EM NENHUM MOMENTO DIZIA QUE negação TINHA O PRODUTO NO DEPOIS A PRIMEIRA PARCELA PAGA É QUE FIQUEI SABENDO DA NOVIDADE,"Q, ##IA, ##I","1.8831, 1.489, 1.4373",negative
ótima compra mas o frete negação compensa pesa no orçamento devia ter frete grates,"##a, compra, no","0.4717, 0.3935, 0.2529",positive
O cesto foi recebido com uma das duas dobradiças amassada e faltando um parafuso de dois de uma lateral que sequer teve a furação do parafuso na madeira ou seja ele nunca foi colocado,"teve, com, foi","0.2849, 0.1367, 0.1257",negative
Comprei dois cobertores e recebi apenas um,"##res, ##rei, ##i","0.1158, 0.1128, 0.1054",negative
ENtrega super rapida,"##ida, rap, ##ga","0.7162, 0.4457, 0.2331",positive
Chegou antes do prazo Sao liindos e o material é de primeira Recomendo,"Sa, antes, ##ndo","0.1168, 0.109, 0.0884",positive
Muito bommm recomendo,"recomend, ##mm, bom","0.2841, 0.1976, 0.1953",positive
O produto atendeu às minhas expectativas,"##u, atende, ##s","0.3639, 0.236, 0.1879",positive
,,,positive
muito bom,"bom, muito","0.2269, 0.0249",positive
Tudo certo,"certo, Tudo","0.5249, 0.046",positive
Entrega dentro do prazo satisfeita com a baratheon,"##eita, do, ##ga","0.5345, 0.2785, 0.277",positive
Excelente vendedor e produto,"##ente, ##dor, vende","0.3908, 0.2422, 0.2422",positive
Produto errado,"##to, errado, Produ","0.5664, 0.4168, 0.1812",negative
Ótimo recomendo,"recomend, ##timo, ##o","0.3514, 0.2554, 0.1988",positive
Eu comprei somente porque negação tenho pressa porque o prazo de entrega os produtos está muito alto,"##a, porque, os","0.8008, 0.5927, 0.3597",negative
Atendimento muito rápido super simpática Na verdade eles estavam em falta do Ganesha mas a peça da Lakshmi que peguei no lugar é muito linda e ainda ganhei outra peça de brinde Recomendo,"super, rápido, muito","0.1689, 0.1119, 0.1103",positive
Entrega antes do prazo parabéns,"do, ##ga, ##éns","0.1507, 0.1372, 0.129",positive
Botei meu dinheiro fora comprei um papael de parede e o produto é muito ruim negação cola e olha que no anuncio avisa que a parede negação precisa ter massa corrida entoa comprei rasguei dinheirooooo,"e, negação, cola","0.1609, 0.1353, 0.0887",negative
Ótima,"##tima, Ó","0.4759, 0.0396",positive
O teclado negação foi entregue ainda,"negação, ainda, foi","0.4017, 0.3891, 0.2544",negative
Comprei o produto como presente o correio fez a primeira tentativa de entrega e negação havia ninguém na residência e o produto teve que ser retirado na central dos correios e apenas eu poderia retirar,"o, ##rei, o","0.5172, 0.3545, 0.3183",negative
Entrega muito rapida,"##ida, rap, ##ga","1.8846, 0.9769, 0.619",positive
Eu negação recebi os dois produtos falta Kit tapetes para cozinha numero peças pintado à mão Cru numero unidade dinheiro cada,"receb, Kit, ##i","0.2176, 0.2053, 0.1971",negative
Demorou muito a entrega sendo que o frete foi caríssimo,"##orou, sendo, muito","0.3585, 0.3367, 0.3046",negative
Devido a variedade da linha de produtos e opções aparador pelos da Philips a loja poderia oferecer informações completas e esclarecedoras sendo possível comparar e ter ideia de qual modelo vem o q,"oferecer, a, informações","0.7656, 0.3377, 0.2681",positive
Produto de ótima qualidade amei eu recomendo,"##i, qualidade, ##to","0.1262, 0.1218, 0.0886",positive
 negação há descrição do produto algum e recebi uma cortina de plastico,"##i, de, e","0.1957, 0.1902, 0.1762",negative
Eu amei os panos,"##i, ##s, ame","0.5307, 0.3155, 0.2504",positive
Peguei frete para minha residência e tive um prejuízo pra retirar no correio,"pra, no, ##te","0.6276, 0.321, 0.2934",negative
No tempo certo,"certo, tempo, No","0.268, 0.215, 0.0776",positive
parabens recebi antes do prazo,"##s, ##ben, ##i","0.3071, 0.1735, 0.1222",positive
Entrega rápida e produto muito bacana,"e, ##cana, ##ga","0.3471, 0.3282, 0.2568",positive
 negação recebi o lustre de bola o quadro foi entregue,"receb, ##i, ##tre","0.3282, 0.314, 0.274",negative
Muito rápida a entrega,"a, rápida, entrega","0.4891, 0.3701, 0.1658",positive
Tudo entregue em perfeitas condições,"##s, entregue, em","0.1523, 0.1504, 0.1304",positive
O produto chegou antes do prazo,"do, antes, chegou","0.966, 0.8122, 0.5209",positive
Gostei do cheiro negação e forte serve para trabalhar o dia todo cheiroso,"e, ##te, ##i","0.6116, 0.474, 0.2833",positive
O PRODUTO negação FOI ENTREGUE GOSTARIA DE SABER COMO VAI FICAR AGORA,"F, ##O, ##O","0.2551, 0.1243, 0.1218",negative
Produto muito bom recomendo,"recomend, bom, ##to","0.7282, 0.633, 0.3674",positive
Lindo amei recomendo,"##o, ##i, ##o","0.2253, 0.1461, 0.1325",positive
Vou deixar mha opinião assim q receber,"assim, [UNK], m","0.6847, 0.4833, 0.4702",negative
Eu gostei veio conforme a foto Eu adorei,"##rei, ##te, conforme","0.1793, 0.1763, 0.1297",positive
Comprei duas pelúcias e só chegou uma unidade Está faltando a pelúcia do emoji diabinho,"Está, uma, ##rei","0.0859, 0.0854, 0.0809",negative
produto de má qualidade,"qualidade, de, má","0.3587, 0.2318, 0.1302",negative
Tudo ok,"o, ##k, Tudo","0.405, 0.1994, 0.0422",positive
ok,"##k, o","0.1263, 0.0138",positive
A torneira é linda só negação sei o funcionamento pois ainda negação a instalei,"##da, negação, sei","0.3289, 0.2686, 0.2543",positive
recomendo a loja meu produto chegou antes do prazo é em perfeitas condições,"##o, ##s, antes","0.169, 0.1222, 0.086",positive
A lannister com está na minha lista mais TOP Quase tudo que tenho comprei por ela sem problemas Recomendo a todos pois durante estes mais de numero anos nunca tive problemas,"##nis, Rec, ##ter","0.0702, 0.0673, 0.0666",positive
 negação tem,"tem, negação","0.4627, 0.0959",negative
ADOREI,"##RE, ##I, ##DO","0.4109, 0.2986, 0.2264",positive
Recomendo com certeza Bolsas grandes otimo material Pesada mas muito linda e bem dividida,"##o, ##ada, ##da","0.2342, 0.2123, 0.1748",positive
Ótimo atendimento,"atendimento, ##timo, Ó","0.5355, 0.4186, 0.0308",positive
O produto está diferente da foto deveriam colocar exatamente o que será enviado,"o, da, deveriam","0.3573, 0.3513, 0.3373",negative
Consta no site como produto entregue no dia data mas na verdade o produto ainda negação chegou,"o, chegou, no","0.2191, 0.2058, 0.186",negative
Chegou antes do prazo é como anunciado ótimo produto,"produto, antes, do","0.1911, 0.1209, 0.1084",positive
O produto veio certo e no tempo correto Recomendo,"##ndo, e, Rec","0.2314, 0.2033, 0.1982",positive
Produto de ótima qualidade e a entrega muito antes do esperado Super recomendo,"do, qualidade, ##to","0.1235, 0.1152, 0.0887",positive
Recomendo,"##ndo, ##ome, Rec","0.3663, 0.3355, 0.0536",positive
Muito satisfeita com o produto porém a entrega demorou um pouco,"um, ##eita, satisf","0.4115, 0.3944, 0.3567",positive
Comprei um par de cartuchos para impressora Hp numero como originais em tamanho XL porém recebi um cartucho preeto que negação imprimiu e segundo um tecnico de impressoras negação é original nem em tamanho XL,"##rei, um, receb","0.0713, 0.0662, 0.0556",negative
O produto negação veio cheio,"cheio, veio, negação","0.6132, 0.5313, 0.3286",negative
Muito top,"top, Muito","0.2741, 0.0271",positive
Muito bom,"bom, Muito","0.2464, 0.0155",positive
O produto de ótima qualidade chegou embaladinho pra presente lindo lindo,"qualidade, chegou, ##adi","0.1517, 0.1159, 0.0813",positive
Chegou em ótimo estado,"estado, em, ótimo","0.2824, 0.2242, 0.1276",positive
Veio antes do prazo Informado de todas as etapas da entrega,"##o, do, ##do","0.1501, 0.1321, 0.1243",positive
Muito bom o atendimento da lannister com recomendo,"o, bom, ##o","0.1807, 0.1787, 0.1378",positive
Melhor loja virtual,"loja, virtual, Melhor","0.4495, 0.2735, 0.0346",positive
vou registrar queixa no reclameaqui porque apesar de informar que me enviaram produto para tensao errada pedi numero V e mandaram numero V apresentei reclamaçao e negação me deram satisfaçao,"que, registrar, de","0.3764, 0.2816, 0.2536",negative
Produto entregue muito antes do prazo o produto ainda negação instalei mas ele é lindo,"do, muito, antes","0.4229, 0.3613, 0.2774",positive
produto chegou antes do prazo adorei,"##rei, chegou, do","0.1628, 0.1305, 0.125",positive
Produto muito bom,"bom, ##to, muito","0.6764, 0.4682, 0.3866",positive
É a primeira vez que há atraso nos meus pedidos,"nos, que, atraso","0.5127, 0.1944, 0.1659",negative
Produto conforme anunciado de boa qualidade,"de, anunciado, qualidade","0.5523, 0.4299, 0.404",positive
Comprei numero unidades e só foi entregue numero unidade O problema negação é do vendedor e sim da empresa que efetua a entrega Estou aguardando alguma providência por parte da lannister,"##ência, negação, ##ndo","0.0877, 0.0847, 0.0744",negative
O produto chegou no prazo,"no, chegou, prazo","0.5823, 0.366, 0.2705",positive
Ótimo prazo de entrega,"prazo, ##timo, de","0.5114, 0.4243, 0.3283",positive
Esperava mais do produto cobre leito fino e sem boa qualidade,"##va, fin, do","0.7799, 0.3799, 0.3575",negative
Aguardo retorno sobre o produto faltante,"##ardo, ##nte, sobre","0.4218, 0.3743, 0.3469",negative
Produto muito bom Correspondeu as expectativas,"##s, Corre, ##deu","0.2768, 0.2155, 0.2004",positive
ótima como sempre,"como, sempre, ótima","0.2162, 0.1183, 0.0228",positive
Entrega no prazo Produto bem embalado e de qualidade Muito satisfeita,"##eita, Muito, Produ","0.1088, 0.0857, 0.0836",positive
Sempre comprei na lannister e negação tive problemas mas dessa vez negação recebi o produto,"##i, receb, negação","0.1432, 0.11, 0.1001",negative
As almofadas são de excelente qualidade e foi entregue antes do prazo,"##fa, qualidade, ##das","0.0728, 0.0688, 0.0681",positive
Produto de primeira linha super bem embalado vendedor comunicativo,"##to, embal, linha","0.0777, 0.0668, 0.0663",positive
Pessimo vendedor foi entregue parte do Pedido e os que vieram são errados comprei numero XL color veio numero XL Preto,"##sim, ##o, ##s","0.2699, 0.2254, 0.1305",negative
Produto veio rapido porem percebi que há alguns parafusos da peça enferrujados,"##ido, rap, ##i","0.4819, 0.2822, 0.207",negative
Recebi anotes da data marcada em ótimo estado Muito obrigada,"marcada, estado, obrigada","0.2273, 0.1617, 0.1484",positive
Produto entregue rápido e conforme especificado,"rápido, e, ##do","0.1945, 0.1879, 0.1677",positive
Cliente negação tem comprometimento com suas vendas,"com, ##timento, ##iente","0.2222, 0.2096, 0.1667",negative
O carrinho é muito bom poderá ser melhor É só diminuir os espaços entres as grades,"ser, É, é","0.3119, 0.2909, 0.2078",positive
chegou super rapio o produto eh excelente vou comprar mais numero pra dar de presentes,"vou, ##io, super","0.1628, 0.1479, 0.1096",positive
O produto é lindo e super leve Fica lindo no pulso Sobre a entrega chegou antes do prazo como sempre,"a, Fica, ##do","0.1054, 0.0953, 0.0819",positive
otima,"##a, otim","0.5779, 0.0485",positive
 negação recebi minha encomenda e a mesma conta como entregue Estou tentando contato com o vendedor e até o momento negação tive retorno,"como, Est, conta","0.2628, 0.215, 0.2081",negative
chegou antes do prazo,"antes, do, prazo","0.6755, 0.6075, 0.2231",positive
Muito bom,"bom, Muito","0.2464, 0.0155",positive
TUDO OK COMO SEMPRE,"CO, ##RE, O","0.1709, 0.1206, 0.1178",positive
produto com preço acessível e entrega rapida,"e, ##ida, acessível","0.935, 0.6244, 0.4595",positive
Entregue antes do prazo prometido muito bom Parabéns,"Para, ##éns, ##gue","0.1246, 0.116, 0.1118",positive
A colcha é bonita o tecido é fino fácil de secar o acabamento das almofadas menores negação é legal porque ficam apertadas,"o, é, porque","0.4545, 0.3842, 0.2728",positive
Produto muito bom adorei o tecido e entregue no prazo,"prazo, ##to, no","0.9557, 0.3853, 0.3672",positive
Tudo ok,"o, ##k, Tudo","0.405, 0.1994, 0.0422",positive
 negação ERA EXATAMENTE O QUE EU QUERIA MAS SERVIU,"E, E, ##S","0.4627, 0.3971, 0.3703",negative
O produto e excelente e a entrega foi super rápida Super recomendo,"e, Super, foi","0.0888, 0.0657, 0.0646",positive
muito boa loja,"loja, boa, muito","0.2274, 0.2023, 0.0166",positive
Espero que o atraso seja por motivo da greve dos caminhoneiros,"seja, ##ro, que","0.5266, 0.4718, 0.2236",negative
Já passou o prazo de entrega e ainda negação recebi o produto,"o, passou, ##i","0.0943, 0.0837, 0.0762",negative
Ainda negação utilizei o produto,"##ei, utiliz, negação","0.3399, 0.2465, 0.246",positive
Recebi o produto antes do que esperava Vcs são incríveis,"do, ##bi, V","0.1231, 0.1127, 0.1072",positive
Chegou antes da data prevista me deixou muito contente Produto de ótima qualidade,"qualidade, ##nte, antes","0.1257, 0.1102, 0.0877",positive
recebi meu pedido faltando um kit progressiva ja enviei varias mensagens pelo atendimento e negação recebo resposta,"##i, ##ndo, envi","0.1286, 0.1153, 0.0877",negative
comprei numero churrasqueira no mesmo dia e mesmo pedido portanto so foi entregue ate agora numero uma,"portanto, ##i, so","0.2675, 0.2469, 0.2402",negative
Tapete top,"##e, ##pet, top","0.5166, 0.3201, 0.2545",positive
Recebi o produto antes mesmo do prazo embalado perfeitamente com o produto escolhido sem problemas Recomendo,"##bi, ##ndo, com","0.0837, 0.0719, 0.0681",positive
Ainda negação recebi meu produto que seria entregue ate dia numero de janeiro de numero,"receb, numer, ##i","0.1847, 0.1525, 0.1438",negative
Amei Super recomendo,"##i, recomend, ##o","0.188, 0.1289, 0.1162",positive
Queria um telefone pra contato comprei dois cofres só chegou um e sem nota fiscal,"um, fiscal, ##s","0.1497, 0.1296, 0.1218",negative
Me mandaram os potes vermelho comprei preto,"##i, ##am, ##s","0.2919, 0.2714, 0.2622",negative
Recomendo para quem deseja aprofundar no mundo de Tolkien e para quem já leu o Silmarillion e trilogia O Senhor dos Anéis Para os fãs da terra média é uma obra indispensável na coleção,"e, para, ##ndo","0.2714, 0.1092, 0.1035",positive
Veio conforme o anunciado simples mais bonita,"##o, simples, o","0.7074, 0.5741, 0.5307",positive
Tudo chegou rapidamente bem embalado,"embal, bem, chegou","0.3826, 0.3386, 0.2557",positive
Ultrabook muito bom rápido e bonito E lannister como sempre entregando antes do prazo,"muito, bom, rápido","0.095, 0.0946, 0.0925",positive
Preços ótimos,"##s, ##ços, ótimo","0.573, 0.2939, 0.2862",positive
já é a segunda vez que compro nesta loja super eficiente entrega rápida e antes do prazo contratado produto bem embalado Nota numero Muito Obrigado,"numer, ##ado, é","0.0648, 0.0577, 0.0576",positive
Produto estraviado pro correio,"##viado, pro, estra","0.8696, 0.7779, 0.3968",negative
Obrigado por mim deixar satisfeito,"##eito, ##do, ##riga","0.3498, 0.3117, 0.2443",positive
preciso que seja trocada a razão para Cooperativa de laticínios Serramar O restante esta correto negação adianta carta de correção,"negação, ##nta, adia","0.7398, 0.5791, 0.5516",positive
Produto de baixa qualidade Se dependesse de mim esse produto sairia da grade de ofertas,"qualidade, Se, ##to","0.1485, 0.1358, 0.1008",negative
Muito bom o produto chegou antes do prazo Amei,"bom, o, ##i","0.1782, 0.1451, 0.1267",positive
Os tampos da mesa estavam danificados e aparentemente tentaram pintar com qualquer tinta antes de enviar o que só piorou tudo acabamento péssimo lateral do tampo descascando e soltando pedacinho,"##imo, ##ou, ##ificados","0.0769, 0.0694, 0.0642",negative
Horrivel pessimo,"##l, ##sim, ##o","0.8478, 0.7299, 0.7289",negative
Muito bom entrega antes do prazo e as melhores opções do mercado,"antes, entrega, bom","0.2328, 0.2286, 0.189",positive
Única coisa ruim e q tive q buscar nos correios,"coisa, ##nica, e","1.0716, 0.8169, 0.8098",negative
Tamanho maior do que imaginei e material de boa qualidade Superou as minhas expectativas,"do, qualidade, ##ou","0.2671, 0.2129, 0.2092",positive
Paguei o produto é negação recebi,"receb, ##gue, ##i","0.1828, 0.1654, 0.1427",negative
Tudo perfeito,"perfeito, Tudo","0.2223, 0.0404",positive
Mudo minha opinião assim que receber o produto Consta no site que o produto foi entregue mas negação recebi,"##o, assim, no","0.4487, 0.2682, 0.2552",negative
Chegou bem antes do esperado,"do, bem, antes","0.2321, 0.2123, 0.1642",positive
Esta falando o aparelho j numero negação foi entregue,"o, falando, j","0.2051, 0.1767, 0.1336",negative
Boa tarde negação recebi minha marmiteira ainda e ja passou do prazo oque ouve,"##i, do, tarde","0.1835, 0.165, 0.1645",negative
Atendimento muito bom Recebi o produto antes do prazo Sempre fui bem atendida,"Rece, bom, muito","0.1581, 0.116, 0.1088",positive
Produto chegou antes do prazo e o pedido veio certo Só um pequeno detalhe que negação veio o laço que aparece na ilustração tirando isso tudo ok,"um, veio, do","0.1903, 0.1731, 0.1628",positive
Estou entrando com queixa no procom negação consigo falar com niquem dessa loha,"##ha, ##om, lo","0.9909, 0.5199, 0.3978",negative
Gostei do serviço e prazo de entrega,"##te, ##i, e","0.4129, 0.2746, 0.1634",positive
O produto é idêntico há descrição,"##ico, há, descrição","1.845, 0.6882, 0.4627",positive
boa,boa,0.0257,positive
Super recomendo chegou bem antes do prazo e o produto de boa qualidade,"bem, qualidade, ##o","0.1265, 0.1109, 0.1018",positive
Um produto como uma carteira somente poderia ser avaliado depois de algum tempo de uso No entanto o produto é bem acabado e de couro conforme o especificado pela empresa,"e, o, acabado","0.4605, 0.4227, 0.2997",positive
Produto entregue antes do prazo e muito bom bonito e de qualidade boa,"boa, e, bonito","0.2112, 0.1659, 0.1624",positive
O prazo de entrega e muito longo e quando chega na data de previsão de entrega o produto negação foi entregue,"e, foi, longo","0.126, 0.083, 0.0793",negative
otimo recomendo,"##o, ##o, recomend","0.5028, 0.1949, 0.1553",positive
Veio conforme o previsto,"##o, o, conforme","0.4504, 0.3172, 0.1611",positive
comprei dois relógios e recebi apenas um como devo proceder,"##i, ##s, ##der","0.1499, 0.1336, 0.1185",negative
Muito bom atendimento,"bom, atendimento, Muito","0.2686, 0.2539, 0.023",positive
Super recomendo entrega rápida Produto ótimo,"recomend, rápida, ##o","0.1185, 0.1165, 0.1129",positive
Gostaria que as entregas fossem mais rápidas,"que, ##taria, ##s","0.4019, 0.3819, 0.3337",negative
eu daria nota numero chegou antes do tempo,"numer, do, nota","0.9238, 0.4916, 0.4514",positive
Confiável e Rápido,"##vel, ##iá, e","0.4907, 0.3748, 0.2548",positive
Gostei do produto Mas negação é original mas quebra um galho recomendo,"mas, é, ##te","0.2904, 0.2704, 0.2594",positive
Entrega no prazo todos os produtos lacrados Excelente como eu esperava,"##rados, ##ente, Excel","0.3965, 0.2561, 0.2224",positive
produto dentro do esperado sem defeitos,"##itos, do, sem","0.4118, 0.3043, 0.2578",positive
Chamei até numero pessoas da área e negação conseguimos fazer funcionar Só funcionou no ifone Nos andróides negação funciona Vou devolver para a loja vender para outro desavisado Manual em inglês site chines,"##es, ##do, ##al","0.2959, 0.1408, 0.1196",negative
Mesmo vindo na voltagem diferente da que eu pedi eu aida recomendo o site,"##o, ##gem, recomend","0.1936, 0.1785, 0.1566",positive
Produto veio aberto e negação está funcionando corretamente Dinheiro desperdiçado já que minha esposa que recebeu mas jogou as embalagens fora Esses tipos de produtos negação compro mais no baratheon,"##di, e, está","0.1254, 0.1248, 0.116",negative
Dentro do prazo estipulado,"do, esti, ##pula","0.4039, 0.3171, 0.3063",positive
Meus pedidos estão dando como entregues mais negação recebi minha luminária,"receb, mais, negação","0.2382, 0.1942, 0.1877",negative
Entregue corretamente amei a encomenda,"##i, ame, corretamente","0.5393, 0.4878, 0.2886",positive
Tudo certo chegou no tempo certo e veio tudo ok,"certo, chegou, e","0.241, 0.2183, 0.1877",positive
Ótimo produto,"produto, ##timo, Ó","0.4549, 0.3092, 0.0257",positive
Ótima loja e excelente produto,"produto, loja, ##tima","0.2074, 0.1828, 0.1751",positive
Eu comprei um produto e me enviaram outro estou insatisfeita,"##eita, insatisf, compre","0.1823, 0.1058, 0.0995",negative
E a segunda mochila que eu compro somente de cor diferente é linda e moderna,"##da, é, somente","0.3315, 0.2125, 0.2061",positive
Paguei pelo Kit completo shampoo condicionador e ativador de cachos e recebi apenas o ativador de cachos isso tá errado,"##gue, errado, tá","0.2303, 0.2032, 0.1874",negative
Otima qualidade,"qualidade, ##tima, O","0.7762, 0.2333, 0.0431",positive
excelente mamadeira entrega super rápida,"mam, entrega, rápida","0.2316, 0.1823, 0.1776",positive
Good Very good,"Ver, ##od, ##y","0.5023, 0.2377, 0.2336",positive
Rápido,"##á, ##pido, R","0.3019, 0.2654, 0.0326",positive
Otimo funciona super bem,"super, bem, funciona","0.5316, 0.4441, 0.4418",positive
Produto chegou bem antes do previsto,"bem, do, antes","0.8271, 0.3879, 0.3394",positive
Produto de acordo com oq eu esperava Recomendo,"##ndo, Rec, com","0.1717, 0.1576, 0.1323",positive
Na minha opinião negação veio exatamente o que pede pois negação vei os dois conectores vermelhos mas deu certo,"exatamente, veio, mas","0.419, 0.4059, 0.3462",positive
Entregue próximo do limite do prazo entregue em embalagem bem protegida ainda negação pude testar o cabo mas aparenta boa qualidade,"em, do, ainda","0.2415, 0.2367, 0.2106",positive
Gostei da atendimento a única ressalva que eu tive que retirar o produto no correio,"##te, ##i, a","0.3231, 0.2225, 0.1783",positive
Recebi hoje e ainda negação montei as estantes mas as caixas estão íntegras com aparência de transporte cuidadoso Recebi bem antes do prazo Super recomendo a loja,"##i, ##bi, ##o","0.1019, 0.1017, 0.0911",positive
toalhas muito finas qualidade inferior,"##s, inferior, ##s","0.286, 0.2123, 0.2115",negative
Só foi entregue a boneca faltou os panos de pratos és as saias da cama box de solteiro,"foi, ##tou, a","0.5484, 0.5089, 0.5085",negative
Comprei kit com numero produtos e só foi enviado numero produto negação obtive retorno para solução do problema,"para, ##rei, retorno","0.0766, 0.0758, 0.067",negative
achei que era de pelucia a capa mas é um tecido,"##hei, mas, que","0.2547, 0.2188, 0.1771",negative
Muito bom,"bom, Muito","0.2464, 0.0155",positive
Comprei mei produto dia numero e até hoje negação foi entregue,"negação, ##rei, foi","0.1576, 0.1482, 0.129",negative
Um dos produtos chegou com atraso mas fora isso sempre que peço chega tudo direitinho,"mas, com, ##iti","0.697, 0.3955, 0.3173",positive
Comprei numero jogos de cama conforme consta no pedido e recebi só numero jogo Quero solução do problema urgente pois já paguei a primeira parcela estou sendo lesada Sou cliente antiga do baratheon,"##on, ##ada, ##the","0.0801, 0.0781, 0.0567",negative
Rastreio falho produto ficou parado na postagem,"##ho, ##tre, ##agem","0.9105, 0.6689, 0.5845",negative
É a quarta chave canivete que compro lannister e nenhuma delas Deu para dar ficar na minha chave do meu Vectra outra coisa quero devolver às numero horas que comprei Que p é brincadeira,"para, delas, ##cadeira","0.1784, 0.1775, 0.1674",negative
Gostei do produto será muito útil recomendo a loja,"##te, ##i, recomend","0.2318, 0.178, 0.1448",positive
Excelente serviço de compras on line,"##ente, serviço, de","0.3069, 0.1819, 0.1371",positive
RECOMENDO A LOJA PELA RAPIDEZ NA ENTREGA DO PRODUTO,"##EN, ##OM, ##DO","0.3543, 0.1969, 0.1682",positive
Vocês foram muito rápidos na entrega Estamos de parabéns,"##s, na, ##éns","0.0839, 0.0833, 0.0774",positive
O produto negação é IRON GYM como informado no site Exijo meu dinheiro de volta,"meu, é, ##N","0.1513, 0.1179, 0.1101",negative
Ótimos preços,"preços, ##timos, Ó","0.5551, 0.5397, 0.054",positive
Entregou bem antes do prazo,"do, ##gou, bem","0.4737, 0.4593, 0.3917",positive
Muito bom produto,"bom, produto, Muito","0.2349, 0.2048, 0.0256",positive
Exelente,"##nte, ##ele, Ex","0.4404, 0.3343, 0.0369",positive
Olá queria informar que o produto negação foi entregue,"que, informar, ##á","0.2797, 0.2699, 0.1905",negative
Produto ainda negação chegou estou no aguardo,"##to, estou, chegou","0.2372, 0.2308, 0.1823",negative
Muito bom,"bom, Muito","0.2464, 0.0155",positive
RECOMENDO O PRODUTO MAS TENHO UMA RECLAMAÇÃO A FAZER REFENTE A LOJA QUE ME ENVIOU OS PRODUTOS POIS ME MANDARAM O SHAMPOO E AS AMPOLAS COM DATA DE VENCIMENTO MUITO PRÓXIMA VENCENDO JÁ EM numero numero,"##EN, ##OM, ##S","0.7976, 0.4374, 0.3887",negative
ok,"##k, o","0.1263, 0.0138",positive
produto entregue antes da data,"da, antes, entregue","0.7685, 0.5616, 0.5551",positive
tudo bem satisfeito,"##eito, bem, satisf","0.4536, 0.3832, 0.3214",positive
Satisfeita,"##eita, ##isf, Sat","0.734, 0.5126, 0.0478",positive
Sem opinião,"opinião, Sem","0.2978, 0.0377",positive
Bom dia Comprei numero controles e chegou apenas numero,"apenas, dia, ##o","0.2928, 0.2253, 0.1997",negative
Bom,Bom,0.0131,positive
Funciona muito bem negação tive nenhum problema até hoje,"##ion, negação, tiv","0.2223, 0.1645, 0.1575",positive
Perfeito o produto,"o, ##feito, produto","0.7422, 0.5973, 0.2413",positive
Recebemos o produto no tempo combinado e em perfeito estado,"estado, ##be, e","0.1678, 0.1118, 0.0907",positive
Amei realizar compras junto a vcs foram perfeito que negação mude,"##i, que, ##e","0.1961, 0.1358, 0.1342",positive
Meu produto veio falsificado,"##ificado, fals, produto","0.7118, 0.5481, 0.4537",negative
PRECISO COM URGÊNCIA DESTE PRODUTO ESTA DEMORANDO DEMAIS FAVOR ME RETORNAREM COM URGÊNCIA QUANTO A ESTA ENTREGA,"##O, ##IS, ##G","0.4343, 0.4081, 0.2741",negative
Amei,"##i, Ame","0.2484, 0.0172",positive
Produto bom facil de colocar,"facil, de, bom","0.3768, 0.329, 0.2038",positive
Até agora negação recebi o produto,"receb, ##i, agora","0.217, 0.2006, 0.1641",negative
Muito bom muito obrigado,"bom, obrigado, muito","0.2155, 0.2023, 0.1784",positive
A entrega no prazo como prometido o produto é razoável,"razoável, no, ##tido","0.7146, 0.3943, 0.37",negative
Preferia que fosse direto com a lannister com Entrega mais rápida e frete mais barato,"##eria, que, com","0.9121, 0.744, 0.3896",positive
bom,bom,0.0152,positive
A empresa vende sem ter o produto para entregar,"sem, vende, ter","0.1245, 0.1101, 0.1049",negative
Acho que a empresa precisa ter certeza da entrega antes da venda negação sei se voltarei a usar esse site,"da, ##o, antes","0.5457, 0.4513, 0.4509",negative
Gosto da loja e dos produtos porém ainda negação recebi o meu,"##to, ##i, receb","0.2365, 0.2155, 0.1402",negative
Produto chegou dentro do prazo estimado mas essa lente negação atendeu a nossa expectativa ela foi desenvolvida p ourives,"##u, ##s, ##te","0.2721, 0.2701, 0.2666",negative
Estou muito satisfeita o produto é lindo perfeito,"##eita, ##ou, o","0.1593, 0.1015, 0.0752",positive
Estou precisando e negação chegou,"chegou, ##ndo, ##ou","0.4298, 0.3221, 0.2316",negative
Site maravilhoso tanto no atendimento quanto na entrega Muito satisfeito,"##eito, ##o, ##te","0.1725, 0.1319, 0.1003",positive
Envio rápido produto muito bem embalado Recomendo,"bem, ##ado, embal","0.1541, 0.1535, 0.1376",positive
adorei o produto a embalagem o cuidado no envio tudo excelente recomendo,"##rei, o, ##o","0.1956, 0.1266, 0.0903",positive
gostei muito linda,"##te, ##i, ##da","0.2859, 0.1479, 0.1283",positive
Produtos de boa qualidade durável e estilosos recomendo,"qualidade, ##os, du","0.1428, 0.1053, 0.1008",positive
Tava tudo ok so que o espremedor negação funciona como faço pra trocar,"que, so, como","0.3506, 0.3271, 0.3034",positive
Gostei otimo pra quem quer testar o produto,"##o, ##te, o","0.2129, 0.1566, 0.1283",positive
Recebemos com bastante antecedencia produto otimo Infelizmente o Correios deixou a caixa cair e teve uma quebra na lateral mas nada que abone o trabalho,"o, ##o, ##one","0.4736, 0.3247, 0.2985",positive
Satisfeita,"##eita, ##isf, Sat","0.734, 0.5126, 0.0478",positive
O site lannister é muito bom,"bom, ##nis, lan","0.2042, 0.1288, 0.1276",positive
aconteceu algo na entrega e eu negação recebi ainda o produto ninguém me explicou ainda o que foi essa ocorrência,"algo, me, ##i","0.1117, 0.1029, 0.0926",negative
recebi rápido otimo produto recomendo só achei o frete caro,"##hei, ac, ##o","0.3496, 0.3065, 0.3004",positive
produto chegou dentro do prazo,"do, dentro, chegou","0.2812, 0.2651, 0.2367",positive
A empresa deveria usar uma transportadora pois os correios negação tem competência pra envio além da demora corre o risco de negação entregar,"##ra, usar, corre","0.3201, 0.2165, 0.1786",negative
Entregou no prazo estipulado mas poderia adiantar pois muito longo o prazo de entrega,"##ntar, o, no","0.3639, 0.3182, 0.2629",negative
ótimo produto e entrega super rápida,"produto, e, super","0.2836, 0.1557, 0.1415",positive
Recomendo a todos,"##ndo, ##ome, a","0.2545, 0.2362, 0.1417",positive
Cumpriram o prazo e veio tudo certinho,"##mp, ##ri, ##tinho","0.4307, 0.3939, 0.3587",positive
Tudo certo,"certo, Tudo","0.5249, 0.046",positive
No prazo e com qualidade,"e, prazo, qualidade","0.2632, 0.2287, 0.1709",positive
Produto negação foi entregue ainda Por isso negação é possivel fazer uma avaliaçao adequada,"ainda, ##to, é","0.1587, 0.1197, 0.1086",negative
Sempre compro pois é muito confiável produtos no prazo,"pois, produtos, compro","0.2384, 0.2017, 0.1854",positive
O produto é exatamente como na foto tem uma ótima qualidade adorei,"como, ##rei, ado","0.0974, 0.0949, 0.0919",positive
Houve pequeno atraso no prazo de entrega das cadeiras,"atraso, no, pequeno","1.1127, 0.6962, 0.6114",positive
Bom produto,"produto, Bom","0.2844, 0.0265",positive
Chegou tudo em ordem,"tudo, em, ordem","0.5729, 0.4089, 0.3295",positive
Produto de qualidade e entrega antes do prazo,"##to, e, do","0.1084, 0.098, 0.0906",positive
O produto foi entregue em tempo mas ao tirar do pacote e abrir quebrou,"e, quebrou, em","0.3592, 0.2898, 0.268",negative
Chegou em dois dias Super rápido,"Super, dias, em","0.4134, 0.2825, 0.2528",positive
Vou comprar de novo e top,"de, e, ##u","0.251, 0.175, 0.1731",positive
Parabéns muito antes,"muito, antes, ##éns","0.4316, 0.3721, 0.3067",positive
Os travesseiros vieram com a costura torta Parece que o modelo é diagonal,"##ta, ##ra, com","0.7685, 0.5462, 0.4712",negative
Apesar da manifestação dos caminhoneiros o produto foi entregue a contento,"dos, ##nto, da","0.6772, 0.465, 0.3571",positive
Chegou no prazo porém acho que negação tinha o que eu pedi e veio outro modelo Mas mesmo assim estou satisfeita,"##eita, tinha, assim","0.5792, 0.2815, 0.2774",negative
só a estampa que negação é tao viva as cores como a da imagem mas o produto é bom,"é, a, ##o","0.2555, 0.2015, 0.1815",positive
Produto ótimo recomendo,"recomend, ##o, ##to","0.3148, 0.2159, 0.1426",positive
Entrega rápida e embalagem do produto bem cuidada,"e, ##da, ##ga","0.2624, 0.1854, 0.1733",positive
capa de sofa muito horrivel pessima qualidade,"##a, ##l, ##rive","0.3679, 0.3588, 0.3517",negative
Excelente vendedor entrega dentro do prazo,"##ente, do, vende","0.3937, 0.2835, 0.2334",positive
Chegou muito antes do prazo produto conforme descrito no anúncio Recomendo o parceiro,"muito, antes, do","0.1011, 0.0821, 0.0797",positive
entrega feita antes do prazo estabelecido,"do, feita, antes","0.4941, 0.3793, 0.3207",positive
Eu escolhi o conjunto safari dourado e veio branco negação gostei é quero trocar,"##te, trocar, gos","0.6583, 0.3999, 0.3898",negative
AINDA negação RECEBI,"R, ##I, ##DA","0.5903, 0.4141, 0.4108",negative
Gostei muito da minha capa de poltrona e estou muito satisfeita com a agilidade foi entregue bem antes do prazo previsto Recomendo,"##te, ##i, ##eita","0.2271, 0.1479, 0.1448",positive
bom dentro das expectativas,"dentro, das, expectativas","0.2551, 0.1979, 0.107",positive
Perfeita a bolsa e foi entregue no prazo,"##ta, ##fei, no","0.2565, 0.1919, 0.1317",positive
Otimo produto,"produto, ##timo, O","0.5187, 0.2168, 0.0307",positive
Chegou antes do esperado,"antes, esperado, do","0.6072, 0.4038, 0.3141",positive
Recomendo produtos Toma qualidade,"##ndo, ##a, ##ome","0.2957, 0.281, 0.2769",positive
Muita dificuldade de fazer contato com a loja via telefone,"de, ##ita, dificuldade","0.9455, 0.5984, 0.4502",negative
MUITO BOM,"##O, ##U, ##IT","0.2363, 0.176, 0.1477",positive
precisava urgente do equipamento para uma pesquisa porém passou do prazo de entrega e negação me dão nenhuma resposta,"do, passou, ur","0.1439, 0.1321, 0.1299",negative
Entrega foi rapida sobre o perfume é bom mas ja tive melhores mas pelo valor vale a pena,"##ida, ja, mas","0.6728, 0.2797, 0.2538",negative
As folhas da planta de ótima qualidade e o caule também perfeito Excelente produto Bem embalado e chegou bem antes do prazo Compra super recomendada,"qualidade, e, ##ente","0.0638, 0.0611, 0.0604",positive
otimo produto,"##o, produto, otim","0.5759, 0.1849, 0.0283",positive
Tudo ocorreu perfeitamente,"perfeitamente, ocorreu, Tudo","0.3894, 0.3273, 0.0557",positive
Muito linda tecido excelente recomendado A única coisa que negação gostei foi do valor dos fretes Podia ser frete único e mais em conta,"##te, ser, lin","0.2899, 0.1616, 0.1603",positive
 negação é da cor do anuncio Ele é cor de rosa negação gostei,"##te, ##o, gos","0.2976, 0.1704, 0.1624",negative
muito bom o produto e a entrega foi muito rápida,"o, bom, e","0.2138, 0.1757, 0.1069",positive
Chego muito antes do prazo Produto muito bem embalado e de ótima qualidade,"##go, do, qualidade","0.0802, 0.0793, 0.0701",positive
Postagem e geração de código de rastreio rápido produto atendeu as expectativas,"produto, ##u, ##io","0.2746, 0.2513, 0.2264",positive
valeu a pena entrega antes do prazo eu super recomendo,"a, entrega, ##o","0.2413, 0.1357, 0.1275",positive
 negação recomendo pois quando coloquei os cartuchos na impressora para usá los apareceu uma mensagem da HP na tela do computador dizendo que os cartucbos negação eram originais,"##o, recomend, quando","0.6202, 0.3559, 0.2311",negative
Pensei que fosse maior Também achei o inox diferente Passei a esponja e saiu um pouco descascou,"Pass, ##cou, ##x","0.1773, 0.1745, 0.1701",negative
Previsão estava para data e ainda negação chegou,"estava, chegou, ##visão","0.5403, 0.3179, 0.2971",negative
Nota mil tudo perfeito,"perfeito, mil, tudo","0.3202, 0.2575, 0.2212",positive
Tive que ir no correio buscar a mercadoria além de ter pago o frete para receber em minha residência,"##ve, que, o","0.2145, 0.1716, 0.1547",negative
Ainda negação recabi,"##bi, reca, negação","1.3826, 0.9422, 0.586",negative
Os Pneus foram entregues no prazo mas gostaria de relatar um problema Apesar de ter sido entregue dois pneus de modelo e marca iguais um deles parece ser semi novo e negação numero Km conforme o anúncio,"de, ##r, um","0.247, 0.2064, 0.2037",negative
PRODUTO MUITO BOM RECOMENDO,"R, ##OM, ##EN","0.3377, 0.2248, 0.1667",positive
UMA BOSTA negação ENTREGA E negação FAZ ESTORNO DO VALOR VOU TER QUE ENTRAR COM UM PROCESSO CONTRA lannister,"E, ##ter, ##nis","0.2272, 0.1474, 0.1455",negative
Deveriam ter feito contato,"##riam, ter, contato","0.4767, 0.4136, 0.3187",negative
Comprei numero ventiladores e entregaram apenas numero ventilador Nota Fiscal numero Minha ajudante que recebeu quando cheguei em casa percebi que só entregaram numero ventilador e paguei por numero,"numer, ##nte, quando","0.0996, 0.0978, 0.0953",negative
Muito bom Recomendo,"bom, Rec, ##ndo","0.22, 0.2043, 0.1702",positive
Lamentável quero meu dinheiro de volta Produto de péssima qualidade e negação funciona,"##ima, ##ent, qualidade","0.1065, 0.0975, 0.0809",negative
entrega muito atrasada,"##ada, muito, atras","0.7064, 0.4122, 0.355",negative
Gostaria de saber como vai ficar minha situação pois o produto negação foi entague,"##ue, ##ag, foi","0.1568, 0.1435, 0.1066",negative
Meu produto negação foi entregue Recebi email que vieram na minha casa e negação tinha ninguém Eu passei o dia todo em casa e negação apareceu ninguém,"todo, Rece, foi","0.1052, 0.0977, 0.0894",negative
Gostei muito fiquei na dúvida no começo mas agora compro novamente e recomendo produto entregue antes do prazo,"##te, mas, ##i","0.2243, 0.2077, 0.1513",positive
Produto entregue dentro do prazo A capinha tem boa qualidade e macia negação alterando mto as dimensões originais do aparelho semelhante as capas de boas qualidades de concorrentes como a Apple,"qualidade, dentro, do","0.2394, 0.2164, 0.1922",positive
recomendo,"##o, recomend","0.3142, 0.0434",positive
Excelente,"##ente, Excel","0.384, 0.0447",positive
muito bom produto,"bom, produto, muito","0.1932, 0.1832, 0.0256",positive
Bom,Bom,0.0131,positive
xx,"##x, x","0.4101, 0.0305",positive
AINDA negação RECEBI O PRODUTO CONTINUO NO AGUARDO,"##I, ##O, R","0.8184, 0.6631, 0.5851",negative
No anúncio negação informa a voltagem do produto,"negação, a, ##gem","0.3505, 0.3464, 0.3427",negative
Produto entregue antes do prazo Veio tudo certo,"##o, antes, do","0.564, 0.3104, 0.3054",positive
Cortina linda Amei irei comprar outras cores,"lin, ##da, ##tina","0.1375, 0.1241, 0.1173",positive
Produto com qualidade Recomendo a compra esse é o segundo produto que compro,"Rec, ##ndo, ##to","0.1668, 0.1344, 0.1241",positive
Já comprei nas lojas amerinas e negação tive promeblas na entrega do produto talves seja porque foi a propria loja que entregou dessa vez negação tive sorte foi outra empresa que iria entregar o produto,"##bla, foi, ##s","0.135, 0.1296, 0.1256",negative
Produto de ótima qualidade e entrega super rápido,"qualidade, ##to, de","0.1206, 0.0803, 0.0733",positive
Gostei muito do produto e a entrega me surpreendeu numero dias antes do prazo Aprovado,"##te, ##i, do","0.2541, 0.1588, 0.1297",positive
Comprei mas estava indisponível aí negação recebi no prazo,"##pon, receb, ##i","0.4974, 0.3734, 0.3486",negative
Demorou muito mas a capinha é boa,"##orou, ##inha, muito","0.3333, 0.2903, 0.2806",positive
Ótima Loja muito rápida produto chegou em numero dias úteis recomendo muito,"Loja, ##tima, recomend","0.1297, 0.1294, 0.0953",positive
ótimo produto alem da expectativa Encaixa perfeitamente no mandril sds plus,"produto, ##s, Enc","0.2704, 0.2596, 0.1514",positive
Muito bom Chegou dentro do prazo,"bom, Chegou, dentro","0.2246, 0.2167, 0.1852",positive
produto bom apesar de sr numero agodão e numero poliester mas fica lindo na cama recomendo,"de, ##do, ##o","0.6135, 0.5146, 0.5051",negative
Como podem mandar um produto errado negação existe conferências Loja falha,"falha, Loja, negação","0.2411, 0.1686, 0.1607",negative
Chegou atrasado mas está valendo,"##ndo, ##ado, atras","2.5268, 1.4247, 1.0429",positive
Ainda negação usei o produto assim negação tenho como avaliar,"##ei, tenho, us","0.4437, 0.3759, 0.3636",negative
 ainda negação tive tempo de abrir a caixa com a cadeira verificação da perfeição do produto Acredito que está tudo bem,"de, ##e, ##ção","0.7024, 0.5678, 0.4645",positive
Ótima compra Obrigado,"compra, ##tima, Ob","0.3919, 0.3306, 0.2164",positive
Produto foi entregue com muita demora,"##ra, demo, com","0.526, 0.3309, 0.2773",negative
Muito bom,"bom, Muito","0.2464, 0.0155",positive
DEMORA DIMAIS NA ENTREGA PEDIDO AVALIAÇÃO E O PRODUTO AINDA NEM CHEGOU,"##A, ##IM, ##A","0.2551, 0.1994, 0.147",negative
produto de qualidade Ainda negação testei pois o celular que comprei junto ainda negação foi entregue,"Ainda, de, ##i","0.6247, 0.4601, 0.4418",positive
Entrega Rápida tudo certo na compra,"tudo, na, ##ga","0.393, 0.3705, 0.3069",positive
A entrega foi realizada antes do esperado Produto de excelente qualidade,"qualidade, antes, foi","0.0948, 0.0823, 0.0805",positive
Chato foi ter que ir nos correios para buscar Nem em área de risco eu moro,"##to, em, Nem","0.6876, 0.3562, 0.3178",negative
Recebi bem antes do prazo Recomendo numero,"##bi, do, antes","0.1841, 0.1688, 0.1476",positive
Chegou antes do prazo custo beneficio muito bom,"bom, antes, do","0.2133, 0.2043, 0.1765",positive
fiquei muito satisfeita,"##eita, satisf, ##quei","0.3815, 0.2341, 0.1947",positive
Produto bem bacana Acabamento perfeito,"Ac, ##cana, ba","0.2307, 0.1955, 0.1434",positive
Está em trânsito há numero dias e até agora nada acho muito dificil o sistema de comunicação da stark deveria ter uma forma mais facil de realizar as reclamações,"há, acho, ##icil","0.2688, 0.2212, 0.1981",negative
O único problema são as agencias de correios que dizem ter ido a residência entregar e que negação havia ninguém na residência o que negação confirma Mas no geral esta tudo bem Grata,"##ta, são, esta","0.2215, 0.185, 0.1672",positive
Chegou muito antes do prazo que estipularam adorei Material bom,"##ial, ##rei, bom","0.2265, 0.2108, 0.1907",positive
Eu recomendo este produto porque atendeu a minha necessidade e tem boa qualidade,"atende, qualidade, ##o","0.2368, 0.2211, 0.2051",positive
Bom produto,"produto, Bom","0.2844, 0.0265",positive
Houve um problema de comunicação entre os e mail enviados e s a entrega em separado sem aviso mas no final recebi tudo certo e no prazo Assim sendo recomendo e compraria novamente,"mas, um, de","0.2784, 0.2529, 0.212",positive
excelente produto recomendo,"produto, ##o, recomend","0.2838, 0.1697, 0.1583",positive
Houve numero tentativas de entrega mas eu negação me encontrava no momento para receber Aguardo orientação de como proceder para receber o produto ou cancelar a compra,"##ardo, orientação, ##ar","0.2703, 0.199, 0.1555",negative
otimo,"##o, otim","0.5781, 0.0578",positive
Muito bem embalado,"##ado, embal, bem","0.5297, 0.4397, 0.4083",positive
Vou precisar trocar o produto porque a cor da lâmpada está errada,"##r, ##u, o","0.3247, 0.2719, 0.225",positive
Só chegou às coloração o carrinho auxiliar negação veio,"veio, chegou, auxiliar","0.6641, 0.5947, 0.553",negative
Produto totalmente fora das medidas do aparelho a capa tampa quase todo o leitor de digitais e a película é tão pequena que nem consigo deixar no aparelho,"##a, ##to, das","0.1135, 0.1051, 0.085",negative
Comnprei numero transformadores de numero w da marca BAK modelo BK numero e o que chegou em minha residência foi numero transformadores de numero w de uma outra marca e modelo Estou muito insatisfeito com a stark,"##eito, ##r, com","0.1521, 0.0889, 0.0605",negative
Estou tentando pegar meu dinheiro de volta desde novembro de numero Por último pedi dois cubo mágico e me entregaram só um A nota veio dobrada é passado fita quando abri a cx vi q só tinha u,"##i, ##da, de","0.0772, 0.0703, 0.0699",negative
Posso aceitar isso e meu coração continua aberto,"isso, ##o, continua","0.3488, 0.2548, 0.2067",positive
so to chateada pq comprei numero tenis ja veio a fatura e eu negação recebi o tenis ok recebi foi um emeil dizendo que estao com dificudades para mandar cendo guando comprei tinha no estoque,"to, ##te, cha","0.465, 0.4126, 0.2804",positive
Preço bom e entregou no prazo,"e, bom, no","0.4227, 0.2187, 0.1996",positive
Muito rui eles negação ciporta com o criente,"##i, ru, eles","2.1938, 1.2332, 0.9418",negative
Muito bom,"bom, Muito","0.2464, 0.0155",positive
produto com defeito,"##ito, com, defe","0.6576, 0.3799, 0.2501",negative
Gostei muito do produto negação tem ardencia nos olhos e nem cheiro alisou numero fos meus cabelos mais acho que da segunda vez ficara super liso,"##te, ##o, ##i","0.3338, 0.2631, 0.2074",positive
Ótimo produto,"produto, ##timo, Ó","0.4549, 0.3092, 0.0257",positive
Recebi o produto e o mesmo veio dobrado ao meio acredito que para efeito de transporte Acontece que o Material do produto PVC é muito ruim de modelar e tirar a dobra que ficou,"##bi, o, de","0.4897, 0.4769, 0.4354",negative
Comprei no dia numero numero e até hoje dia numero numero negação recebi o produto O prazo de entrega se encerrou no dia numero numero Lembrando que é um presente de Natal Continuo no aguardo,"##bra, ##o, ##o","0.0943, 0.0895, 0.0789",negative
Como e possível paga o frete e o produto negação chegar em casa,"chegar, paga, em","0.5905, 0.28, 0.2607",negative
vou guardar o nome da loja entrega rapida e produto qualudade,"##r, ##ida, ##de","1.0148, 0.7811, 0.5524",positive
 negação recebi o produto que eu escolhi no site mas achei digno a empresa mandar uma carta explicando o motivo Por isso negação irei trocar Super recomendo,"##o, recomend, ##i","1.5606, 1.1385, 0.7773",positive
Foi entregue somente um dos transformadores entregue o de numero va e falta o transformafor de numero va,"um, o, entregue","0.3269, 0.3026, 0.2379",negative
Tentativa de compra numero x Cancelada por negação motivos Já reembolsada Por favor esqueça que eu existo negação quero mais receber e mails ou ligações a respeito,"##ada, Can, ##ta","0.2386, 0.2281, 0.1977",negative
Foram comprados numero produtos que seriam entregues pelo mesma loja e fornecedor Entretanto somente um dos produtos foi entregue O outro negação foi e consta no sistema como enviado Sem resposta da loj,"somente, da, um","0.2054, 0.1669, 0.1166",negative
Ótima,"##tima, Ó","0.4759, 0.0396",positive
produto excelente,"excelente, produto","0.3627, 0.069",positive
Produto de qualidade bem embalado e alem de lindo Amei Entrega super rápida,"bem, embal, ##i","0.1242, 0.1111, 0.1108",positive
A entrega foi rápida Produto correto Recomendo O único se negação é que as informações do site negação foram atualizadas em tempo,"é, foram, se","0.5503, 0.3687, 0.358",positive
Estou sem trabalha por que o meu kit de tesouras fio de navalha negação chego e eu quero receber sou cliente a tanto tempo e acontece isso comigo como vai ficar minha cituaçao,"##ça, ##tua, ##o","0.3409, 0.2939, 0.1161",negative
muita demora comprei a fruteira e maos de um mes pra entrega insatisfeira Meu pinceis comprei estava na data pra entrega e negação entregaram passou a data e ate agora nada,"##eira, compre, demo","0.0839, 0.0826, 0.0766",negative
PRODUTO JA CHEGOU COM DEFEITO negação FUCIONOU CONFORME MINHA NECESSIDADE DE USO INFELIZMENTE ULTIMA COMPRA MINHA TOTALMENTE INSATISFEITO,"F, ##TI, ##RA","0.2567, 0.1291, 0.0959",negative
 negação recebi,"receb, ##i, negação","0.6056, 0.5817, 0.085",negative
Adorei fazer a compra veio no prazo direitinho só acho que a peça do liquidificador tinha que vir com a borracha de vedação,"##rei, fazer, acho","0.2706, 0.1786, 0.1699",positive
Produto chegou no prazo e tudo OK Recomendo Poderiam ter enviado uma cópia da NF junto pois a mesma foi recebida apenas eletronicamente,"no, ##ndo, junto","0.1897, 0.1818, 0.1663",positive
Produto entregue dentro do prazo e de boa qualidade Recomendo,"qualidade, Rec, do","0.1615, 0.1505, 0.1482",positive
Tudo ok,"o, ##k, Tudo","0.405, 0.1994, 0.0422",positive
Recomendo sempre devido ao atendimento pós compra,"##ndo, ao, ##ome","0.2903, 0.2267, 0.2137",positive
estou aguardando ate hoje a entrega do produto comprado em numero dezembro numero aguardo retorno urgente att alice bretanha,"##t, ##o, ##ndo","0.1871, 0.1469, 0.1436",negative
O produto é do jeito que eu esperava veio perfeito e antes da data de entrega,"que, e, veio","0.2317, 0.1549, 0.1301",positive
Rastreamento PP numero numero numero BR Ainda negação chegou na unidade do Correios em Porto Alegre,"##ent, chegou, ##tream","0.4724, 0.4622, 0.421",positive
ÓTIMA LOGISTICA ENTREGUE ANTES DO PRAZO LIMITE PARABENS,"##TI, ##MA, L","0.1484, 0.1479, 0.0916",positive
Entrega no prazo Produto adquirido Perfeito estado Muito bom,"bom, Per, Muito","0.1633, 0.1325, 0.1273",positive
Amei o produto Excelente qualidade,"##i, ##ente, qualidade","0.2079, 0.1797, 0.1489",positive
 negação recebi e negação quero esse produto,"##i, receb, esse","0.151, 0.1435, 0.1238",negative
Tudo ok,"o, ##k, Tudo","0.405, 0.1994, 0.0422",positive
Ótimo produto,"produto, ##timo, Ó","0.4549, 0.3092, 0.0257",positive
Tudo ocorreu bem e chegou antes do prazo,"ocorreu, bem, e","0.2589, 0.2497, 0.2369",positive
Eletrobomba negação encaixou corretamente na minha máquina Obs gostaria de devolver,"##ver, de, na","0.441, 0.3918, 0.3015",negative
Comprei duas placas Heineken e recebi dias totalmente diferente,"totalmente, ##i, diferente","0.3149, 0.2768, 0.2739",negative
Produto de Qualidade,"##idade, ##to, de","0.5843, 0.382, 0.2515",positive
Gostei protege mesmo o notebook Além de caber caderno,"##te, ##i, mesmo","0.9795, 0.6391, 0.4124",positive
Mais infelizmente comprei numero lixeiras e chegaram só numero lixeiras,"compre, só, ##elizmente","0.1579, 0.1349, 0.1131",negative
Prestativo,"##ta, ##tivo, Pres","0.9537, 0.3477, 0.0858",positive
CHEGOU BEM ANTES DO PRAZO MUITO RECOMENDO,"##TE, ##S, AN","0.3969, 0.3091, 0.2008",positive
O produto chegou em boas condições e no prazo estabelecido,"em, condições, e","0.303, 0.3005, 0.2528",positive
qualidade boa preço bom e entrega rapida estão de parabéns agradecido ari,"bom, preço, boa","0.1429, 0.1414, 0.1328",positive
Chegou rápido igual a foto mas a chave negação serve para o modelo GM Agile como disse na descrição O comando do controle remoto da chave original negação cabe dentro da caixa do canivete Pedi a devolução,"rápido, igual, ##ução","0.3469, 0.2731, 0.2426",negative
Recebi o xampu e negação recebi o creme,"##bi, receb, ##i","0.2904, 0.283, 0.2582",negative
comprei numero caixas do xtramaster só mandaram numero talvez tenha confundido é o que eu espero que tenha acontecido e enviei a outra caixa Estou aguardando,"##i, ##ido, ##ndo","0.3532, 0.3267, 0.2991",negative
gostei muito exatamente como esperava,"##te, como, exatamente","0.3015, 0.2985, 0.2017",positive
PEDI UMA CHALEIRA DE numero LITROS ME ENVIARAM CHALEIRA DE numero LITROS E ESTÃO SE RECUSANDO A TROCAR,"##R, ##CA, ##I","0.0977, 0.0955, 0.0898",negative
O serviço e ótimo a demora é do Correio,"a, ##ra, e","1.5621, 0.8371, 0.5734",negative
Foi ótimo comprar com vocês especialmente pelas informações recebidas constantemente em meu e mail,"recebida, ##s, comprar","0.4016, 0.3448, 0.2562",positive
Sensacional,"##sa, ##cional, Sen","2.4655, 1.6138, 0.1023",positive
O produto chegou com um pequeno atraso mas chegou bem embalado O produto é muito bom e recomendo a todos,"mas, chegou, atraso","0.7811, 0.3621, 0.36",positive
Gostei muito chegou direitinho antes do prazo recomendo,"##te, dire, ##i","0.2464, 0.1947, 0.1658",positive
bem pratico otimo,"##o, ##o, pratic","0.3344, 0.238, 0.2106",positive
Como podemos recomentar essa loja se os senhores negação consegue cumprir com os prazos estabelecidos por vocês essa foi a minha primeira compra e também será a ultima que farei,"##ntar, essa, consegue","0.7781, 0.4039, 0.3494",negative
Sempre compro tudo que preciso nas lannister com pela qualidade dos produtos e pela rapidez das entregas estão de parabéns,"compro, tudo, ##nis","0.0814, 0.0631, 0.0557",positive
Produto entregue antes do prazo Perfeito Parabéns,"##to, ##éns, antes","0.0947, 0.0941, 0.0801",positive
Paguei dois produtos com numero e só veio um na nota fiscal consta duas unidades porém quando eu abri a caixa só tinha uma unidade desde já peço vênia,"##nia, ##ço, vê","0.1823, 0.123, 0.1212",negative
No prazo bem embalado e os cartuchos estavam intactos,"##ctos, ##ado, inta","0.6473, 0.5805, 0.4291",positive
Excelente custo beneficio Comprei sem provar o tamanho somente a numeração que levei em conta e ficou igual a uma luva perfeito e bonito,"##ente, custo, ##o","0.2246, 0.1324, 0.1025",positive
Produto conforme descrição,"descrição, ##to, conforme","0.3428, 0.2313, 0.1577",positive
Péssimo parceiros de vcs,"##s, de, ##o","0.6152, 0.4555, 0.4421",negative
Excelente produto de ótima qualidade chegou a encomenda antes do prazo estipulado Recomendo o produto e a loja,"##ente, produto, qualidade","0.1225, 0.0731, 0.0634",positive
 negação gostei veio com defeito,"##te, ##ito, gos","0.3615, 0.3298, 0.3048",negative
Produto muito bem embalado chegou rapido otimo custo beneficio,"##o, ##o, embal","0.1385, 0.1245, 0.1066",positive
Chegou antes do prazo Recomendo é confiável,"antes, do, ##ndo","0.1564, 0.1365, 0.11",positive
produto dentro do que esperava alem da entrega ter chegado antes do prezo previsto,"do, ##zo, previsto","0.3345, 0.3162, 0.3158",positive
Muito boa qualidade,"qualidade, boa, Muito","0.3017, 0.2728, 0.034",positive
Encomenda entregue bem antes do prazo recomendo a todos,"do, ##o, recomend","0.1487, 0.14, 0.1356",positive
As lannister estar de parabens o produto foi entregue antes do prazo previsto e o produto é muito bom eu recomendo,"##s, eu, ##o","0.0808, 0.0765, 0.0608",positive
achei que demoro mais que os outros pedidos,"##ro, ##hei, que","0.4196, 0.3264, 0.2702",negative
Indico,"##ico, Ind","0.3725, 0.0204",positive
otima compra farei mais vezes por motivo de preços mais em conta que outros concorrente a entrega foi bem antes do prazo indicado gostei de compra nesta loja pelo site estou vendo mais alguns produtos,"##a, ##te, gos","0.2112, 0.1299, 0.1129",positive
No frete econômico o prazo poderia ser mais rápido e nos principalmente,"ser, ##te, e","0.1948, 0.1708, 0.1454",positive
Este recebi certo,"##i, receb, certo","0.3153, 0.2706, 0.236",positive
Ótimo amei,"ame, ##timo, ##i","0.2895, 0.2206, 0.1935",positive
Produto de boa qualidade,"qualidade, ##to, de","0.5177, 0.2447, 0.2322",positive
Estou em viagem Portanto fora do lugar do recebimento da mercadoria Sei que foi entregue e que caixa do produto corresponde ao produto solicitado Ainda preciso checar a qualidade,"Portanto, ao, que","1.1472, 0.7233, 0.6908",negative
excelente produto c respondeu a minha expectativa,"produto, respondeu, a","0.2746, 0.201, 0.15",positive
Chegou antes do prazo parabéns,"antes, ##éns, prazo","0.1278, 0.1077, 0.0936",positive
Chegou muito antes do prazo Quase numero dias antes Produtos excelentes Amei,"muito, ##i, numer","0.1001, 0.0945, 0.0875",positive
o produto é de otima qualidae e chegou antes do prazo de entrega,"##a, e, do","0.3108, 0.2358, 0.1612",positive
Adorei a lixeira muito linda e moderna,"##rei, a, ##da","0.1745, 0.1315, 0.0808",positive
O produto oferecido no anúncio é um mas o que foi entregue se difere de forma que altera seu funcionamento,"de, se, ##a","0.4326, 0.3587, 0.2147",negative
Infelizmente o cartucho negação deu na impressora canon mg numero,"o, deu, na","0.6311, 0.3707, 0.2892",negative
Recomendo,"##ndo, ##ome, Rec","0.3663, 0.3355, 0.0536",positive
Aguardo receber o produto,"##ardo, receber, o","0.7501, 0.5041, 0.4073",negative
Material frágil negação fiquei satisfeita Achei q fosse melhor,"negação, ##ial, fi","0.4149, 0.3046, 0.2676",negative
Muito boa rápida e eficiente,"e, boa, rápida","0.2925, 0.2768, 0.2645",positive
Recebi em tempo hábil produto superou minhas expectativas satisfeito super recomendo UM ARRASO,"##SO, ##RA, ##o","0.3594, 0.3033, 0.1421",positive
Produto bom e entregue bem antes do prazo,"e, bem, bom","0.3851, 0.1823, 0.1785",positive
produto entregue dentro do prazo correto,"do, dentro, entregue","0.2411, 0.2359, 0.1868",positive
Comprei DOIS porta talheres e recebi apenas UM até o momento juntamente com uma NF onde constam dois produtos,"juntamente, ##rei, U","0.0875, 0.0809, 0.0785",negative
Produto negação entregue no prazo prometido Ainda aguardando a entrega do produto,"entregue, no, ##to","0.2774, 0.1492, 0.1415",negative
Boa para a entrega porem tive meu cartao bloqueado apos esta compra Logo após fazer a compra no dia seguinte o BB avisou que estava bloqueando meu cartao de credito,"para, ##ado, tiv","0.3194, 0.255, 0.2487",negative
Em relação à compra e entrega foi tudo tranquilo mas o tapete mesmo fazendo os ajustes indicados na instrução negação tem um encaixe perfeito,"##o, tem, ##te","0.2773, 0.2634, 0.1758",positive
Tô grato pela rapidez,"##to, gra, ##idez","0.4815, 0.216, 0.197",positive
Baixar o valor do frete tem sido um pouco caro,"caro, ##r, pouco","0.331, 0.289, 0.1902",positive
Entregaram bem antes do prometido pelo valor bem bom o produto,"o, bom, ##tido","0.474, 0.3897, 0.3738",positive
 Pedidos anteriores foram recebidos Somente essa ultima compra negação foi entregue ainda,"essa, foi, Somente","0.7269, 0.5105, 0.4589",negative
Muita demora pra entregar e acima de tudo negação tem nehuma informacao se o produto saiu pra entrega ou ate mesmo qual é a situação q o produto está E Vale lembrar que o pagamento já foi efetuado,"##ra, ##ita, ##ma","0.0863, 0.0793, 0.0693",negative
 negação recebi o pedido,"receb, ##i, o","0.2669, 0.2302, 0.1349",negative
O produto chegou bem antes do prazo previsto e da maneira que pedi,"e, do, previsto","0.3254, 0.3163, 0.2733",positive
Ótima loja entrega antes do prazo Super recomendo,"loja, ##tima, Super","0.1391, 0.135, 0.1043",positive
Adorei Tudo perfeito Rastreamento entrega rápida e o produto,"##rei, Tudo, Ras","0.1174, 0.1087, 0.0857",positive
rapido e pratico da compra,"##ido, ##o, e","0.5834, 0.3156, 0.2675",positive
Foi muito bom,"muito, bom, Foi","0.3068, 0.2918, 0.0318",positive
Nunca mais eu comprou nas Américas,"mais, nas, comprou","0.5496, 0.4535, 0.308",negative
muito bom e chegou antes do prazo,"e, bom, do","0.245, 0.2035, 0.1806",positive
Amei é ainda mais lindo q na foto Entrega feita antes do prazo,"##i, ##do, Entre","0.1887, 0.1331, 0.1045",positive
Produto é muito bem acabado e ficou melhor do que eu esperava Recomendo,"e, do, acabado","0.4495, 0.4249, 0.2795",positive
entrega no prazo e produto correto,"no, e, correto","0.3352, 0.277, 0.1953",positive
o produto é bonito mas muito frági l chegou bem amassado,"##gi, ##s, mas","1.0163, 0.634, 0.5254",negative
Os cartuchos entregues negação são da HP embora é entregue na caixa e aparentemente pareça mas é um produto falsificado Solicitei a troca dos mesmos mas ainda negação obtive retorno,"##ificado, negação, ##te","0.1239, 0.088, 0.0853",negative
Parabéns pela eficiência,"pela, ##éns, ##b","0.2235, 0.1556, 0.1298",positive
Sem previsão de recebimento a lannister deveria negação fazer qualquer tipo de negócio e prezar pelo clientes da lannister que são fiéis,"##imento, negação, de","0.1432, 0.1179, 0.1106",negative
Perfeito chegou antes do prazo de entrega e o produto e lindo,"##feito, chegou, do","0.0963, 0.0957, 0.0939",positive
 negação gostei pois me deram numero dias ÚTEIS e depois desses numero dias meu produto negação chegou,"##te, gos, ##i","0.1557, 0.108, 0.0834",negative
Capacidade da bateria do carrinho poderia ser maior e a carga poderia ser feita sem a necessidade de retirar a bateria do lugar,"poderia, ser, ##cidade","0.1808, 0.1739, 0.1506",positive
Na descrição constava a medida numero numero x numero numero mts mas veio numero numero x numero numero Pedi para trocar e negação tem mais o produto e sim cupons com desconto negação tenho interesse Queria a cortina tamanho certo negação recomendo,"##o, ##i, recomend","0.0843, 0.0756, 0.0613",negative
Excelente qualidade Parabéns,"##ente, Para, qualidade","0.1412, 0.0988, 0.0948",positive
muito bom entrega correta recomendo,"recomend, correta, entrega","0.2236, 0.2124, 0.2077",positive
Produto de boa qualidade e chegou mais rápido que o esperado super recomendo,"qualidade, ##to, ##o","0.0893, 0.0859, 0.0718",positive
Tudo em ordem,"em, ordem, Tudo","0.2478, 0.1335, 0.0227",positive
O produto apresentado na foto negação condiz com o produto entregue O arco negação é tão grande e o babado só fica virado para cima negação tem caimento e negação tem acabamento em renda,"##iz, O, na","0.0983, 0.0858, 0.0665",negative
Paguei o frete mais o produto negação chegou em minha casa tive q ir buscar nos correios,"chegou, o, ##e","0.3935, 0.3697, 0.3542",negative
PRODUTO DIFERENTE DO ANUNCIADO,"##ER, ##IF, ##EN","0.4205, 0.2211, 0.2007",negative
 negação recebi passou do prazo tentei localizar e disse que o produto tinha saído dos correios de SP encaminhado a outra agência e na outra agência fui informando que o produto negação tinha chagado lá,"tent, do, ##i","0.2418, 0.2299, 0.2081",negative
A mochila é bem grande e de boa qualidade gostei muito e a entrega foi dentro do prazo,"##te, do, e","0.5194, 0.4442, 0.3437",positive
Deu tudo certo,"tudo, certo, Deu","0.3279, 0.2538, 0.0221",positive
Muito bonitinhos e macios,"##iti, ##os, ##nho","0.7406, 0.4203, 0.3897",positive
Recebi o produto até dentro do prazo mas foi um desperdício de dinheiro Material super fraco luz interna péssima quase negação dá pra ver as horas negação condiz em nada com o anunciado,"##bi, fraco, ##d","0.1078, 0.0962, 0.0954",negative
Bim,"##m, Bi","1.1814, 0.1066",negative
solicito a devolucao do produto,"##ito, ##uc, a","0.2688, 0.263, 0.172",negative
Adorei a mercadoria produto entregue antes do prazo,"##rei, a, ##ia","0.3535, 0.2265, 0.1493",positive
tudo ok,"o, ##k, tudo","0.4489, 0.2017, 0.0351",positive
entrega rápida produto conforme esperado,"esperado, rápida, produto","0.3011, 0.2064, 0.2008",positive
as toalhas que comprei eram de cores escuras as duas no entanto veio cor clara o que eu negação queria,"veio, cor, ##i","0.3173, 0.2466, 0.2301",negative
Loja nota numero,"numer, nota, ##o","0.3888, 0.3437, 0.233",positive
gostei muito chegou no prozo certo perfeito,"##te, ##i, chegou","0.2904, 0.1486, 0.1409",positive
maravilhosa,"##a, maravilhos","0.4226, 0.0484",positive
estou esperando aminha mangueira e negação chegou ainda já passou do prazo que foiii estipulado pela loja a muito tempo e uma bosta negação chegou ainda minha mangueira,"##ta, esperando, ##do","0.0673, 0.0672, 0.0636",negative
Ainda negação tenho como avaliar a compra pois os Correios atrasaram a entrega e ainda negação recebi o produto,"##i, a, receb","0.1695, 0.1686, 0.1472",negative
Demorou muito para o produto chegar negação compro mais no site,"compro, mais, muito","0.8139, 0.5937, 0.4116",negative
Entregou antes do prazo muito bom satisfeito,"satisf, ##eito, ##gou","0.1763, 0.173, 0.1592",positive
Chegou antes do prazo,"antes, prazo, do","0.7643, 0.4887, 0.377",positive
Se superou na qualidade do produto e na entrega,"na, superou, do","1.373, 0.5888, 0.4805",positive
Adorei o Relógio muito bacana Recomendo,"##rei, o, Rec","0.195, 0.1627, 0.1072",positive
estou satisfeito,"##eito, satisf, estou","0.5362, 0.3551, 0.0296",positive
Achei o produto de ötima qualidade,"qualidade, ##ei, o","1.3256, 0.9722, 0.6295",negative
apesar da confusão com a entrega produto foi entregue Agradeço,"com, ##ço, da","0.3867, 0.3491, 0.2579",positive
Tudo transcorreu de forma plenamente satisfatória Estou muito satisfeito,"##tória, trans, satisfa","0.1158, 0.1065, 0.1021",positive
Capacete fantástico Atendimento melhor ainda Só tenho a agradecer,"##cer, ainda, ##ástico","0.1478, 0.1328, 0.1258",positive
só uma observação quando forem entregar o produto aguardar pelo menos um pouco pra que o cliente abra o portão e negação tocar campanhinha é sair rápido demais Por conta disso tive que buscar nos corr,"quando, uma, o","0.406, 0.2955, 0.2803",negative
O produto que coloca na água veio aberto molhou o papel das instruções e manchou a fonte,"##hou, ##hou, o","0.4891, 0.3145, 0.3089",negative
S o recebi um cartucho O quadro demonstrativo negação est a claro Muito tempo para um simples cartucho Quando você vê ate negação imagina que va se extender tanto,"##der, tempo, ##i","0.2315, 0.154, 0.1439",negative
Bom produto,"produto, Bom","0.2844, 0.0265",positive
produtos de ótima qualidade,"qualidade, de, ótima","0.2973, 0.1705, 0.1126",positive
Produto excelente Correspondeu as expectativas,"##s, Corre, ##deu","0.3447, 0.3013, 0.2657",positive
Comprei um produto para dá de presente e o mesmo negação chegou na data prevista Até o momento negação recebi nenhuma justificativa pelo atraso,"##rei, um, chegou","0.0739, 0.0708, 0.0583",negative
Só achei muito longo o prazo de entrega,"o, ac, de","0.3111, 0.3095, 0.2071",negative
Chegou antes do prazo previsto Estou muito satisfeita,"##eita, satisf, antes","0.4776, 0.247, 0.1993",positive
 negação recebi o produto acredito ser problema dos correios prazo de entrega expirou,"##irou, ##i, receb","0.1814, 0.1666, 0.1467",negative
O produto é bonito gostei,"gos, ##te, bonito","0.5834, 0.4903, 0.3557",positive
Recomendo a loja,"##ome, ##ndo, a","0.4967, 0.4644, 0.2631",positive
produto compacto atendeu as expectativas e como sempre entrega antes do prazo,"atende, compacto, ##u","0.1912, 0.1478, 0.1312",positive
Produto aparentemente de ótima qualidade apenas a película negação serviu para o aparelho,"serviu, para, de","0.9944, 0.9708, 0.9182",negative
Ainda negação recebi minha compra,"##i, receb, compra","0.2593, 0.2534, 0.1902",negative
Entrega rápida só que a lixadeira que me mandaram foi diferente da qual eu comprei e colocaram um bilhete dizendo que o modelo que eles me enviaram era o mais atual,"só, que, da","0.5239, 0.448, 0.361",positive
Rapidez na entrega superou as expectativas,"na, ##idez, as","0.3646, 0.3437, 0.3386",positive
A gente só compra porque se ilude pensando que está comprando na lannister Quando descobre que é com parceiros é tarde Esse negócio de parceiros deve acabar,"Esse, compra, ##ude","0.3422, 0.2962, 0.2762",negative
recebi,"##i, receb","0.8994, 0.0884",positive
ok nota numero,"numer, nota, ##o","0.4658, 0.3326, 0.2746",positive
Bom,Bom,0.0131,positive
Embalado perfeitamente amei Só gostaria que as favas negação fossem cortadas gostaria que chegassem inteiras,"##i, que, ##s","0.4651, 0.3529, 0.3452",positive
O produto chegou antes do previsto veio certinho conforme o descrito no site e veio bem embalado,"##ado, veio, do","0.1441, 0.0887, 0.0854",positive
Boa,Boa,0.0208,positive
A empresa deixou de dar enfase a marca do item que estava sendo vendido Acabei com um produto chines de qualidade duvidosa,"##es, ##a, ##se","0.1988, 0.176, 0.1425",negative
Na foto produto cores fortes bonitas Produto recebido cores desbotadas,"bonita, ##adas, ##s","0.8334, 0.7279, 0.6857",negative
O produto é o que eu pedi chegou muito rápido mas negação era bem o que imaginava do produto,"era, mas, ##i","0.4615, 0.3559, 0.3451",negative
O site alia praticidade com muita eficácia Estou satisfeito,"##eito, Est, eficácia","0.3983, 0.19, 0.1503",positive
perfeito material bom otimaa qualidade ja estamos usando o suporte,"##a, material, bom","0.1996, 0.1818, 0.1217",positive
Obrigada pela atenção Lojas lannister sempre atenta ao seus consumidor,"##da, ##riga, Loja","0.2021, 0.1429, 0.1038",positive
Já fez um mês e ainda negação recebi o produto,"##i, fez, receb","0.0934, 0.0827, 0.0796",negative
Ok,Ok,0.0186,positive
Muito boa a loja esta de parabéns,"a, boa, esta","0.2542, 0.2215, 0.0976",positive
ainda negação recebi o produto que ja deveria ter chegado por isso estou começando a ficar desapontada com o site lannister,"##tada, a, ##pon","0.1995, 0.1331, 0.1165",negative
Tudo ocorreu conforme a compra,"a, ocorreu, conforme","0.3718, 0.3594, 0.2868",positive
Tudo dentro do esperado,"do, dentro, esperado","0.4234, 0.4144, 0.1633",positive
Comprei duas redes que na descrição dizia que eram de numero numero metros apenas uma é desse tamanho e a outro é bem menor e mais fina a rede maior veio com falhas na costura mas são boas redes,"redes, ##ra, ##rei","0.2641, 0.1616, 0.1406",negative
Fiz a solicitação de cancelamento do pedido e negação obtive resposta da empresa Ainda por cima consta no site como produto entregue porém negação o recebi,"consta, a, ##z","0.1294, 0.0929, 0.0887",negative
 negação recebi o produto que eu comprei,"##i, receb, o","0.1535, 0.1414, 0.0982",negative
Infelizmente ainda negação tive oportunidade para testar o produto,"ainda, o, para","1.0507, 0.9137, 0.4931",positive
O produto negação chegou em casa tive que pegar no s correios mais longe do meu bairro,"chegou, em, ##e","0.5699, 0.3316, 0.3182",negative
 Bom,Bom,0.0131,positive
 Os pneus que eu comprei só veio dois dos quatro que eu comprei,"dois, veio, que","0.3419, 0.2435, 0.2235",negative
Produto incompleto,"##leto, ##to, incomp","0.7817, 0.3718, 0.2937",negative
Bem organizado Recomento,"organizado, Rec, ##nto","0.3203, 0.3088, 0.2508",positive
O produto chegou antes do prazo muito satisfeito parabens,"##eito, satisf, ##s","0.6714, 0.5338, 0.3248",positive
Legual o atndimemnto,"##ual, o, ##nto","3.1704, 1.8555, 1.0704",positive
Demorou de mais pra chegar se tivesse comprado fora do país negação demoraria tanto,"de, ##orou, se","0.3675, 0.3048, 0.2143",negative
Muito bom,"bom, Muito","0.2464, 0.0155",positive
Kit bolsas lindas gostei muito,"##te, bolsas, lin","0.3502, 0.2148, 0.1815",positive
Produto veio correto porém a cor veio trocado,"troca, ##do, porém","0.3269, 0.277, 0.272",negative
chegou sem uma peça,"sem, uma, peça","0.5201, 0.2254, 0.2177",negative
Entrega feita dentro do prazo,"##ga, do, dentro","0.3805, 0.3463, 0.3366",positive
Gostei de comprar na lannister Com,"##te, ##i, na","0.2946, 0.2032, 0.1585",positive
Só demorou um pouco,"um, demorou, pouco","0.5522, 0.4486, 0.2764",positive
O produto ainda ano foi entregue,"ainda, foi, ano","0.3289, 0.3279, 0.327",negative
Excelente,"##ente, Excel","0.384, 0.0447",positive
Comprei os produtos todos de ótima qualidade Entrega foi rápido antes do prazo combinado Recomendo a todos essa loja,"qualidade, ##rei, Entre","0.1069, 0.065, 0.0618",positive
O produto negação é tão portátil quanto anunciado,"##til, é, quanto","0.593, 0.4599, 0.3334",negative
Linda boneca minha filha gostou muito,"bone, muito, ##ca","0.275, 0.2157, 0.1552",positive
O produto que eu comprei veio errado comprei duas placas de lavadora diferentes veio duas iguais veio duas bwg C numero A e necessito da outra placa Bwl numero urgente,"compre, errado, ##i","0.518, 0.2898, 0.2152",negative
Bom,Bom,0.0131,positive
Produto ótimo e chegou antes do prazo Recomendo,"e, ##to, do","0.152, 0.0907, 0.0751",positive
Produto com boa qualidade e entregue antes do prazo,"qualidade, e, com","0.5589, 0.3305, 0.2427",positive
otima entrega,"##a, entrega, otim","0.6891, 0.2036, 0.0432",positive
MUITO BOM MAS DEVERIA ESPECIFICAR MAS SOBRE O PRODUTO,"MA, ##S, ##OM","0.8873, 0.5601, 0.4728",positive
amei a mochila da minha filha,"##i, a, ##la","0.3376, 0.1571, 0.114",positive
Recebi o produto numero dias antes do prazo quando abri a caixa notei que os fios vieram na cor preta e eu fiz o pedido na cor branca varios arames da luminaria estão tortos deixou a desejar pra mim,"do, ##os, ##bi","0.4877, 0.4819, 0.4546",positive
Produto de qualidade,"##to, de, qualidade","0.3626, 0.257, 0.1811",positive
Achei lindo e recomendo,"##ei, ##do, lin","0.2089, 0.1862, 0.1524",positive
São muito atenciosos e prestativos,"##ciosos, e, muito","0.2503, 0.1722, 0.1506",positive
Fiquei muito satisfeita com o produto fiz um pedido especial para entrega e eles acolheram este pedido que pra mim fez toda a diferença Muito feliz obrigada nota numero,"##eita, numer, ##quei","0.123, 0.091, 0.0799",positive
Entrega super rápida a mercadoria chegou muito antes do prazo e em perfeito estado Ótimo produto super recomendo a todos Estou muito feliz com minha compra,"##ga, a, ##o","0.0648, 0.0557, 0.0553",positive
nota numero,"numer, ##o, nota","0.6087, 0.3474, 0.0391",positive
a entrega do produto foi rápida estou muito satisfeito com a compra,"##eito, satisf, com","0.6674, 0.3493, 0.3276",positive
Entrega no prazo super recomendo,"recomend, ##o, super","0.263, 0.2183, 0.1961",positive
 negação estou sastifeita por que comprei numero esteira e só chegou numero esteira aguardo a providência,"##o, ##st, ##ência","0.2941, 0.2374, 0.2315",negative
Em numero numero fiz a compra solicitando numero lustres pendentes do tipo bola mexicana mas recebi só numero O tempo de entrega até surpreendeu mas do que adianta se veio metade do pedido Aguardo esclarecimentos,"do, ##ndeu, ##ardo","0.1399, 0.1239, 0.1165",negative
Comprei numero pendetentes de luminária os produtos vieram pelos Correios mas apenas numero um em cada caixa mas a nota fiscal consta numero produtos Solicito o outro ou vou devolver,"##ver, ##to, numer","0.1542, 0.0883, 0.0858",negative
Super recomendo,"##o, recomend, Super","0.2466, 0.2167, 0.0133",positive
Embora todo o processo tenho corrido bem o produto veio com defeito Farei a devolução no gatilho que negação obstrui a passagem da água,"##ito, ##ei, todo","0.6274, 0.3465, 0.3411",negative
ótimo e recomendo nota oito e meio,"e, oito, ##o","0.4872, 0.3024, 0.2695",positive
Fiz dois pedidos uma mangueira pra entrada de água e outra de saída porém vieram as duas de saida preciso resolver,"resolver, uma, vieram","0.346, 0.2341, 0.1969",negative
Parabéns pelo comprometimento com seus clientes,"pelo, ##éns, ##b","0.1837, 0.1216, 0.0964",positive
O produto é excelente Amei,"Ame, excelente, é","0.6436, 0.4198, 0.3471",positive
Entrega foi efetuada antes do prazo a meu pedido Adorei pois eu tinha viagem marcada e queria levar o presenter Deu certo,"##rei, pois, Ado","0.2706, 0.2011, 0.1345",positive
Grato pelo retorno eficiênte,"##ênt, efici, ##to","0.6395, 0.4212, 0.3335",positive
Recebi antes da data prevista E o produto era realmente o esperado,"o, da, realmente","0.4057, 0.3002, 0.288",positive
 negação chegou ainda,"ainda, chegou, negação","0.6694, 0.5106, 0.0926",negative
Bom comprei de presente para meu pai que está acostumado a usar relógio Orient automático negação gostou pedi a devolução do produto,"ped, compre, ##ução","0.6734, 0.5763, 0.527",negative
INDICO A LIJA A TDS A entrega a imediata,"a, ##DI, ##CO","2.1873, 1.2044, 1.1527",positive
Recomendo sempre,"##ndo, ##ome, sempre","0.3124, 0.2979, 0.2328",positive
muito bom,"bom, muito","0.2269, 0.0249",positive
Ótimo produto de Fácil manuseio E preço bastante atrativo,"produto, ##tivo, ##timo","0.208, 0.1739, 0.1506",positive
Produto chegou antes do previsto Entregue em condições excelente,"##to, do, excelente","0.099, 0.0863, 0.0863",positive
ótimo produto como eu queria,"produto, como, queria","0.5235, 0.2278, 0.2042",positive
gostei bastante da cortina,"##te, da, ##i","0.4032, 0.2839, 0.205",positive
comprei um relogio de presente de natal para meu filho e ate agora negação chegou enviei mensagens e na ultima conversa o relogio chegaria ontem porem negação recebi nada,"##i, ##i, envi","0.0675, 0.0636, 0.0576",negative
meu produto chegou no sábado dia numero numero e veio faltando uma peça fundamental e agora negação consigo montar a cadeira como faço para trocar,"montar, no, ##ndo","0.1215, 0.1123, 0.0975",negative
Pensei que o tecido tinha uma qualidade superior É muito inferior ao que eu pensei em comprar,"muito, É, superior","0.188, 0.1776, 0.1601",negative
Obrigado vocês estão de parabéns produtos excelente,"##riga, ##do, produtos","0.1259, 0.1185, 0.0771",positive
A entrega ocorreu dentro do prazo porém paguei frete mas tive que ir no correio buscar neste caso o frete deveria ser mais barato,"dentro, pag, ocorreu","0.1544, 0.142, 0.1398",negative
Caros Meu produto veio errado medicamento e com o agravante de já estar vencido Gostaria da reparação com a máxima urgência,"##ção, ##s, medica","0.2777, 0.2435, 0.2385",negative
Produto ótimo só que a parte de colocar a CNH tinha que ser maior um pouquinho pra que seja colocada com o plástico que vem acompanhado nela tirando isso daí o resto tudo ok e obrigada,"só, que, ##to","0.3436, 0.1532, 0.1108",positive
Produto bom de ótima jogabilidade pessoal muita rápido na entrega,"de, pessoal, jogabilidade","0.3795, 0.2401, 0.197",positive
Muito bom,"bom, Muito","0.2464, 0.0155",positive
Produto demorou muito pra chegar,"muito, pra, ##to","0.7377, 0.4147, 0.3934",negative
Maravilhoso os produtos super recomendo Produto entregue antes do prazo Obrigadaa,"##hos, ##vil, ##da","0.1017, 0.0958, 0.0796",positive
Experiência ótima de realizar compra na loja lannister,"##ência, de, ótima","0.1971, 0.1598, 0.1323",positive
o produto atende a necessidade porém a conservação ddeixa a desejar,"##r, a, d","0.6656, 0.4966, 0.4681",negative
Quero estorno do meu dinheiro o mais rápido possível ou ainda aceito a entrega do meu produto,"##r, ##o, do","0.1291, 0.0901, 0.0766",negative
Recomendadissimo,"##nda, ##ome, ##o","0.253, 0.2355, 0.2151",positive
Eu adorei o produto e eles entrega antes da data prevista,"##rei, ado, o","0.3985, 0.2579, 0.252",positive
quando comprei o produto a entrega era de numero dias uteis ja tem quase trinta ainda naõ recebi,"receb, ##i, compre","0.0808, 0.0797, 0.0724",negative
otimo,"##o, otim","0.5781, 0.0578",positive
Película Baseus numero D Arc Em Vidro Temperado Galaxy Note numero negação é me enviaram do iphone SE,"Base, ##do, é","0.4324, 0.3719, 0.3373",negative
Bom produto,"produto, Bom","0.2844, 0.0265",positive
Minha encomenda foi atingida por incêndio em unidade operacional dos correios As lannister ainda negação se pronunciou pelo caso se vai mandar uma nova encomenda se vai me devolver o dinheiro etc,"##unciou, ##ver, foi","0.0963, 0.0959, 0.0916",negative
Estou aguardando a dupla de quadros pois so foram entregues as cortinas Apos receber altero minha avaliação,"receber, ##o, ##ndo","0.4082, 0.3659, 0.3354",negative
Super Recomendo,"Rec, ##ndo, ##ome","0.3662, 0.2657, 0.2071",positive
Pelo valor tá bom,"bom, tá, valor","0.4321, 0.3327, 0.2832",positive
Muito bom,"bom, Muito","0.2464, 0.0155",positive
O produto chegou em perfeitas condições e dentro do prazo Além disso havia um brinde super útil da loja dentro da embalagem Adorei,"##rei, ##s, da","0.088, 0.0849, 0.0832",positive
Ótima loja,"loja, ##tima, Ó","0.4244, 0.3605, 0.0251",positive
Entregou no prazo produto de qualidade,"##gou, no, produto","0.6127, 0.4744, 0.3823",positive
PERFEITO ENTREGA RAPIDA E OTIMO PRODUTO,"##M, ##DA, ##EI","0.118, 0.1055, 0.0923",positive
Adorei ótima loja meu pedido chegou rapidinho Eu recomendo lojas lannister,"##rei, loja, ótima","0.1479, 0.1361, 0.1202",positive
Chegou antes do praço nada a reclamar,"##ço, antes, do","0.4035, 0.3335, 0.2556",positive
Empresas idôneas que sempre cumprem o que prometem,"##ôn, ##e, cump","0.3049, 0.2884, 0.1331",positive
Adorei minha compra veio tudo como imaginei perfeito com certeza recomendo,"##rei, minha, com","0.1398, 0.0983, 0.0828",positive
Produto muito bom,"bom, ##to, muito","0.6764, 0.4682, 0.3866",positive
dentro do prazo bem embalado valeu a pena comprar,"a, do, bem","0.2972, 0.2886, 0.2443",positive
Vou me casar e comprei vários produtos nas lojas lannister e só está dando problema até agora negação chegou,"e, até, chegou","0.1488, 0.1446, 0.1206",negative
O pedido foi entregue duplicado recebi numero de cada item Uma das balanças veio danificada Aguardo a retirada dos itens enviados em duplicidade,"##idade, ##do, ##ificada","0.1923, 0.1486, 0.1435",negative
Uma vergonha um parceiro destes Vendeu o produto confirmou descontou o valor do cartão e agora quer cancelar o pedido pois alega negação ter em estoque Isso é crime E o stark segue em silêncio,"um, ver, destes","0.1106, 0.0634, 0.0619",negative
Comprei numero HDs de numero TB ssd porém só foi entregue uma unidade ate o momento Aguardando um retorno com urgência,"só, ##ndo, uma","0.0893, 0.0842, 0.0761",negative
Recomendo stark a outras pessoas,"##ndo, ##r, ##ome","0.2581, 0.2485, 0.1952",positive
É um site muito legal e até agora achei segurança em fazer compras neste site e os produtos são de uma boa qualidade,"e, qualidade, em","0.2344, 0.125, 0.1244",positive
Gostei da pontualidade,"##te, ##i, ##alidade","0.4521, 0.2666, 0.2489",positive
Produto bonito de ótima qualidade,"de, qualidade, ##to","0.2795, 0.2018, 0.1463",positive
Comprei o produto no dia numero numero após numero dia eu ainda negação recebi meu produto Demora demais pra entregar se tive comprado da china já estaria aqui,"##ora, demais, receb","0.4899, 0.3323, 0.3072",negative
A cor dos produtos entregues negação conferem com o meu pedido A cor das mantas pedidas foi a cor tabaco Mantas entregues na cor cinza,"##m, confere, com","0.6368, 0.2711, 0.2006",negative
Podiam entregar com mais agilidade,"##m, ##dia, com","0.662, 0.5019, 0.3126",negative
Até o momento negação recebi,"##i, receb, negação","0.2954, 0.2374, 0.2079",negative
Chegou rápido e é um excelente produto,"produto, rápido, e","0.169, 0.1441, 0.1157",positive
Produto de ótima qualidade porém e entregue pelos Correios que nunca entregam em casa,"pelos, e, qualidade","0.7035, 0.6151, 0.5534",positive
entra super rápida e ótimo atendimento,"super, e, atendimento","0.3599, 0.3222, 0.3139",positive
satisfeito,"##eito, satisf","0.462, 0.0248",positive
recomendo,"##o, recomend","0.3142, 0.0434",positive
Bem confiável,"confiável, Bem","0.487, 0.0325",positive
Gostei muito da rapidez da entrega do produto do atendimento eu indicaria sim,"##te, ##i, da","0.3496, 0.2302, 0.1526",positive
otima loja,"##a, loja, otim","0.5579, 0.1661, 0.0287",positive
 negação recebi ainda o produto por negação ter nota fiscal o produto negação foi liberado,"fiscal, o, ##i","0.2936, 0.2355, 0.1811",negative
Fiz uma compra no mês de Fevereiro de numero o prazo informado no site era que a entrega ocorreria até data Até hoje o produto negação chegou na agência do correio Como devo proceder,"##der, proce, chegou","0.2325, 0.1726, 0.1173",negative
Legal,Legal,0.0461,positive
Ainda negação recebi obproduto,"##i, receb, ##duto","0.3329, 0.2933, 0.2464",negative
valor acessível e produto muito bom dentre as demais qualidades de entrega rápida e correta,"dentre, e, acessível","0.2874, 0.2102, 0.1974",positive
Produto conforme foto Gostei,"##te, Gos, foto","0.3428, 0.2504, 0.2459",positive
Produto vendido de baixa qualidade Película nova já negação aderiu por completo a borda negação cola bem no display,"de, Pel, qualidade","0.1006, 0.096, 0.0887",negative
Muito bom,"bom, Muito","0.2464, 0.0155",positive
Produto chegou em perfeito estado e atendeu as expectativas,"##to, estado, em","0.0832, 0.0722, 0.0575",positive
o produto excelente entrega demorou mais q o previsto Mas fui avisada que iria demorar um pouco mais,"entrega, demorou, mais","0.4809, 0.2934, 0.2558",positive
Recebi o Kit e veio faltando o condicionador Estou muito triste e aguardo uma solução,"##bi, e, ##ador","0.1608, 0.1425, 0.1255",negative
Comprei duas caneleiras e uma porta caneleira as duas caneleiras chegou mais a porta caneleira negação,"mais, can, a","0.2584, 0.1866, 0.1559",negative
Foi aberto chamado no site ontem dia numero numero pois o produto recebido é diferente da foto do anuncio,"da, no, é","0.334, 0.3235, 0.2698",negative
Comprei numero produtos e ó recebi numero um,"receb, numer, ##rei","0.2477, 0.1627, 0.1615",negative
NUNCA MAIS COMPRO NESSA PORCARIA,"##RO, ##CA, ##IS","1.2639, 1.2354, 0.9247",positive
A loja sim mais o site me deixou a desejar pois fiz essa compra com vale e negação me enviaram um item alegando que negação foi autorizado o pagamento se foi confirmado no dia da compra,"##r, mais, a","0.3821, 0.3314, 0.2561",negative
Produto de excelente qualidade bonito O atendimento foi muito bom entrega dentro do prazo,"entrega, O, dentro","0.1426, 0.1222, 0.117",positive
Sempre comprei nesta loja Sempre recebi a mercadoria correta,"receb, compre, ##i","0.3581, 0.3266, 0.2951",positive
A entrega foi rápida o produto superou as minhas expectativas pena que o recarregador de baterias veio com um pequeno defeito de fabricacao ma nada que comprometa a lanterna,"que, nada, ##ta","0.5258, 0.3104, 0.259",positive
Bom produto,"produto, Bom","0.2844, 0.0265",positive
Ok,Ok,0.0186,positive
Chegou no prazo e um ótimo produto,"produto, no, e","0.4056, 0.2463, 0.1523",positive
muito bom o produto super recomendo o vendedor,"o, bom, ##o","0.1689, 0.1516, 0.1117",positive
vcs podiam abaixar o valor do frete e colocar de vez enquando frete gratis seu frete e muito caro,"aba, ##tis, seu","0.2511, 0.2162, 0.1523",positive
Bom produto vendedor celere é profissional,"produto, ##re, vende","0.4079, 0.2706, 0.2349",positive
Produto muito bom e de acordo com a figura mostrada Entrega muito antes da programada Gostei de comprar na lannister,"##te, e, bom","0.1943, 0.1401, 0.1147",positive
Nossa muito bom recebi antes do prazo de entrega adorei bem bonitas as bolsas recomendo,"muito, receb, bom","0.1708, 0.1168, 0.1095",positive
Muito bom entregue no prazo,"entregue, no, bom","0.3156, 0.3007, 0.2779",positive
bom produto veio sem neum defeito bom,"##ito, ##m, sem","0.6022, 0.5297, 0.3582",positive
Preciso entrar em contato com vcs urgente,"##o, com, ##gente","0.437, 0.3067, 0.3064",negative
Amei os produtos,"##i, os, produtos","0.3655, 0.1892, 0.1266",positive
No anuncio mostra numero peças tudo mentira eles contam com o recheio dos travesseiroseus e almofadas que por sinal é de péssima qualidade pedaços de espuma picadas horrível péssimo,"##ima, ##ira, ##imo","0.1167, 0.0887, 0.0884",negative
Produto exatamente como anunciado entrega super rápida,"como, ##to, entrega","0.1333, 0.1087, 0.0934",positive
Recebi a nota fiscal sem o meu produto o status da entrega diz que já foi entregue Mas me entregaram apenas a nota fiscal,"fiscal, ##bi, a","0.2535, 0.1885, 0.1775",negative
Produto chegou dentro do prazo especificado pela loja vendedora e em perfeito estado nenhuma avaria no mesmos,"estado, dentro, ##aria","0.2997, 0.2569, 0.2537",positive
produto foi para assistência dentro da garantia e voltou negação funcionando e agora nem as Lojas lannister nem o fabricante me dão retorno satisfação A justiça e as redes sociais serão NECESSÁRIOS,"e, e, ##ter","0.0822, 0.0819, 0.0734",negative
PRODUTO negação CHEGOU DENTRO DO PRAZO INFORMADO,"##E, C, ##O","0.5605, 0.5091, 0.3851",negative
meu produto veio errado,"errado, veio, produto","0.618, 0.4574, 0.4568",negative
Prazo de entrega gigante e mesmo assim conseguiram atrasar a entrega,"e, gigante, ##zo","0.2107, 0.1464, 0.1334",negative
Pena que demora tanto saudades do tempo que comprava no site das lannister e recebia na mesma semana,"que, ##ra, do","0.5401, 0.4495, 0.4309",positive
Entrega dentro do prazo porém o produto veio diferente da foto um tecido muito leve e fino,"e, da, diferente","0.2211, 0.1978, 0.1809",negative
Recebi produto diferente do que comprei Comprei luminária branca fria e me entregaram neutra Trata se de produto para instalação em meu cliente e vou perder o prazo para entrega do serviço,"do, ##tra, ##bi","0.1384, 0.1196, 0.1097",negative
Solicitei e JÁ PAGUEI por numero DOIS mochos e recebi apenas numero UM Aonde eu reclamo,"##lam, ##o, ##te","0.0934, 0.0869, 0.0863",negative
 negação recebi ainda,"receb, ##i, ainda","0.3597, 0.3146, 0.229",negative
A entrega foi feita em menos de numero h isso pq fiz o pedido num domingo a noite Porém negação funcionou pois preciso de um conversor só o cabo negação faz isso,"pois, negação, funcionou","0.5002, 0.3334, 0.2971",positive
Estou com muitos problemas A cadeira foi entregue parcialmente montada e mal embalada e com peça faltando Parafusos e peças estavam soltos na caixa e uma das peças foi entregue quebrada,"A, ##ada, ##sos","0.0673, 0.0617, 0.0596",negative
Primeiro me ligaram que negação tinha a cor que escolhi no site Posteriormente recebo um mouse com fio sendo que comprei sem fio e negação é um mouse gamer conforme consta no anúncio Péssimo produto,"##s, ##o, com","0.085, 0.0635, 0.0569",negative
Boas Pessoal a atendente da lannister foi muito atenciosa porém a loja que deveria ter me entregado o produto cancelou a comprar O que será que aconteceu,"##ou, porém, ##ciosa","0.3257, 0.268, 0.2337",negative
entrega feita antes do previsto gostei,"gos, ##te, do","0.5594, 0.4078, 0.2407",positive
Recebi o produto com defeito,"##ito, ##bi, o","0.7436, 0.4731, 0.428",negative
O produto demorou a ser enviado Quando foi a encomenda extraviou Era pra presente,"##u, a, pra","0.4754, 0.3451, 0.3316",negative
A LOJA É MUITO CONFIÁVEL E ATENCIOSA,"##Á, ##A, ##EN","1.2303, 1.0398, 0.8853",positive
 numero,"##o, numer","0.3877, 0.0204",positive
gOSTO MUITO DO baratheon MAIS FIQUEI TRISTE PORQUE ATÉ HOJE negação RECEBI,"##OS, FI, ##IS","0.3702, 0.3641, 0.3413",negative
Ótimo produto super recomendo,"produto, recomend, ##timo","0.3498, 0.3282, 0.2916",positive
A cor do produto no site é mais claro que o produto físico Parece ter diferença no tipo de tecido,"##ce, no, ter","0.3815, 0.295, 0.2912",negative
Ótimo,"##timo, Ó","0.4036, 0.036",positive
Tudo certo,"certo, Tudo","0.5249, 0.046",positive
Nunca chegou o produto deram uma excusa e trocaram o valor porcum vale,"##m, o, chegou","0.1786, 0.1771, 0.1661",negative
O produto e show amei,"ame, ##i, e","0.2732, 0.2229, 0.1532",positive
O PRODUTO SO PODE SER EXPOSTO PARA VENDA QUANDO TEM EM ESTOQUE E negação VENDER UM E ENTREGAR OUTRO COMPREI UM PRODUTO DE numero V E VEIO UM DE numero V ISSO E PROPAGANDA ENGANOSA QUERO MEU DINHEIRO DE VOL,"P, V, ##AN","0.163, 0.1071, 0.1021",negative
Produto ok prazo ok satisfeito,"##eito, prazo, o","0.2914, 0.1889, 0.1884",positive
Produto veio somente com numero parafusos de fixação Faltou uma simples conferência Nessa mais demora para receber as peças que faltam ou ainda ter de devolver o produto,"##ra, com, ##ver","0.1564, 0.1471, 0.1447",negative
 negação TIVE RETORNO E negação RECEBI A MERCADORIA COM MAIS DE numero DIAS DE PEDIDO APROVADO,"T, ##E, R","0.1128, 0.1122, 0.1101",negative
Tudo correto,"correto, Tudo","0.6033, 0.0426",positive
Preciso de uma posicao se o produto vai ser entregue ate o dia numero ou negação se negação vou pedir o extorno,"##no, ##ca, ##o","0.4733, 0.358, 0.2727",negative
adorei o produto,"##rei, o, produto","0.3683, 0.2801, 0.1195",positive
Entrega rápida,"##ga, rápida, Entre","0.6806, 0.5536, 0.0615",positive
Excelente material Chegou antes do previsto,"##ente, material, antes","0.2357, 0.1158, 0.1096",positive
Serviço muito bom Abraços,"muito, Abra, ##ços","0.2724, 0.2713, 0.2099",positive
a loja é boa mas o produto deixa a desejar pois ele vive travando se abertos muitas portas usb,"mas, ##r, é","0.2903, 0.2869, 0.2042",negative
Muito bom o produto é chegou rápido recomendo,"bom, o, recomend","0.2109, 0.179, 0.1576",positive
O produto excelente material resistente,"material, resistente, excelente","0.9971, 0.8155, 0.5483",positive
Muito satisfeito com a compra que fiz neste site tudo ocorreu como combinado Recomendo,"satisf, ##eito, com","0.1734, 0.1622, 0.1034",positive
a da ta para entrega era dia data ate o momento a mercadoria negação chegou,"a, o, ##ia","0.2055, 0.1516, 0.1502",negative
Chegou bem embalado Tudo ok,"bem, o, ##ado","0.2035, 0.1995, 0.1945",positive
Os correios estão demorando muito para entregar as encomendas,"##s, ##rando, estão","0.3442, 0.2564, 0.2256",negative
Chegou antes do prazo de entrega Perfeito ótima qualidade excelente produto recomendo a todos Eu amei,"produto, ##i, excelente","0.0969, 0.0933, 0.086",positive
Entrega rapida as toalhas sao boas pelo valor,"##ida, pelo, ##s","0.4158, 0.2628, 0.2175",positive
A entrega foi rápida mas temos que melhorar no rastreamento pois a gente quase negação consegui rastrear,"mas, no, ##amento","0.3104, 0.2776, 0.2071",positive
Minha encomenda chegou bem antes do prazo de entrega Amei,"do, encomenda, ##i","0.1595, 0.144, 0.1386",positive
Gostei do móvel mas é a primeira vez que eu vejo um móvel ser entregue sem manual de montagem Apesar de pequeno nininguém é obrigado a saber montar Eu consegui mas muita gente pode negação conseguir,"##te, sem, ##i","0.2089, 0.1686, 0.1601",positive
Gostei muito da venda das informações do produto Do acabamento do produto ficou otimo na motocicleta,"##o, ##te, ##i","0.1969, 0.1806, 0.1202",positive
ótimo produto,"produto, ótimo","0.67, 0.0382",positive
Excelente produto,"##ente, produto, Excel","0.3821, 0.2627, 0.025",positive
Gostei muito a compra foi simples e a entrega muito rápida,"##te, ##i, e","1.1396, 0.6876, 0.6714",positive
ótima loja só está em atraso comigo na entrega do sofá de canto Que espero receber em breve,"loja, em, ##á","0.6298, 0.3192, 0.2996",positive
bom,bom,0.0152,positive
O prazo de entrega da loja é demorado mas se a gente negação tem urgencia fica tudo bem,"##rado, ##cia, ##gen","0.3724, 0.3445, 0.2974",negative
Brincos de qualidade bonito entrega rápida tudo Ok,"Ok, de, entrega","0.3136, 0.3082, 0.2968",positive
 negação posso comentar pois ainda negação recebi nada,"pois, ##i, comentar","0.2174, 0.1926, 0.1426",negative
Produto chegou antes do prazo,"do, antes, ##to","0.6205, 0.5277, 0.3069",positive
O prazo era até dia numero numero e até o momento negação recebi Quero saber o que está acontecendo,"##i, ##o, receb","0.0988, 0.0786, 0.0781",negative
Produto entregue antes do prazo estipulado bem embalado e ótima qualidade,"##to, qualidade, ##ado","0.0879, 0.0798, 0.0655",positive
Produto bom adorei,"ado, ##rei, ##to","0.3398, 0.2949, 0.1955",positive
Ótimo relógio estou bastante satisfeito recomendo a todos essa loja está de parabéns obrigado,"relógio, ##timo, obrigado","0.0822, 0.0776, 0.0774",positive
Até agora negação recebi o produto comprado,"receb, ##i, comprado","0.1775, 0.1666, 0.1398",negative
Tapete muito bonito peludo grande pena que negação foto está marrom claro e veio um marrom bem escuro quase preto e os pelos tem bastante brilho,"pel, que, ##udo","0.5646, 0.5278, 0.3147",positive
Falta de respeito com o cliente já que o prazo é longo para entrega e mesmo assim negação cumprem com o prometido,"##ta, com, ##rem","0.0952, 0.0729, 0.0697",negative
Muito satisfeita com a compra,"##eita, satisf, com","0.415, 0.2955, 0.2516",positive
Adorei combinou com minha sala,"##rei, comb, ##inou","0.2207, 0.1713, 0.1262",positive
Gostei da compra produto de qualidade chegou antes do ora só previsto,"##te, ##i, do","0.3414, 0.2227, 0.1379",positive
Avental realmente bonito e diferente Tecido bem incorpado e de boa qualidade Cores menos viv as que no site mas ainda assim bonito de qualidade e confortável Fecho na nuca com botões de pressão,"##pado, Tec, bonito","0.5628, 0.5298, 0.3468",positive
demorou um pouco pra chegar a embalagem é precária para o produto e ainda negação o testei no mais correto,"##ária, um, ##i","0.9341, 0.6785, 0.5052",negative
Ainda negação sei o resultado prometido mas quanto a venda tudo como esperado,"tudo, ##tido, como","0.2907, 0.2329, 0.1955",positive
Muito boa loja,"boa, loja, Muito","0.2441, 0.2238, 0.0383",positive
Produto entregue perfeitamente e dentro do prazo acordado Estou totalmente contente e satisfeito,"##nte, e, ##eito","0.141, 0.1138, 0.104",positive
Entrega antes do prazo previsto,"previsto, do, ##ga","0.6929, 0.5716, 0.5701",positive
Demorou negação veio a cor q escolhi e comprei um sofá caro e já faz mas se numero mês e nada de entregar muito insatisfeita e fiz o cartão pelo site no nome de meu marido Cyro Dias Braga entao fiz polishop,"##eita, ##op, negação","0.1511, 0.1255, 0.1119",negative
 Ótimo produto e o prazo de entrega foi cumprido recomendo,"produto, ##timo, ##do","0.278, 0.187, 0.1655",positive
Eu pedi dois kit e só chegou apenas um o outro negação chegou,"apenas, chegou, chegou","0.1784, 0.1183, 0.1145",negative
Tirando a cor errada o resto estava perfeito O que negação foi bom é que vou ter que devolver o produto por negação ser a cor que foi solicitada todo o transtorno de devolver e esperar retornar,"de, ##ver, O","0.2233, 0.2031, 0.1901",negative
Produto entregue antes do prazo e tudo de acordo com o que pedi,"##to, com, e","0.1056, 0.1054, 0.1004",positive
Continuo aguardando a segunda unidade feita em outra postagem Fiz inúmeras compras nesse site sem ter tido problemas acredito que no referido pedido também tenha sucesso,"##ndo, feita, ##o","0.926, 0.5976, 0.5147",negative
De numero unidades como prometido recebi apenas numero unidades,"##i, ##tido, numer","0.172, 0.1536, 0.1443",negative
MT bom produto lindo amei,"##T, bom, produto","0.2795, 0.2306, 0.1862",positive
Recebi o produto com defeito nunca ligou o aparelho e olhe que a nossa voltagem é de numero v,"##ito, ##bi, o","0.3358, 0.2394, 0.1884",negative
Comprei num dia recebi no outro,"dia, ##i, receb","0.97, 0.4988, 0.4592",negative
 negação gostei da entrega está demorando muito Essa empresa demora muito para entregar a mercadoria,"##te, gos, ##ia","0.168, 0.1475, 0.1144",negative
Tudo certo,"certo, Tudo","0.5249, 0.046",positive
Nunca tive problemas super recomendado,"recomenda, ##do, tiv","0.2349, 0.1927, 0.1693",positive
Até agora negação recebi o produto e já foi descontado numero prestações no meu cartão estou esperando solução do stark para negação tomar medidas mais drásticas,"##i, receb, ##ado","0.0933, 0.0852, 0.0849",negative
Deu tudo certo,"tudo, certo, Deu","0.3279, 0.2538, 0.0221",positive
O produto foi apenas testado e está funcionando Espero que com o uso contínuo no alto verão ele corresponda as minhas expectativas,"##do, testa, ##ro","1.7875, 1.1483, 1.0003",positive
Recomendo entrega antes do previsto,"##ndo, do, ##ome","0.1826, 0.1795, 0.15",positive
Produto entregue conforme contratado,"contratado, conforme, ##to","0.3071, 0.2332, 0.1925",positive
precisa melhorar muito,"muito, melhorar, precisa","0.9303, 0.735, 0.1075",negative
A entrega foi realizada muito antes do prazo informado,"do, informado, muito","0.4069, 0.2554, 0.2554",positive
Produto chegou no prazo ótimo preço Recomendo,"no, preço, ótimo","1.0123, 0.3732, 0.3315",positive
muito bom produto pra ser melhor deveria ter manual do produto pelo o básico de informações,"bom, ter, produto","0.4988, 0.4409, 0.4001",positive
Cumpriu os prazos Ótima loja Produto perfeito,"loja, ##ri, ##s","0.144, 0.128, 0.1259",positive
Entrega no prazo Recomendo a baratheon,"##ndo, ##ome, ##ga","0.2691, 0.2147, 0.1836",positive
gostaria de saber o por que os pedidos negação chegam no prazo,"negação, de, chegam","0.2253, 0.2202, 0.1921",negative
ótima loja e produto,"loja, e, produto","0.3265, 0.1688, 0.1093",positive
o oproduto é de péssima qualidade,"##ima, ##uto, qualidade","0.2722, 0.159, 0.1588",negative
Produto entregue no prazo sim eu recomendaria,"eu, no, ##ria","0.3632, 0.3407, 0.2871",positive
Ótimo produto e veio em perfeito estado,"produto, estado, ##timo","0.1478, 0.1304, 0.1058",positive
A entrega demorou demais,"demais, demorou, entrega","0.7049, 0.4456, 0.2482",negative
Entrega atrasada,"##ada, atras, ##ga","1.0842, 0.7855, 0.5819",negative
cadeira boa,"boa, cadeira","1.3647, 0.2424",positive
 A entrega do produto foi feito antes do prazo recomendo,"do, ##o, recomend","0.2207, 0.2159, 0.2106",positive
 negação chegou o produto,"chegou, o, produto","0.2608, 0.2555, 0.1403",negative
O produto chegou bem antes do prazo bem emalado sem problemas Recomendo,"Rec, bem, do","0.1306, 0.1055, 0.0963",positive
 negação entregaram o produto,"entregar, ##am, o","0.2317, 0.2293, 0.1852",negative
Muito bom ao serviço a qualidade do produto é ótima,"ao, bom, a","0.1728, 0.1632, 0.1264",positive
Site da lannister com é muito bom negação tenho do que reclamar pois meu filhs tem numero anos e desde de pequeno eu compro pelo site DVD infantis Brinquedos Fraldas,"negação, bom, tenho","0.1676, 0.1224, 0.1172",positive
Super recomendo a loja O produto chegou antes do prazo previsto Em estado de conservação Excelência em atendimento,"recomend, ##o, ##ência","0.091, 0.0729, 0.0703",positive
recebi o produto corretamente Obrigada,"Ob, ##i, ##da","0.278, 0.2199, 0.2148",positive
Muito bom produto chegou certinho chegou até antes do prazo,"bom, produto, cer","0.1951, 0.1689, 0.1322",positive
Produto demorou muito para chegar,"muito, ##to, para","0.7536, 0.4499, 0.4261",negative
entrega rapida,"##ida, rap, entrega","0.5815, 0.4992, 0.048",positive
Ainda negação recebi,"##i, receb, negação","0.5791, 0.401, 0.3014",negative
As minhas compras sempre chega antes do prazo e tudo muito bom e o atendimento e otimo,"##o, e, muito","0.169, 0.1371, 0.1001",positive
ok,"##k, o","0.1263, 0.0138",positive
muito bom o produto,"o, bom, produto","0.2559, 0.2406, 0.1153",positive
Estou muito satisfeito com o nível de serviço prestado,"##eito, de, ##ou","0.2672, 0.1443, 0.1381",positive
O produto chegou bem rapidinho e é exatamente como anunciado,"como, bem, rap","0.0913, 0.0772, 0.0767",positive
O produto é exatamente como esperava perfeito,"como, perfeito, exatamente","0.4214, 0.4065, 0.2911",positive
Entrega no prazo e produto conforme especificações,"especifica, ##ga, ##ções","0.2425, 0.2315, 0.2223",positive
 negação gruda muito,"##da, gru, muito","5.2317, 2.1157, 1.4847",negative
Entregue no prazo,"##gue, no, prazo","0.5948, 0.4875, 0.2196",positive
muito lindo porem ainda negação instalei mais chego no prazo e muito bem embalado,"##o, lin, ##do","0.1594, 0.1463, 0.1386",positive
Produto de excelente qualidade,"qualidade, ##to, de","0.251, 0.1443, 0.1052",positive
Atrasou a entrega,"##sou, a, entrega","0.7952, 0.6357, 0.2678",negative
eu amei meu pedicuro mais gostaria de saber a respeito da nota da garantia estendida,"##i, da, de","0.3409, 0.223, 0.2129",positive
GOSTEI DO TRATAMENTO COM O CLIENTE SÃO ATENCIOSOS PRODUTO DE BOA QUALIDADE,"##TE, ##I, DO","0.3526, 0.1994, 0.1902",positive
embora tenha comprado o produto durante a Black Friday para presentear uma criança da família o presente negação chegou a tempo do Natal Fui obrigada a comprar às pressas um presente substituto,"##i, tenha, ##as","0.1392, 0.1339, 0.1195",negative
,,,positive
Chegou no prazo estipulado Porém veio faltando umas peças pequenas que dá o Acabamento A cadeira o material percebo näo ser muito resistente,"##ndo, veio, ##o","0.2239, 0.2059, 0.2032",negative
 negação me enviaram o produto só me enviaram uma nota fiscal estou sendo roubado e ninguém resolve meu problema,"resolve, meu, sendo","0.0839, 0.0825, 0.0799",negative
Apesar da greve dos caminhoneiros negação houve muito atraso,"houve, muito, dos","0.4547, 0.3807, 0.3699",positive
Ótimo,"##timo, Ó","0.4036, 0.036",positive
O produto é bom tem qualidade e a entrega foi rápida,"tem, e, foi","0.6235, 0.2834, 0.2543",positive
Entrega rápida sem problemas,"sem, ##ga, rápida","0.3375, 0.2986, 0.2482",positive
A bolsa e muito bonita por fora Mas dentro negação tem forro E é bem fragil,"por, ##il, bonita","1.0928, 0.6029, 0.5141",positive
Ainda negação recebi o produto como vou avaliar ainda estou aguardando a entrega do produto,"receb, ##i, ##ndo","0.1604, 0.1482, 0.125",negative
gostaria de saber de houve o debito correto no meu cartão tive cartão clonado,"##nado, correto, de","0.9325, 0.4265, 0.4217",negative
Excelente produto Lindo jogo de lençol de casal Produto entregue dentro do prazo previsto Muito satisfeita,"##ente, produto, ##eita","0.1593, 0.0897, 0.0793",positive
Entrega super rápida produtos de qualidades e o preço imbatível,"produtos, e, rápida","0.2915, 0.2893, 0.2866",positive
Bom,Bom,0.0131,positive
Estou muito satisfeita com a minha compra as toalhas sao lindas e de qualidade,"##eita, ##ou, satisf","0.1739, 0.1097, 0.1083",positive
nunca tive problema algum com as lannister,"tiv, algum, ##ter","0.3925, 0.2876, 0.2715",positive
entregou no prazo ainda negação abri o produto pois é presente aparentemente veio perfeiro,"##ro, veio, perfei","0.7926, 0.507, 0.4532",positive
Comprei numero cabos RCA numero suporte de celular Só me foi entregue numero cabo RCA,"me, numer, ##rei","0.1045, 0.101, 0.0976",negative
Chegou muito antes do prazo O produto é bem compatível com o preço,"com, do, compatível","0.4056, 0.2764, 0.2635",positive
recebi antes do prazo e em ótimas condições,"##s, ##i, do","0.1559, 0.1313, 0.1089",positive
bom,bom,0.0152,positive
 negação veio a nota fiscal do produto,"fiscal, a, do","0.3418, 0.2969, 0.2781",negative
No primeiro frasco que abrir venho com numero unidades E negação numero como descrito no anuncio e na embalagem Sendo assim desconfio muito da originalidade,"##idade, ##fio, muito","0.5839, 0.4251, 0.4",negative
chegou no prazo,"no, prazo, chegou","0.5028, 0.2228, 0.0584",positive
O pedido foi entregue muito antes do prazo estabelecido Super recomendo,"do, estabelecido, muito","0.1944, 0.1701, 0.1456",positive
Produto exatamente conforme solicitação,"conforme, solic, ##to","0.437, 0.2934, 0.2033",positive
até o momento negação recebi meu produto,"##i, receb, negação","0.1282, 0.1245, 0.1117",negative
O forro interno é frágil e todo manchado de tinta o suporte de controle tem grandes falhas na pintura interna,"e, na, ##hado","0.3808, 0.2977, 0.1843",negative
Bom produto atendeu as expectativas E a entrega foi rápida,"E, produto, ##u","0.5621, 0.3954, 0.249",positive
 negação recebi meu produto No site diz que está nós Correios pra retirada desde do dia numero numero Mas quando vou ao correio para retirar o produto negação há nenhum produto nos correios,"##i, receb, diz","0.1328, 0.1093, 0.0821",negative
Foi entregue dentro do Prazo indicado ou ate mesmo alguns dias antes Com produto sem danos dentro das indicações apresentadas quando selecionei o produto,"dentro, danos, entregue","0.3612, 0.1802, 0.1728",positive
Produto negação entregue e site negação disponibiliza numero para ligar pedindo estorno,"entregue, e, ##to","0.1281, 0.1252, 0.105",negative
Ser mais pontual,"##al, mais, pontu","0.9913, 0.4953, 0.44",positive
O produto veio em excelente estado porém a caixa foi muito danificada deveriam ter mais cuidado,"estado, a, ter","0.4891, 0.431, 0.3564",positive
Produto Top,"##to, Top, Produ","0.2277, 0.1818, 0.0286",positive
Tentei comprar o mesmo produto que foi muito bem recomendado em outro site e negação recebi minha mercadoria Achei vocês e estou muito satisfeita parabéns ganharam mais uma cliente,"receb, ##te, ##i","0.6447, 0.6408, 0.6336",positive
É lindo Super fofinho,"##do, lin, fo","0.1926, 0.1712, 0.1493",positive
O produto é bom é bonito do jeito que imaginei muito bom,"é, bom, do","0.2087, 0.16, 0.1517",positive
recebi a encomenda muito bem embalada e em perfeitas condições,"muito, ##s, ##i","0.116, 0.0964, 0.0957",positive
Produto como descrito Mas negação gostei pq o som do alarme é muito baixo,"##te, Mas, gos","0.3765, 0.2625, 0.2568",positive
Produto entregue antes so prazo e tudo certinho,"so, e, ##to","0.173, 0.1562, 0.1556",positive
É bonitinho a base é de plástico Pelo preço poderia ser um pouco melhor,"##iti, ##nho, a","0.7391, 0.56, 0.2674",positive
Recomendo a todos podem compra sem medo garantido por mim,"##ome, ##ndo, garant","0.1183, 0.1096, 0.0955",positive
Recebi o produto e recebi o esperado,"##i, ##bi, o","0.2667, 0.2611, 0.2121",positive
Estiloso e moderno Gostei ótimo custo benefício,"##te, custo, ##i","0.2442, 0.2241, 0.1601",positive
Gostei de comprar mais uma vez na Americana,"##te, ##i, na","0.2817, 0.1859, 0.1269",positive
 negação recebi uma outra encomenda dessa loja estou esperando eles me enviarem as duas proteínas de numero kg,"receb, ##i, dessa","0.2087, 0.2073, 0.181",negative
Entrega dentro do prazo Bom atendimento,"atendimento, do, ##ga","0.3442, 0.2323, 0.2091",positive
Veio antes do prazo Parabéns,"##o, ##éns, do","0.1877, 0.1374, 0.1279",positive
Adoro o relógio lindo a entrega foi antes do prazo recomendo,"lin, ##ro, recomend","0.4946, 0.2223, 0.1391",positive
Continue assim,"##e, assim, Continu","0.2101, 0.1318, 0.0262",positive
Chegou antes do prazo limite e estou satisfeita,"##eita, e, limite","0.4875, 0.4442, 0.3524",positive
Estou esperando o pedido,"o, ##ou, esperando","0.3319, 0.2096, 0.168",negative
A película negação é de vidro é acrílico portanto negação corresponde ao produto ofertado,"ao, ##do, corresponde","0.2064, 0.1748, 0.1473",negative
Chegou até antes do prazo sempre compro e minhas encomendas vem sempre direitinho,"até, ##s, sempre","0.0982, 0.0713, 0.0687",positive
Ótimo produto e entrega super rápida Amei,"produto, ##timo, ##i","0.1046, 0.0986, 0.0858",positive
Em numero meses de espera negação recebi o produto Dividi em duas vezes paguei as duas vezes e negação recebi o produto UMA VERGONHA Estou indo no procon pois o baratheon negação atende telefone VERGONHA,"##GO, ##N, de","0.0924, 0.0829, 0.0776",negative
gostei bastante achei bonito,"##te, ac, ##i","0.2829, 0.2588, 0.1446",positive
Produto de muito boa qualidade Entrega rápida Recomendo a lannister com,"qualidade, boa, ##to","0.1345, 0.0916, 0.0855",positive
A entrega foi mais rápida que o previsto,"que, rápida, foi","0.7285, 0.3886, 0.3436",positive
Super recomendo Fácil de usar vem a bateria é só plugar e usar Recomemdo a todos,"##o, recomend, ##do","0.1288, 0.118, 0.1021",positive
Perfeito recebi antes do prazo amo comprar no stark,"receb, ##feito, do","0.1415, 0.1177, 0.1054",positive
e negação recebi o ressarcimento do valor um absurdo,"##do, ##i, receb","0.1696, 0.1109, 0.1108",negative
Ok,Ok,0.0186,positive
Satisfeita,"##eita, ##isf, Sat","0.734, 0.5126, 0.0478",positive
A entrega foi rápida mas o produto foi mal embalado e o pote chegou estourado tive que usar metade do pote que conseguisalvar colocando emoutropote,"mas, ##ado, embal","0.4932, 0.432, 0.3394",negative
Adorei minhas aquisições lindos amei,"##rei, minha, ##i","0.1707, 0.1199, 0.0996",positive
Super recomendo entrega rápida como sempre,"recomend, ##o, rápida","0.15, 0.1288, 0.1197",positive
SEMPRE SATISFATORIA AS COMPRAS DESTE SITE,"##RE, ##S, ##A","0.3258, 0.2237, 0.2088",positive
Comprei o tapete com a metragem numero numero x numero numero e me mandaram a metragem numero numero x numero numero sendo que no siteo valor dessa metragem que me enviaram está bem abaixo do valor que paguei,"##rei, ##te, o","0.07, 0.0661, 0.0608",negative
O produto foi entregue no prazo previsto e nas condições contratadas,"##s, e, contratada","0.4025, 0.2799, 0.2733",positive
Produto correto entregue dentro do prazo e muito bem embalado,"entregue, dentro, ##ado","0.1675, 0.1363, 0.1317",positive
Eu sou cliente das lannister e sempre fui bem atendido o produto sempre chega em perfeitas condições e antes do prazo recomendo,"##s, das, ##di","0.0813, 0.075, 0.0669",positive
Compra sem problemas produto OK entregue no prazo,"##ra, entregue, produto","0.1315, 0.1304, 0.117",positive
 numero dias entre a compra e a entrega tudo muito rápido e eficiente melhor compra que já fiz aqui na lannister gostaria que todas as entregas ocorressem dessa maneira,"que, compra, ##o","0.2161, 0.1097, 0.1",positive
Meu produto está errado A nota fiscal e prodito está na nome de outra pessoa Eu negação estou conseguindo entrar em contato pra pedir o meu produto certo,"A, está, fiscal","0.1821, 0.1008, 0.0972",negative
Amei meus pendentes Entrega super rápida,"##i, meus, ##entes","0.1963, 0.1147, 0.0995",positive
Gostei do produto e da rapidez na entrega,"##te, ##i, ##idez","0.8905, 0.5373, 0.2479",positive
um pouco de demora para postar mas a maior demora é dos correios que presta um péssimo serviço para os cloentes,"##ra, ##ra, ##imo","0.2577, 0.2132, 0.1819",negative
Recebi muito antes do prazo previsto produto lindo,"produto, previsto, do","0.5852, 0.3249, 0.2182",positive
Estou esperando mais de numero mês para ser entregue o produto e me mandam msg dizendo que negação tem mais no estoque Como assim Achei um absurdo espero recebe meu produto se negação Eu negação compro mais,"##do, ##ou, que","0.0634, 0.0424, 0.0421",negative
show,show,0.1728,positive
A entrega atrasou sem nenhum contato ou justificativa Enviei msg e ainda negação obtive resposta,"##u, ##tiva, ou","0.256, 0.2139, 0.1693",negative
muito fofo meu radinho amei,"##i, ##fo, fo","0.1581, 0.1274, 0.1229",positive
Meu produto negação foi entregue até hoje,"até, foi, produto","0.2578, 0.2064, 0.2012",negative
Ótimos produtos,"produtos, ##timos, Ó","0.4721, 0.3952, 0.0249",positive
Satisfeito produto entregue mais rápido do que o esperado,"##eito, ##isf, produto","0.2933, 0.275, 0.2486",positive
Tudo ok,"o, ##k, Tudo","0.405, 0.1994, 0.0422",positive
O prazo de entrega do produto era dia numero numero Ainda negação recebi o produto e ninguém entrou em contato comigo para dar alguma explicação,"era, receb, ##i","0.1435, 0.122, 0.1209",negative
Qualidade razoável vale o preço,"vale, ##idade, o","0.9502, 0.4954, 0.4721",negative
Pedido chegou super rápido e veio certinho,"super, e, ##ido","0.2672, 0.1913, 0.1706",positive
O produto chegou super rápido é bonito e veio muito bem embalado,"e, embal, é","0.1683, 0.137, 0.1344",positive
Excelente produto muito lindo entrega rapida,"##ente, ##ida, produto","0.1687, 0.111, 0.1033",positive
O material veio dentro do prazo e é de ótima qualidade,"do, qualidade, dentro","0.29, 0.2602, 0.2591",positive
 negação recebi,"receb, ##i, negação","0.6056, 0.5817, 0.085",negative
lindos e modernos amei,"##i, ##dos, ame","0.1862, 0.1721, 0.1362",positive
Nota numero,"numer, ##o, Nota","0.5144, 0.3304, 0.0405",positive
Ótimo produto entregue antes do tempo previsto super recomendo,"produto, ##timo, super","0.1356, 0.114, 0.0809",positive
paguei o frete e tive que ir buscar do outro do mundo errado tem que entrega em casa,"##ue, tem, do","0.3772, 0.2756, 0.2522",negative
Nâo sabia da entrega aos domingos pelo correio e nem que isso acontecia antes das numero horas da manhâ foi a minha entrega,"da, aos, que","0.7859, 0.3773, 0.348",negative
Já comprei muitas coisas neste saite é a primeira vez que fico insatisfeita Espero que me devolva o valor pago e vou devolver o produto mas já estou tentando a numero dias mais o sait diz ERRO,"##eita, ##RO, E","0.1105, 0.0964, 0.0662",negative
Recebi o produto incorreto A capa que comprei é de couro mas recebi outro modelo de plastico,"##to, A, ##bi","1.6973, 0.4545, 0.4198",negative
 negação recebi o meu produto e nem fui avisada da falta do item na loja Quando entrei em contato quase numero mês depois é que fiquei sabendo que o produto negação seria entregue pois negação havia mais em estoque,"receb, ##i, ##ada","0.0796, 0.0753, 0.0492",negative
Segunda compra que faço na lannister com e negação recebi nada,"compra, ##i, receb","0.1561, 0.1257, 0.121",negative
Transação ótima Como tadas que fiz junto ao stark,"Como, ##ação, ótima","0.2664, 0.1742, 0.1286",positive
Entrega rápida,"##ga, rápida, Entre","0.6806, 0.5536, 0.0615",positive
Produto prático e versátil,"##á, e, ##to","0.4026, 0.3493, 0.223",positive
Encomendei numero carrinho da mesma loja Mais recebi somente um com a nota de dois carrinhos Estou no aguardo pelo outro produto,"##i, um, receb","0.3442, 0.3342, 0.3019",negative
Produto chegou antes do prazo muito bem embalado pelo fornecedor sem avarias A qualidado produto é muito boa,"##idado, ##ado, boa","0.0952, 0.0758, 0.0755",positive
Produto entregue avaliado e instalado No prazo e perfeito,"##do, avalia, e","0.1275, 0.1237, 0.1137",positive
Recebi antes do prazo Recomendo produto bom,"##ndo, ##bi, do","0.2818, 0.2235, 0.2117",positive
 negação recebi,"receb, ##i, negação","0.6056, 0.5817, 0.085",negative
Boa qualidade,"qualidade, Boa","0.3444, 0.0287",positive
Solicitei e efetuei o pag dia numero numero além do prazo de entrega muito longo numero numero até o momento negação recebi o produto Sugiro um prazo menor e que evitem os atrasos pois está me ocasionando transtorno,"##ro, ##gi, numer","0.0685, 0.0596, 0.0513",negative
Estou satisfeito com a compra,"##eito, com, ##ou","0.709, 0.3992, 0.2726",positive
Empresa de qualidade entregou correto é dentro do prazo,"é, entregou, correto","0.8079, 0.7887, 0.7093",positive
O produto chegou no tempo determinado porém com uma rachadura enorme na tampa e tudo lambuzado acho que deveriam rever como embalam principalmente o que vem pra longe,"##za, ##bu, ##do","0.8588, 0.5044, 0.5019",negative
Olá boa noite Foi entregue apenas numero travesseiro Na minha compra são dois kits no total de quatro travesseiros Peço que verifique o erro e possa me dá uma resposta em breve,"##á, apenas, e","0.1239, 0.1205, 0.1137",negative
serviço prestado dentro do esperado obrigado,"pres, do, obrigado","0.1768, 0.1685, 0.1678",positive
Estou muito chateada pois comprei um produto kit de Pincéis e veio um outro produto Bare Lifts Enviei um e mail no mesmo dia que chegou data e até agora negação obtive resposta,"##te, ##ada, cha","0.2485, 0.1219, 0.0921",negative
Bom produto Atendeu a expectativa é suportou bem as roupas Preferi usar sem as rodinhas pois fica mais estável Produto chegou muito rápido Recomendo,"produto, ##tou, Rec","0.1906, 0.1669, 0.1305",positive
Recomendo compras negação tive nenhum problema com os produtos,"##ndo, com, problema","0.324, 0.2165, 0.1984",positive
 negação posso opinar aind negação recebi,"##i, ##ar, receb","0.1777, 0.1483, 0.1206",negative
 negação enviaram o priduto nem ao menos emitiram a nota fiscal,"o, enviaram, ##am","0.2057, 0.1958, 0.1711",negative
Estou aguardando meu produto chegar está em atraso Mas já recebi outro produto antes queria saber porque esse negação chegou,"Mas, chegou, ##ndo","0.2109, 0.1117, 0.1063",negative
Tudo ok eu recomendo a todos,"eu, o, ##o","0.2322, 0.2135, 0.17",positive
Excelente produto parece ser resistente e ficou lindo na cama dá pena colocar lençol em cima Amei,"##ente, produto, ##i","0.1544, 0.089, 0.0845",positive
Produto maravilhoso Lojas lannister nota numero,"##o, ##to, maravilhos","0.2643, 0.1288, 0.1204",positive
Otimo,"##timo, O","0.2645, 0.0312",positive
muito bom,"bom, muito","0.2269, 0.0249",positive
Excelente,"##ente, Excel","0.384, 0.0447",positive
Achei vwue o prazo de entrega nåo foi respeitado,"##o, foi, ##do","1.4405, 0.559, 0.5336",negative
Comprometimento,"##timento, ##rome, Comp","0.602, 0.3824, 0.0792",positive
CHEGOU ANTI DO TEMPO BOA,"##O, ##TI, DO","0.2748, 0.2532, 0.2498",positive
ja se passou o prazo de entrega e negação recebi o produto estou no aguardo e ja ate paguei uma parcela,"se, ##i, receb","0.0685, 0.062, 0.0604",negative
As imagens pareciam de melhor qualidade mas pelo preço está valendo,"##ndo, ##m, parecia","1.2153, 0.5882, 0.4795",positive
Entrega efetuada no prazo Muito satisfeito com produto,"##eito, satisf, com","0.6657, 0.4868, 0.4247",positive
 negação estou entendendo o motivo que negação foi entregue negação estou satisfeita Espero que,"##eita, negação, ##ro","0.1742, 0.1663, 0.1578",negative
Entrega muito rápida e o produto é de qualidade além de lindo,"e, rápida, além","1.1546, 0.7379, 0.4353",positive
Até agora negação recebi tem coisas que chega atrasada Outras chegam no prazo certo As toalhas estão atrasada,"##i, ##ada, receb","0.1091, 0.1088, 0.1077",negative
Nota numero,"numer, ##o, Nota","0.5144, 0.3304, 0.0405",positive
Gostei do produto mas na entrega deixou a desejar e negação dão informações ao cliente sobre a entrega mas o produto é ótimo e lindo,"##r, ##te, ##i","0.3736, 0.2828, 0.1931",negative
Gostei muito do produto e a entrega foi rápida,"##te, ##i, do","0.3247, 0.206, 0.1483",positive
Tudo OK,"O, ##K, Tudo","0.4468, 0.2126, 0.0294",positive
Muito ruim a demora na entrega Se fosse por transportadora seria mesmo valor e muito mais rápido a entrega,"a, ##ra, ruim","0.6193, 0.327, 0.2999",negative
Uma entrega bem menos do que foi estipulado Muito satisfeito tanto com relação ao produto quanto a entrega,"##eito, bem, do","0.4553, 0.429, 0.3226",negative
Ótimo produto deixou minha cama mais linda deu um acabamento perfeito por baixo do edredon Adorei recomendo para aqueles que gostam de um quarto com uma cama bem arrumada Adoro comprar no baratheon,"produto, ##timo, deixou","0.098, 0.0828, 0.053",positive
Bom,Bom,0.0131,positive
excelente produto entrega super agil,"produto, super, ag","0.292, 0.2318, 0.1978",positive
 negação recebi o espremedor,"##i, receb, ##rem","0.4287, 0.3613, 0.2991",negative
Obrigado compra perfeita e correta,"##do, ##riga, e","0.3191, 0.2565, 0.2053",positive
Me entregaram faltando um pote insatisfação,"insatisf, ##ação, ##am","0.6473, 0.5697, 0.3463",negative
Rapidez e qualidade,"##idez, e, qualidade","0.47, 0.3882, 0.1747",positive
Produto e entrega superou a expectativa,"a, superou, ##to","0.6607, 0.4658, 0.3355",positive
Amassado isso ocorreu com a carteira que necessito e desta vez negação o suficiente para eu pedir troca o cinto veio solto em caixa e preso por fita Receio em comprar desta maneira se negação há cuidado,"##io, o, há","0.4137, 0.4065, 0.3202",negative
Atrasou,"##sou, Atra","1.1766, 0.0938",negative
bom,bom,0.0152,positive
Produto veio amassado,"ama, ##s, ##to","0.3716, 0.3637, 0.2844",negative
Comprei dois rolos de cabo numero mm um verde e outro azul Recebi apenas o rolo de cabo verde Continuo aguardando a entrega do outro,"##bi, apenas, ##o","0.1225, 0.1109, 0.0929",negative
Tive problemas sérios com a troca de local de entrega e meu produto nunca chegou cancelei a minha compra e dificilmente volto a comprar,"com, sérios, ##ve","0.0892, 0.0742, 0.0705",negative
O produto chegou rápido e da forma solicitada,"e, rápido, ##itada","0.5559, 0.4932, 0.3304",positive
Ótimo,"##timo, Ó","0.4036, 0.036",positive
 negação funciona solicitei a devolução estou no aguardo paguei pelo frente e empresa mandou o correio normal entregar sem que ng recebesse resultado o cachorro recebeu a encomend,"solic, funciona, ##ite","0.2873, 0.1859, 0.1371",negative
Tudo perfeito eu super recomendo,"eu, perfeito, super","0.1936, 0.1521, 0.1292",positive
Tirando o fato de que na foto o relógio parece ser prateado e que na descrição diz que é preto ele é prateado eu preferiria preto e que a nota foi emitida com um valor diferente tudo OK,"##ndo, ##iria, O","0.138, 0.1281, 0.1062",positive
excelente,excelente,0.0712,positive
Sem palavras,"palavras, Sem","0.7223, 0.0691",positive
A kunai e bem frágil na ponta Mas meu filho ficou bem feliz com esse presente,"na, Mas, com","0.2984, 0.229, 0.2265",positive
Recebi negação sei se é o produto certo pois ainda negação abri a embalagem Estamos em obra e o pacote só vai ser aberto no momento certo pra negação danificar,"##bi, certo, sei","0.5111, 0.4692, 0.4381",positive
Sempre recebo no prazo Compro sempre nesse site,"receb, ##o, nesse","0.3424, 0.3327, 0.2096",positive
Loja sempre agiu com correção,"##iu, ##ção, com","0.5401, 0.4877, 0.4607",positive
Gosto de comprar com vcs Mas nunca recebi cupons de desconto,"##o, ##i, ##pon","0.5353, 0.4771, 0.3999",positive
 negação recebi ainda o produto mas estou aguardando Aguardo também um feedback da targaryen e lannister por onde efetuei a compra,"da, ##ardo, também","0.1861, 0.1621, 0.1495",negative
Ótimo,"##timo, Ó","0.4036, 0.036",positive
Bom produto chegou dentro do prazo eu recomendo,"produto, ##o, dentro","0.2591, 0.2479, 0.1663",positive
Chego certo adoro comprar na lannister com br Qto ao produto ainda negação usei,"##ro, ##go, ado","0.3221, 0.2958, 0.2926",positive
Olá A entrega chegou rápido em três dias Produto muito bom,"##á, bom, em","0.148, 0.1271, 0.0995",positive
Neste atendimento foi tudo perfeito,"atendimento, perfeito, foi","0.2416, 0.2385, 0.2129",positive
Produto pago a vista e negação foi entregue,"a, e, ##to","0.1699, 0.144, 0.1361",negative
Fiz um pedido de numero cortinas iguais e só recebi uma e mais uma de outro modelo q ainda está pra ser entregue e paguei pelas três gostaria de saber se ainda vira a que está faltando,"e, ##z, de","0.138, 0.0683, 0.0678",negative
O produto negação é bom,"negação, é, bom","0.2707, 0.2556, 0.1698",negative
Comprei para minha filha ela super na expectativa é negação chega nunca todo dia me pergunta quando vai chegar e negação sei mais o que respondo,"é, na, chega","1.9812, 1.1826, 0.9218",negative
Muito bom,"bom, Muito","0.2464, 0.0155",positive
Recomendo produto de primeira qualidade e entregue bem antes do prazo superando as espectativas Tá recomendado,"##do, ##ome, recomenda","0.082, 0.0765, 0.0739",positive
lannister e targaryen negação se comlrometeem com a entrega o correio fez diz ter feito dhas tentativas mesmo que tenha feito as duas e a terceira munca aconteceu,"##te, ##em, se","1.2307, 0.4497, 0.3892",negative
Produto mostrado no site é muito diferente do que recebi O que recebi o tecido é muito fino e estreito Estou muito insatisfeita com o produto,"##to, ##eita, do","0.0745, 0.0744, 0.0743",negative
Nunca tive uma experiência de compra tão ruim quanto essa O produto negação foi entregue no prazo Ficou preso negação sei onde As aulas do meu filho iniciou há uma semana Tive que comprar outra mochila,"preso, quanto, negação","0.0843, 0.0829, 0.0709",negative
Vendedor muito bom,"bom, ##de, muito","0.4429, 0.3517, 0.2869",positive
produto condi plenamente com o anuncidao,"com, ##i, plenamente","0.7844, 0.4954, 0.2897",positive
Muito bom o produto e a entrega no tempo estimado bem mais rápido do que o esperado,"bom, o, bem","0.2167, 0.1896, 0.175",positive
Excelente produto recomendo,"##ente, produto, ##o","0.2995, 0.1989, 0.1467",positive
Foram compradas duas cadeiras uma azul e outra verde Foi entregue apenas a cadeira verde,"apenas, compra, a","0.1364, 0.1111, 0.1048",negative
Ainda negação recebi meu produto,"##i, receb, meu","0.4511, 0.3627, 0.3047",negative
Os produtos chegaram direitinho e antes do prazo Excelente,"##ente, Excel, do","0.177, 0.1613, 0.1499",positive
O produto chegou certinho Ótima qualidade assim como anúnciado,"cer, qualidade, anún","0.1518, 0.1475, 0.1457",positive
Comprei a mais de um mês e negação chegou até hoje,"chegou, até, ##rei","0.1939, 0.1818, 0.1782",negative
Comprei o produto mas negação me foi entregue nada até o momento,"nada, ##rei, o","0.1608, 0.1458, 0.1439",negative
Recomendo a todos,"##ndo, ##ome, a","0.2545, 0.2362, 0.1417",positive
A bolsa e boa Só o trocador que é muito pequeno Recebi antes do prazo de entrega,"Só, o, e","0.2134, 0.1867, 0.1663",positive
Boa compra Recebi os produtos no prazo,"compra, ##bi, Rece","0.2934, 0.1995, 0.1888",positive
demorou um pouco mais deu certo e valeu a pena,"a, um, e","0.3672, 0.2685, 0.2463",positive
Mto bonito e de mta qualidade,"e, ##ta, ##to","0.2925, 0.2035, 0.1418",positive
Enchimento de almofadas de baixa qualidade negação recomendo Cada uma de um tamanho e grossura diferentes Tecido veio rasgado Horrível,"recomend, negação, ##o","0.0987, 0.0888, 0.0806",negative
Muito bom mesmo chegou com numero dias,"bom, mesmo, com","0.2251, 0.1969, 0.1772",positive
Chegou tudo ok conforme a descrição,"tudo, conforme, o","0.2935, 0.2453, 0.2232",positive
O produto noa condiz com o que esra descrito nele negação consegui mexer no relogio de forma nenhuma Quero devolução,"##iz, ##ução, no","0.1804, 0.1344, 0.1131",negative
O produto é muito bom As cores e a combinação de luzes são muito interessantes Porém o produto foi entregue com numero dias de atraso e a embalagem estava aberta e toda amassada,"As, e, bom","0.4192, 0.3484, 0.2711",positive
um simples produto encontrado em qualquer esquina já se passaram numero dias e negação foi entregue,"produto, em, já","0.1172, 0.0998, 0.0934",negative
recebi certinho,"##tinho, ##i, cer","0.5903, 0.4909, 0.2306",positive
Recomendo a loja e o produto entregue,"##ndo, ##ome, a","1.5113, 1.0327, 0.6514",positive
parabens tudo ok chegou antes do combinado muiot obrigado,"##s, ##io, mu","0.1857, 0.166, 0.1104",positive
satiesfeito,"##ies, ##feito, sat","0.8082, 0.4205, 0.1256",positive
A tampa ficou pequena e negação cobriu todo o cooktoop,"e, ##u, cobri","0.3382, 0.3012, 0.2951",negative
Otimo produto porem caro demais,"produto, demais, por","0.881, 0.4241, 0.3312",positive
Muito prático e a entrega foi dentro do prazo,"e, prático, do","0.3724, 0.3287, 0.2504",positive
Deu tudo certo Apenas uma ressalva a transportadora escolhida Mercadoria veio pelo correio na minha opinião a pior escolha para envio de mercadorias hoje em dia Qualquer transportadora é melhor,"tudo, Apenas, transpor","0.182, 0.1553, 0.1447",positive
ainda negação recebi e a ultima informacao sobre p produto e do dia data,"informa, ##i, receb","0.2242, 0.1881, 0.179",negative
bom produto,"produto, bom","0.2541, 0.0285",positive
Comprei uma mochila para adulto mandaram a mesma para juvenil muito pequena gostaria de trocar por uma maior,"de, ##am, ##rei","0.1598, 0.157, 0.1273",negative
perfeito,perfeito,0.0778,positive
no site dizia que chegaria até numero numero e ainda negação chegou,"que, chegou, dizia","0.2945, 0.2942, 0.2325",negative
entrega antes do esperado,"antes, do, esperado","0.3092, 0.2712, 0.1556",positive
 negação sei numero estrelas pq negação testei ainda Mas me parece tudo certo,"##i, tudo, p","0.2366, 0.1783, 0.1404",positive
 negação Gostei muito fruteira porque e fixada com rebite e negação comprei parafuso e ela ta desnivelada fica sambando,"##te, Gos, ##i","0.7297, 0.442, 0.3722",negative
ainda negação recebi o produto ninguém entrou em contato negação recomendo a ninguém sou cliente baratheon mt tempo primeira vez que acontece essa situação,"recomend, ##the, ##o","0.0979, 0.0907, 0.0895",negative
Sempre compro nunca tive problema As camisas compradas recebidas e devolvidas foram três maquinetada Estou no momento escolhendo outras para usar o Vale,"##vidas, nunca, ##s","0.5722, 0.5681, 0.4663",negative
Além de uma demora enorme na entrega mas que eu já sabia dos numero dias uteis quando chega na hora de entregar alegam negação ter no estoque tiveram numero semana para me providenciar o produto e agora negação tem,"##ra, de, quando","0.0634, 0.056, 0.0503",negative
Super recomendo stark Sempre chegando antes da dta prevista D,"##o, recomend, ##r","0.1609, 0.1567, 0.1272",positive
O baratheon é o melhor site de todos Já compro a anos Muito bom,"bom, site, a","0.1612, 0.1103, 0.1096",positive
Cancelei a compra e mesmo assim me entregaram produto e ainda entregaram outro modelo Fico no aguardo para devolução do produto sem custo Att,"At, ##t, ##ei","0.1748, 0.1437, 0.1068",negative
Obrigado pelo produto minha mãe gostou MT,"##do, ##T, M","0.2618, 0.2508, 0.2117",positive
Ótimo produto em ótimo prazo de entrega,"produto, ##timo, prazo","0.2304, 0.1657, 0.1596",positive
produto falsificado e uma mine escuta porem das duas que comprei negação funciona,"##ificado, das, fals","0.1771, 0.1343, 0.1278",negative
Recomendo,"##ndo, ##ome, Rec","0.3663, 0.3355, 0.0536",positive
boa opção para compra,"opção, para, compra","0.316, 0.2543, 0.1387",positive
Atraso em cima de atras nenhuma informação sobre eles e nenhuma retratação total falta de comprometimento com clientes,"##so, de, nenhuma","0.1033, 0.0713, 0.0706",negative
Muito bom chegou antes do prazo,"chegou, bom, antes","0.2716, 0.262, 0.2035",positive
Cortina bonita e exatamente o que esperava,"e, bonita, o","0.4247, 0.4165, 0.3369",positive
Produto entregue conforme programado,"programado, conforme, ##to","0.2693, 0.2417, 0.1695",positive
Eu ia fazer uma avaliação mas é limitado os caracteres Se negação posso falar tudo que quero negação faz sentido avaliar,"Se, avaliar, faz","0.4068, 0.3571, 0.2516",negative
Sempre compro pelo site da lannister com e nunca tive nenhum tipo de problemas com a entrega é o produto comprado Parabenizo essa empresa pela qualidade pontualidade e respeito às minhas compras,"Para, ##izo, é","0.2491, 0.1993, 0.1914",positive
Produto excelente,"##to, excelente, Produ","0.1944, 0.1431, 0.0199",positive
Ótimo produto Chegou dentro do prazo e funcionou corretamente Recomendo,"produto, ##timo, dentro","0.1458, 0.1178, 0.0955",positive
Só negação entregaram na minha casa paguei o frete e tive que ir buscar mas de resto tudo ok,"negação, tudo, entregar","0.3099, 0.2941, 0.2791",positive
Produtos de muita qualidade e super útil,"qualidade, ##tos, útil","0.1586, 0.1297, 0.1244",positive
A compra foi feita em data e previsão de entrega era data Estamos no dia data e até agora nada Esquema de entrega dessa loja é um fracasso,"##a, Es, foi","0.089, 0.0631, 0.0598",negative
ainda esperando,"esperando, ainda","0.5602, 0.1301",negative
Indico a loja excelente produto entrega super rápida,"##ico, a, excelente","0.1024, 0.0851, 0.0776",positive
Super recomendo,"##o, recomend, Super","0.2466, 0.2167, 0.0133",positive
Demorou mas chegou Coloquem os dados de entrega porque lannister negação da suporte nem responde chamado Tirando isso eu recomendo,"da, ##o, lan","0.7704, 0.5702, 0.5003",negative
ÓTIMA COMPRA,"##MA, ##TI, CO","0.4944, 0.3267, 0.2065",positive
Entrega na data prevista Recomendo a loja,"##ndo, Rec, ##ome","0.4815, 0.3325, 0.3267",positive
Gostei muito do produto e da experiência de compra do baratheon,"##te, ##i, do","0.2307, 0.1465, 0.1315",positive
Tudo Ok Entrega dentro do prazo,"Entre, Ok, ##ga","0.6121, 0.4547, 0.2765",positive
Espetacular o tempo de entrega Parabéns,"o, ##tacular, ##éns","0.1535, 0.1468, 0.0908",positive
Ainda está no prazo porém negação recebi,"##i, receb, negação","0.3178, 0.2432, 0.2275",negative
Tudo correto Entrega e produto de qualidade,"correto, Entre, ##ga","0.136, 0.133, 0.1087",positive
Comprei o produto na cor branca que era inclusive mais cara Porém recebi o produto na cor preta,"receb, ##i, Porém","0.2954, 0.2628, 0.2185",negative
Comprei o produto chave canivete para Logan Mas o produto que me enviaram foi a chave comum negação vou solicitar a troca por o produto vai me atender Mas faltou a atenção no ato de enviar o produto,"no, ##tou, a","0.4381, 0.3791, 0.2532",negative
As configurações virem em outra língua negação veio manual em português negação sou obrigada a saber como mudar no aparelho Agora tenho que traduzir p poder utilizar O aparelho em si eu sei que é bom,"##em, em, negação","0.8306, 0.4779, 0.4263",negative
nota numero,"numer, ##o, nota","0.6087, 0.3474, 0.0391",positive
Recebi bem rápido porém veio outro produto e negação o que eu pedi o modelo veio diferente a cor veio uma capinha que negação tem zíper enfim negação recomendo,"porém, ##bi, bem","0.6361, 0.6167, 0.5389",negative
O produto negação foi entregue e ate o momento negação foi resolvido enviaram somente um e mail solicitando se tenho interesse em cancelar a compra ou receber um produto similar negação sei qual é,"negação, foi, e","0.1256, 0.1103, 0.0948",negative
A previsão para a entrega era para o dia data e me foi entregue no dia data em perfeito estado Parabéns a todos,"a, para, estado","0.088, 0.0862, 0.0702",positive
,,,positive
Muito bom,"bom, Muito","0.2464, 0.0155",positive
O produto é conforme a foto atendeu todas minhas expectativas Super Indico,"Super, a, ##ico","0.1143, 0.1047, 0.0928",positive
rapidez e eficiencia,"##encia, ##idez, e","0.355, 0.3341, 0.2947",positive
produto entregue antes do prazo previsto,"do, previsto, antes","0.5891, 0.5061, 0.4714",positive
 negação recebi meu pedido,"receb, ##i, pedido","0.2689, 0.2439, 0.2036",negative
Recebi antes do prazo de entrega Porém no mesmo dia que recebi o produto e quebrou ao utilizar em um balão de soco Inadmissível o produto é para defesa pessoal e negação pode quebrar Já mandei foto,"no, do, ##bi","0.6637, 0.4979, 0.4144",positive
A cadeira é confortável mas tem acabamento incompatível com o preço peças tortas rebarbas e manchas Embalagem frágil chegou se desfazendo a ponto de cair peças da portaria até o apto Sem manual,"##tável, ##tas, ##as","0.1443, 0.1292, 0.1181",negative
Entrega no prazo,"##ga, no, prazo","0.6701, 0.432, 0.3282",positive
Entrega do produto diferente do solicitado Aguardo orientação para a troca,"do, ##ardo, ##ga","0.3063, 0.2335, 0.2166",negative
O produto entregue estava correto O único se negação foi que a loja poderia ter protegido melhor o produto Ao cortar o embrulho externo de papel quase cortei o tapete com a tesoura,"O, estava, correto","0.4207, 0.3338, 0.2961",positive
Produto de ótima qualidade entregue dentro do prazo Gostei muito,"##te, ##i, Gos","0.1968, 0.1568, 0.1554",positive
minha película de vidro chegou toda trincada preciso de uma inteira,"##cada, de, preciso","0.2266, 0.2163, 0.2038",negative
Chegou antes do prazo e em perfeito estado,"antes, estado, do","0.0927, 0.082, 0.0617",positive
Recebi o produto com duas semanas de antecedência,"##ência, ##bi, o","0.5741, 0.4177, 0.3285",positive
,,,positive
A entrega foi direitinha mas o produto é péssimo,"##iti, ##nha, ##imo","0.7613, 0.53, 0.4619",negative
Chigling,"##gl, ##ing, Chi","1.8155, 1.2785, 0.2142",positive
Bom Dia EU RECEBIR O RELOGIO MAIS INFELISMENTE MEU SOBRINHO negação GOSTOU COMO FAZ PARA TROCAR OBRIGADA GERDA,"##DA, ##AD, ##IR","0.7599, 0.5137, 0.3196",negative
So negação gostei pq o quadro negação veio protegido em caixa veio so embrulhado no papel bolha o material e frágil deveria ser mais embalado para transporte,"negação, ##te, gos","0.5351, 0.5245, 0.3475",positive
Chegou a nota fiscal o bebê conforto e a base falta meu carrinho,"fiscal, o, a","5.6136, 1.9878, 1.1967",negative
foi entregue antes da data prevista claro pois o prazo de entrega é de numero úteis com isso um produto comprado em data chegará até data evita problemas da empresa mas o meu chegou em numero d,"da, problemas, antes","0.2606, 0.2539, 0.1631",positive
O pedido foi de numero cadeiras mas foi recebido só numero,"##o, numer, só","0.3341, 0.3111, 0.279",negative
muito bom obrigado pelo atendimento eu recomendo,"bom, pelo, obrigado","0.1602, 0.1346, 0.1059",positive
PRODUTO CHEGOU EM PERFEITAS CONDIÇÕES DE USO O PRAZO DE ENTREGA TAMBÉM FOI SATISFATORIO,"##O, F, ##M","0.1461, 0.1418, 0.1392",positive
Recebi com a caixa já rasgada mas estava tudo certo obrigado,"certo, obrigado, ##bi","0.2104, 0.2044, 0.2023",positive
Comprei a mala vermelha e veio preta,"preta, vermelha, ##rei","0.4422, 0.3292, 0.2449",negative
tudo ok,"o, ##k, tudo","0.4489, 0.2017, 0.0351",positive
foi entregue no prazo,"no, entregue, prazo","0.2467, 0.2382, 0.1903",positive
Otimo produto,"produto, ##timo, O","0.5187, 0.2168, 0.0307",positive
recebi metade do produto,"do, ##i, metade","1.2264, 0.541, 0.3928",negative
a mercadoria ainda negação chegou,"##ia, chegou, negação","0.3037, 0.2085, 0.1842",negative
Seguro,"##ro, Segu","0.6801, 0.0466",positive
Produto chegou antes do prazo,"do, antes, ##to","0.6205, 0.5277, 0.3069",positive
 negação recebi o produto e nem reembolso,"##so, re, receb","0.1498, 0.1294, 0.1211",negative
ótimo atendimento,"atendimento, ótimo","0.7095, 0.0823",positive
otimo,"##o, otim","0.5781, 0.0578",positive
Linda a estrutura da luminária muito bem embalada e sem problemas na entrega,"a, embal, bem","0.1751, 0.1073, 0.0961",positive
Entregue dentro do prazo,"##gue, dentro, do","0.4086, 0.3598, 0.2522",positive
so demorou um pouco mais valeu,"um, demorou, mais","0.3593, 0.2762, 0.2156",positive
Recebir o produto perfeito e antes do prazo super recomendo o produto e a loja,"e, ##bi, super","0.1142, 0.0945, 0.0929",positive
Entrega dentro do prazo produto de qualidade,"do, ##ga, dentro","0.4977, 0.3999, 0.3168",positive
Mercadoria ótima e entregue antes do prazo prometido Parabéns,"e, ##ria, ##éns","0.1032, 0.0989, 0.0703",positive
Satisfação numero,"##o, ##ção, ##isfa","0.4815, 0.4448, 0.3927",positive
Produto chegou dentro do prazo Só que o prazo é muito grande pra um produto pequeno Sinceramente negação comprarei mais nesta loja devido a um prazo muito grande para entregar um produto,"que, ##ente, ##ceram","0.2816, 0.1722, 0.145",positive
Parabéns pelo atendimento,"pelo, ##éns, ##b","0.2295, 0.148, 0.122",positive
Estou esperando até hoje,"até, hoje, ##ou","0.5129, 0.4534, 0.2763",negative
O produto chegou rápido e bem embalado Eu só imaginei que o silicone seria mais firme achei ele bem líquido Vou usar e analisar se irá me atender caso sim compraria novamente com esse vendedor,"Vo, líquido, ##ei","0.3653, 0.1729, 0.1586",positive
recebi antes do prazo o produto original otimo,"##o, otim, ##i","0.417, 0.323, 0.2209",positive
Chegou relativamente rápido antes do prazo previsto produto lindo condizente a foto e veio em perfeito estado muito bem embalado Parabéns pelo cuidado e carinho com o cliente,"relativamente, estado, ##ado","0.0709, 0.0629, 0.0606",positive
Um dos cartuchos preto veio violado Os demais vieram lacrados,"##rados, ##do, viola","0.571, 0.5036, 0.2798",negative
Tudo dentro do praso,"pra, ##so, do","1.7942, 0.6223, 0.4918",positive
Bom funcionamento,"funcionamento, Bom","0.2644, 0.0204",positive
É a primeira vez que fiz a compra e ainda negação chegou Só quero indicar a partir do momento que tiver o produto em mãos,"a, Só, indicar","0.4941, 0.3465, 0.3448",negative
Muito bom produto minha mae adorou estão de parabéns tudo no prazo certinho,"bom, produto, minha","0.1582, 0.1469, 0.1099",positive
Entregue antes do prazo,"##gue, do, antes","0.46, 0.4371, 0.3778",positive
Chegou perfeita bem antes do prazo,"bem, antes, perfeita","0.1747, 0.1442, 0.1436",positive
Alguns pinceis veio soltando as cerdas,"sol, veio, ##tando","0.3575, 0.2705, 0.2373",negative
O protetor é somente um plástico negação gostei,"##te, negação, um","0.4563, 0.348, 0.3277",negative
Produto frágil,"frágil, ##to, Produ","0.6137, 0.5771, 0.0946",negative
 negação recebi o produto,"receb, ##i, o","0.2117, 0.1921, 0.1435",negative
Porem veio faltando uma unidade gostaria que me exclarece se este ocorrido Gostaria de receber a outra unidade,"Gos, falta, ##ndo","0.1927, 0.1591, 0.1453",negative
Produto excelente e de ótima qualidade Adorei,"##rei, e, ##to","0.1059, 0.1007, 0.0805",positive
O sling é um pouco menor mais funciona bem para dias quentes negação é legal por que é de algodão,"é, por, é","0.342, 0.2792, 0.2757",negative
Bom Custo X Benefício,"Bene, Cus, ##to","0.6007, 0.431, 0.3863",positive
Ótimo produto,"produto, ##timo, Ó","0.4549, 0.3092, 0.0257",positive
Olá boa tarde negação veio a boneca serie numero e sim a serie numero,"a, veio, a","0.2424, 0.2364, 0.1923",negative
Eu recebi o produto em partes recebi so um kit esta faltando o outro Att Marco,"um, ##t, receb","0.5402, 0.3484, 0.3333",negative
Produto lindo meus filhos amaram,"##am, ##do, ##to","0.2137, 0.1951, 0.137",positive
Satisfeito,"##eito, ##isf, Sat","0.6309, 0.4359, 0.0441",positive
Esperando o resultado,"##ndo, o, resultado","0.6327, 0.3195, 0.1731",negative
Relogios falsificado negação gostei,"##ificado, negação, fals","0.2732, 0.2346, 0.2046",negative
O produto chegou Porem a embalagem estava aberta e em um dos braços da cadeira o encaixa do parafuso estava quebrado Fora isso o prazo de entrega foi bom,"bom, a, Fora","0.1863, 0.1651, 0.1617",positive
Estou tentando entrar em contato com vcs mas pelo site negação está dando A vela veio quebrada com o carvão saindo pra fora Solicito a troca do mesmo O produto chegou antes mesmo do prazo Obrigada,"##da, ##to, quebra","0.3724, 0.3455, 0.3188",negative
muito bom,"bom, muito","0.2269, 0.0249",positive
Adorei o produto,"##rei, o, produto","0.4308, 0.3211, 0.138",positive
Produto entregue antes do prazo e perfeito,"antes, ##to, do","0.1059, 0.1044, 0.0889",positive
Todos os produto me foram enviados corretamente Eu recomendo As lannister pela celeridade embalagem e excelente atendimento Sucesso os negócios e vendas Soila Leão,"atendimento, ##rida, Su","0.1246, 0.1216, 0.1046",positive
Gostei de ter feito essas compras por esse site Obrigada,"##te, ##i, ##da","0.2309, 0.1564, 0.1082",positive
Muito bom,"bom, Muito","0.2464, 0.0155",positive
Chegou antes do prazo Tudo certinho Obrigada,"##da, antes, Ob","0.2179, 0.1512, 0.1248",positive
Bom,Bom,0.0131,positive
Semprei pelo Shop time A impressão quando visualizamos o item no site a impressão que é tecido e negação vinil,"vinil, que, e","0.6176, 0.3282, 0.2889",negative
gostaria de saber como faco para receber o produto que realmente comprei e devolver o produto errado,"##ver, de, compre","0.1467, 0.0947, 0.0861",negative
Produto aparentemente ótimo chegou muito antes do prazo estipulado pelo site Pena que comprei o produto errado era para ser bomba submersa com filtro Mas já estou resolvendo tudo quanto a troca,"##pula, prazo, esti","1.6002, 1.0585, 0.7707",positive
Excelente produto e com suporte De pós venda maravilhoso,"##ente, produto, De","0.1442, 0.0914, 0.0794",positive
O produto foi entregue no tamanho errado,"errado, foi, tamanho","1.996, 0.5831, 0.5493",negative
Bom,Bom,0.0131,positive
comprei o produto e ate hj negação recebir,"receb, ##i, ##ir","0.2162, 0.1756, 0.1535",negative
Até o momento negação recebi meu produto,"receb, ##i, negação","0.1307, 0.1277, 0.1166",negative
Adorei o site,"##rei, o, site","0.3355, 0.2709, 0.0984",positive
O produto é desproporcional e de péssima qualidade negação acredito que uma instituição com um nome desses se queime por tão pouco Só negação entro com pedido de devolução pra evitar desgastes,"##cional, ##e, ##ima","0.1213, 0.1136, 0.1104",negative
Quero saber o que aconteceu que meu produto negação foi entregue até hj,"até, que, ##o","0.1287, 0.0912, 0.0894",negative
O produto é de qualidade e veio antes do prazo estipulado,"##pula, do, ##do","0.3641, 0.2585, 0.2251",positive
MUITO BOM,"##O, ##U, ##IT","0.2363, 0.176, 0.1477",positive
Muito satisfeito recomendo a todos,"##eito, ##o, satisf","0.2147, 0.1478, 0.1468",positive
uma otima loja o atemdimemto e otimo a entrega e rapida gostei muito de comprar com voces ja recomendei para os meus amigos e familiares,"##a, ##m, ##to","0.1689, 0.1583, 0.1471",positive
 negação RECEBI NENHUMA INFORMAÇÃO POR EMAIL SOBRE STATUS DO PEDIDO,"R, ##I, ##ID","0.1825, 0.1619, 0.1276",negative
péssima embalagem tive que colar ele todo fique com preguiça pelo preço de mandar de volta mas negação indico pra ninguém a loja,"##ima, embal, ##agem","0.2831, 0.1711, 0.1192",negative
Na descrição do produto é indicado que o mesmo possui tecido superior e inferior de numero algodão mas na verdade são numero algodão numero poliéster Propaganda enganosa,"engan, ##osa, ##ganda","0.2354, 0.2053, 0.1062",negative
Foi tudo normal como é mesmo uma compra por internet Obrigado,"como, normal, ##do","0.4277, 0.2211, 0.196",positive
Comprei numero frascos da maca e só chegou numero Paguei por dois frascos e o frete também por dois Espero que ela situação seja resolvida,"##vida, numer, ##rei","0.0834, 0.083, 0.0765",negative
O produto chegou no prazo máximo para entrega mas veio em perfeitas condições,"##s, em, veio","1.1586, 0.4718, 0.3938",positive
Amei ficou muito bonito no meu braço,"no, bonito, ##i","0.6809, 0.4514, 0.4095",positive
 negação foi entregue o produto pq negação tinha na loja mas foi resarcido o valor pago,"##ar, o, foi","0.2004, 0.19, 0.1781",negative
Como faço para obter o reembolso já que negação recebi o produto Aguardo,"##ardo, ##so, ##i","0.2559, 0.1806, 0.1047",negative
Estou surpreso por ainda negação ter ainda recebido o produto Porém acredito na Boa Fé dos negócios praticados pela loja lannister com Suponho que tenha havia algum problema independente da vontade,"##o, ##pres, o","0.9829, 0.6085, 0.3295",positive
Tecido um pouco inferior mas pelo preço,"mas, ##ido, inferior","0.2389, 0.2074, 0.1305",negative
Recebi certo depois de transtorno na primeira compra,"depois, na, ##bi","0.285, 0.2568, 0.2437",positive
Gostei e recomendo,"##te, ##i, ##o","0.2309, 0.1551, 0.1399",positive
O produto funciona corretamente aquece bem e é indicado para microeletrônica uma vez que a ponteira é bem fina Quanto ao prazo chegou em numero semana e estou no nordeste,"aque, corretamente, ##ce","0.1783, 0.1696, 0.1482",positive
Produto dentro do esperado Bom,"do, Bom, ##to","0.1722, 0.1542, 0.1304",positive
boa,boa,0.0257,positive
Produto fora do prazo ainda negação foi entregue,"do, ##to, fora","0.1677, 0.1569, 0.1332",negative
Foi comprado duas unidades do produto e foi entregue apenas uma Desejaria saber se o vendedor enviará a segunda compra Um abraço,"##ço, ##ia, apenas","0.2935, 0.2027, 0.1851",negative
Espero que o aparelho realmente atenda o que espero dele,"##ro, aten, ##da","1.9702, 0.9399, 0.7038",negative
Satisfeita com o atendimento prestado,"##eita, ##isf, com","0.562, 0.3785, 0.3391",positive
Muito eficiente na entrega produto excelente,"na, eficiente, produto","0.156, 0.1293, 0.1072",positive
adorei os produtos me surpreendeu a entrega rápida e veio muito bem embalado acabamento ótimo fiquei muito satisfeita,"##rei, os, fi","0.1207, 0.0727, 0.0504",positive
produto chegou em bom estado e a qualidade bem superior a algumas que jah comprei percebece que e bem mais resistente,"a, estado, bem","0.5797, 0.3058, 0.2612",positive
Melhor entrga chegou antes do prazo,"ent, ##r, antes","0.8427, 0.6079, 0.4645",positive
Muito Bom Produto entrega,"Produ, Bom, ##to","0.2876, 0.2452, 0.1614",positive
Cancelei o produto já fez numero dias e ainda negação recebi o dinheiro de volta ainda esperando o dinheiro caí em minha conta como foi combinado com a loja,"##ei, ##cel, o","0.1153, 0.0844, 0.0631",negative
Produto entregue em dois dias muito bom,"em, bom, ##to","0.2925, 0.273, 0.1759",positive
Americana sempre com muita qualidade Obrigada,"sempre, ##da, qualidade","0.2763, 0.2386, 0.1699",positive
Acho que negação recebi por causa da greve dos caminhoneiros,"receb, ##i, ##o","0.4435, 0.4427, 0.2909",negative
Recebi o perfume violado aberto caixa toda amassada embalagem de fora rasgada e amassada o plástico bolha estava todo furado e muito amassado a caixa estava toda molhada de perfume e tenho fotos,"##do, ##bi, o","0.2649, 0.1299, 0.1248",negative
Achei o produto mal acondicionado na embalagem Chegou todo deformado bem diferente da foto do site Mal Acabamento negação gostei,"##do, ##te, ##ei","0.1735, 0.125, 0.1193",negative
produto entregue dentro do prazo,"do, dentro, entregue","0.368, 0.3221, 0.2783",positive
O produto é bastante resistente de ótima qualidade Foi entregue antes do prazo,"de, resistente, qualidade","0.3708, 0.2373, 0.1298",positive
Prazo previsto eram numero sias Já se passaram numero e até agora nasa da mercadoria,"##ia, ##zo, numer","0.1427, 0.1361, 0.1358",negative
O pedido foi entregue incompleto apesar da NF informar a quantidade de numero embalagens de Noseclean dentro da caixa havia apenas numero,"apesar, ##leto, da","0.5123, 0.4588, 0.404",negative
 negação recebi produto nem satisfaçao sobre ocorrido mandei cinco solicitaçoes sobre como poderia proceder e negação obtive retorno Produto ja foi pago e negação chegou Pessimo,"##o, ##sim, receb","0.1039, 0.0842, 0.0748",negative
Embalagem diferente da vista fragancia duvidosa,"frag, ##ia, ##anc","2.0625, 1.7335, 1.5975",negative
Gostei muito entrega antes do prazo estipulado Produto correto sem avarias Recomendarei com certeza,"antes, ##te, entrega","0.4819, 0.4264, 0.3625",positive
A bolsa térmica além de linda é super espaçosa Produto de acordo com o anunciado e a entrega super rápida entregou bem antes do prazo,"##a, térmica, espaços","0.1164, 0.0775, 0.077",positive
Comprei o produto na quinta numero numero e recebi no feriado numero numero pela manhã Além da entrega rápida veio em perfeito estado,"##rei, o, estado","0.0781, 0.0743, 0.063",positive
Ótima mercadoria entrega bem antes do prazo,"mercador, ##ia, ##tima","0.2531, 0.1969, 0.1964",positive
Funciona bem mas os botões são altos e mais duros que o original,"##s, ##ões, e","0.2538, 0.2509, 0.2048",positive
Produto excelente Facil uso Recomendo,"Fa, uso, ##to","0.1913, 0.1234, 0.114",positive
cliente satisfeito,"##eito, satisf, cliente","0.44, 0.3933, 0.0316",positive
Produto bom Recomendo,"Rec, ##ndo, ##ome","0.5723, 0.3149, 0.2865",positive
Rápida e de qualidade,"e, ##á, ##pida","0.7265, 0.3498, 0.3151",positive
Vamos aguardar a entrega do mesmo,"##r, do, ##mos","1.5013, 0.6438, 0.5863",negative
Chegou de boa,"de, boa, Chegou","0.4129, 0.2108, 0.0509",positive
produto entregue antes da data prevista e de muito boa qualidade,"qualidade, da, antes","0.1695, 0.1558, 0.1284",positive
Produto de péssima qualidade muito diferente do anunciado e também de produtos desse tipo que corta a luz Além disso estou com dificuldade no contato com a lannister para devolver,"##ima, ##to, ##ver","0.0987, 0.0734, 0.0688",negative
Bom só deveriam avisar que negação seria entregue na residência e sim nos correios,"avis, ##ar, na","0.4078, 0.2747, 0.2389",positive
Muito bom produto é bonito eu recomendo É ainda chegou bem antes do prazo,"bom, produto, do","0.1763, 0.1511, 0.1488",positive
O tecido deveria ser um pouco mais encorpado grosso resistente visto que se trata de finalidade industrial Após lavar e retirada a goma ele terá a textura alterada e ficará mais fino do que já é,"e, ##o, ##ma","0.241, 0.1952, 0.1677",negative
recebi o produto em ordem e rápido,"##i, e, em","0.309, 0.2829, 0.1507",positive
Gostei to Satisfeito com a loja e o Produto,"##te, Sat, ##i","0.2818, 0.2406, 0.1886",positive
amei o produto muito lindo,"##i, o, lin","0.2088, 0.1138, 0.1134",positive
Sabor agradável Recomendo,"Rec, ##r, ##ndo","0.535, 0.3129, 0.2356",positive
Envio e confirmação de pagamento forma bem rápidas por sorte o correio brasileiro tbm foi rápido então recebi antes do prazo Produto certinho original e espero de dure bastante Rs,"o, R, ##o","0.1947, 0.1206, 0.1135",positive
Agradeço pelo comprometimento o produto veio em ótimo estado e bem embalado,"estado, ##ço, ##rade","0.136, 0.1323, 0.1268",positive
sim eu recomendo esta loja,"eu, ##o, recomend","0.3093, 0.2597, 0.1759",positive
Muito embora a entrega tenha acontecido dentro do prazo achei longo o prazo para a entrega,"a, embora, longo","0.5717, 0.5268, 0.406",negative
Muito bom recebi antes do esperado,"bom, receb, ##i","0.2685, 0.2503, 0.2022",positive
Como comprei o celular e a capa película juntos o Ideal era receber tudo junto,"##e, o, tudo","0.5116, 0.3892, 0.3696",positive
produto negação entregue,"entregue, negação, produto","0.5925, 0.4417, 0.2051",negative
Entregou rapido,"##ido, ##gou, rap","0.9021, 0.5349, 0.429",positive
foi pedido um ptoduto veio outro,"##uto, outro, veio","0.4766, 0.4128, 0.3863",negative
estou satisfeito,"##eito, satisf, estou","0.5362, 0.3551, 0.0296",positive
Recebi o produto correto porém o valor do produto na NF ficou a menor dinheiro sendo que comprei a numero numero O valor do frete calculado foi dinheiro e veio dinheiro Gostaria que viesse com correto,"ficou, porém, ##bi","0.2755, 0.2175, 0.1904",negative
Comprei o produto dia numero numero Dia numero numero Já recebi qualidade e rapidez top,"receb, top, ##i","1.5724, 1.3227, 1.0857",positive
Bom,Bom,0.0131,positive
Bom,Bom,0.0131,positive
Simplesmente negação recebi meu produto e negação tenho um posicionamento decente do que acontecerá,"##mente, ##les, ##i","0.1053, 0.0823, 0.0693",negative
atendimento eficaz e entrega dentro do prazo,"e, eficaz, do","0.3971, 0.276, 0.2198",positive
Produto excelente entrega rápida Comprei mais um depois,"entrega, rápida, ##to","0.1578, 0.1189, 0.1114",positive
Produto bom,"##to, bom, Produ","0.2727, 0.239, 0.0277",positive
ótimo,ótimo,0.0675,positive
Veio uma tesoura na medida numero numero e a outra veio numero numero Já tinha adquirido outra vez as tesouras mas desta vez veio errada cada uma de uma medida e o estojo veio com uma qualidade inferior a outra vez,"a, inferior, ##o","0.1779, 0.1769, 0.1238",negative
entregou super rapido e é muito bonito,"super, ##ido, rap","0.4773, 0.4047, 0.226",positive
Produto atendeu às expectativas e chegou antes do prazo,"do, ##u, e","0.2034, 0.1939, 0.1756",positive
CONSTA QUE FOI ENTREGUE MAS negação CHEGOU NADA,"##A, C, ##S","0.8568, 0.5763, 0.5392",negative
Produto chegou antes do prazo,"do, antes, ##to","0.6205, 0.5277, 0.3069",positive
produto bom forte mais tem hora que funciona tem hora que negação com poblema na tomada mais fora isso muito boa maquina,"tem, mais, ma","0.2227, 0.1949, 0.1877",positive
A empresa negação entra em contato com o cliente é evasiva nos seus argumentos convence uma crinça de numero anos que a mohila que ela sonhou em ter negação chegou,"##si, entra, negação","0.1048, 0.1033, 0.0948",negative
Vocês colocam que será entregue na residência e cobram uma taxa porem tive que retirar o produto na agencia dos correios,"##em, o, tiv","0.3581, 0.3285, 0.3237",negative
A entrega esta em atraso e eu preciso da para p O dia numero numero e a mesma ainda negação chegou se passar do dia numero negação vou querer mais o produto,"e, esta, mais","0.0864, 0.0828, 0.0666",negative
 negação recebi o produto,"receb, ##i, o","0.2117, 0.1921, 0.1435",negative
Fiz a compra em data ja passou o prazo de entrega e aonde esta meu produto Ficam pondo a culpa no correio sendo que quem faz a minha entrega é uma pessoa conhecida e ele me disse que negação cheg,"no, ##z, a","0.0504, 0.0503, 0.049",negative
Boa tarde Os produtos foram entregues ontem em pleno domingo no qual negação haviam pessoas responsáveis pelo recebimento de mercadorias o qual ficaram faltando numero cadeiras,"domingo, on, no","0.4026, 0.329, 0.2801",negative
Recebi o produto erredo,"##redo, ##bi, o","1.4682, 0.6763, 0.5896",negative
quero saber quando o meu produto vai chegar ate agora negação me entregarão e ja passou da data de novo,"agora, saber, me","0.0597, 0.0578, 0.0568",negative
Solicitei e paguei por numero toner recebi somente numero Quero o toner ou o valor pago a mais,"##o, numer, ##ue","0.2522, 0.2073, 0.1865",negative
Comprei de numero tabletes e veio numero entrei com pedido de troca estou aguardando resposta Dependendo de como a loja parceira resolverá meu problema direi se indico ou negação,"de, ##o, estou","0.1651, 0.159, 0.107",negative
Ainda negação recebi o produto pois comprei numero e apenas numero foi entregue e ninguém entrou em contato p dar uma explicação nem mesmo a loja Américanas quero meus produtos,"receb, ##i, negação","0.0952, 0.0944, 0.0845",negative
Boa,Boa,0.0208,positive
recebe apenas numero peça do produto estou precisando da numero peças restante,"apenas, ##ndo, numer","0.307, 0.2726, 0.2643",negative
A caixa que veio o produto poderia ter sido mais resistente a caixa chegou praticamente acabada mas o produto negação chegou a sofrer nenhum problema,"##da, chegou, a","0.915, 0.5394, 0.4954",positive
Excelente o produto curti o design prazo de entrega ótimo dois dias úteis eu recomendo com certeza,"##ente, ##ti, o","0.2684, 0.1902, 0.1532",positive
As pulseiras vieram corretas iguais a da foto material bacana e resistente,"##s, a, e","0.3528, 0.3511, 0.2639",positive
Gostei e vou comprar novamente,"##te, ##i, novamente","0.1993, 0.1424, 0.1164",positive
Pra Me e uma loja Enganosa comprei o produto e negação chegou Quero o meu produto,"##a, ##anos, Quer","0.1531, 0.1134, 0.0992",negative
Comprei internet em outras loja L A S A foi permitido receber na própria loja agora negação aceitaram a solicitação Estou triste sem saber destino do produto pago e negação recebido,"sem, triste, do","0.1867, 0.0937, 0.0928",negative
Loja rápida na entrega Só houve um incidente pelo fato de negação vim o produto escolhido e sim um similar,"pelo, rápida, houve","0.2993, 0.2096, 0.1946",positive
cumpriram com o prometido,"##am, ##tido, com","0.3557, 0.2727, 0.1572",positive
 negação recebi o produto que comprei Comprei o seguinte produto Isqueiro Zippo Preto Com LOGO numero zl foi entregue um sem logo negação correspondendo ao produto pelo qual comprei,"##ndo, receb, ##i","0.0899, 0.081, 0.0788",negative
Produto chegou no prazo Vou testar para ver se funciona mesmo,"para, no, ##u","0.1953, 0.1738, 0.145",positive
Muito satisfeito com a entrega,"##eito, satisf, com","0.3728, 0.2691, 0.2436",positive
que legal recebi o produto bem antes do prazo o tecido foi o informado mesmo estampa legal mas só precisa ser com mais qualidade mas atendeu o esperado,"receb, mesmo, mas","0.2926, 0.1611, 0.1512",positive
Uma compra simples e uma entrega dentro do prazo esperado O produto parece de boa qualidade Com mais dias de uso claro poderia dar uma opinião mais adequada,"de, e, esperado","0.5115, 0.4105, 0.3017",positive
,,,positive
Muito boa,"boa, Muito","0.2495, 0.0171",positive
Bom,Bom,0.0131,positive
Produtos entregues no prazo corretamente Certamente comprarei mais vezes,"Cer, no, ##tamente","0.2615, 0.2186, 0.2152",positive
Poderia ser mais fácil colocar os fios na base pois é necessário muito jeitinho e força no entanto o produto atende,"o, ##iti, no","0.3988, 0.2245, 0.1981",negative
Fiz um pedido com numero kits para dois celulares Paguei pelos dois e só recebi um,"##z, com, ##i","0.0949, 0.0943, 0.0872",negative
 negação Recebi meu produto ninguém entrou em contato comigo para me explicar o porque e quais as providências a serem tomadas solicito informações urgente,"Rece, ##bi, meu","0.1394, 0.1324, 0.1279",negative
nota numero numero,"numer, ##o, ##o","0.7348, 0.3227, 0.2828",positive
Muito satisfeito eu atingiu todas as minhas expectativas recomendo,"satisf, ##eito, ##o","0.161, 0.1427, 0.1175",positive
Chegou antes do prazo previsto,"antes, do, previsto","0.7271, 0.5276, 0.4484",positive
o produto chegou sem nenhum problema esta funcionando normalmente sem dificuldade pro computador reconhecer negação precisa instalar nenhum drive,"sem, chegou, normalmente","0.1204, 0.0908, 0.0766",positive
tudo certo sem problemas,"certo, sem, problemas","0.4438, 0.4328, 0.2531",positive
Do jeito da foto é das descrições,"da, jeito, é","0.6234, 0.3749, 0.3394",positive
Comprei gato por lebre após uma semana da comprar entro em contato alterado a cor Que arrependimento produto com origem dividosa e triste saber que Américas tem fornecedores péssimo,"##imento, ##pend, produto","0.2244, 0.1446, 0.1383",negative
Muito rápido,"rápido, Muito","0.3603, 0.0254",positive
Paguei o frete mas tive que buscar nós Correios Insatisfeita,"##eita, ##atisf, Ins","0.6389, 0.2754, 0.2128",negative
Produto entregue conforme anunciado Recomendo,"conforme, anunciado, ##ndo","0.254, 0.2438, 0.1959",positive
Muito bom,"bom, Muito","0.2464, 0.0155",positive
sim recebi ate antes do prazo de entrega pessoal muito competente e prestativo recomendo sim parabens pela equipe,"receb, ##s, ##i","0.1094, 0.0958, 0.0785",positive
Comprei o mesmo produto gostaria de devolver Como faço,"##ver, de, Como","0.9736, 0.5041, 0.4095",negative
Vários atrasos e o produto com absurdo de atraso Aguardando providências da lannister com,"Agu, atraso, ##s","0.0867, 0.076, 0.0745",negative
gostei muito bom,"bom, ##te, ##i","0.3919, 0.3564, 0.2419",positive
Muito bom entregou antes do prazo,"entregou, bom, antes","0.2859, 0.2858, 0.2397",positive
Poderia especificar o tamanho do produto,"##r, do, ##ia","0.3987, 0.3649, 0.2723",positive
Acredito negação ter recebido por conta da greve Mas negação indico a lannister por motivo de venda de televisão com defeito,"##ito, ##o, indic","0.201, 0.1732, 0.1499",negative
Entrega rápida produto razoável recomendo,"recomend, ##o, produto","1.539, 0.8071, 0.7229",negative
Fiz meu pedido em fevereiro em fevereiro e até agr nada irei correr a traz do meu prejuízo,"do, ir, em","0.1133, 0.1067, 0.0999",negative
Boa,Boa,0.0208,positive
Squeeze sensacional Mantém a temperatura por muito tempo Além de bonito tem um acabamento impecável Recomendo,"##cá, por, ##e","0.0928, 0.082, 0.0805",positive
bom,bom,0.0152,positive
Comprei numero computadores e um deles veio com defeito Mesmo abrindo numero reclamações nem a baratheon e nem a targaryen sequer responderam as minhas reclamações,"##ito, ##rei, com","0.0874, 0.0689, 0.0566",negative
Eu negação recebi o peoduto,"##i, receb, ##uto","0.3349, 0.3203, 0.2181",negative
Entrega bem rápida confiael excelente,"rápida, confia, ##ga","0.4802, 0.3956, 0.3311",positive
veio somente uma pastilha de numero e negação recebi o cloro ainda,"ainda, somente, ##i","0.2196, 0.2002, 0.1641",negative
Foi recebido dentro do acordado mas poderia ser mais rápido,"##do, dentro, ser","0.2628, 0.1775, 0.1643",negative
Eu negação recebi o produto,"receb, ##i, negação","0.3337, 0.3323, 0.2231",negative
Entrega rápida e produto excelente Facil de instalar,"e, ##ga, Fa","0.1026, 0.0934, 0.0844",positive
Faltaram as ventosas,"##as, ##taram, as","0.5086, 0.251, 0.1958",positive
Mal embalado e por ser de vidro veio quebrado e estou aguardando posição do vendedor,"embal, ##ado, e","3.3952, 3.2816, 1.6706",negative
Produto excelente,"##to, excelente, Produ","0.1944, 0.1431, 0.0199",positive
Produto excelente preço melhor ainda entrega no prazo Perfeito,"ainda, preço, melhor","0.2661, 0.2451, 0.2441",positive
Está faltando receber um produto Pulseira Masculina de Couro Caveira Couro Legítimo Pedra Preto numero,"um, ##ndo, Pul","0.3176, 0.2516, 0.217",negative
Produto entregue lacrado e em perfeito estado,"lac, ##rado, ##to","0.1156, 0.1105, 0.1098",positive
PRODUTO ENTREGUE COM numero DIAS DE ANTECEDÊNCIA AO PROMETIDO ESTOU MUITO SATISFEITO COM A QUALIDADE DO PRODUTO,"##S, ##TE, ##TI","0.4519, 0.3806, 0.34",positive
A previsão para entrega seria para até data e até o momento negação foi entregue,"seria, para, foi","0.1258, 0.1145, 0.1006",negative
A capa que comprei veio menor que o previsto sendo que a marca do carro e o modelo era compatível na loja,"que, menor, que","0.3021, 0.2709, 0.2389",negative
Satisfeita com a compra Entrega rápida super indico essa loja,"##eita, ##isf, ##o","0.1247, 0.1189, 0.1099",positive
Estou solicitando uma troca e negação obtive resposta no prazo de numero hs Estou insatisfeita,"##eita, de, e","0.1637, 0.094, 0.0822",negative
o produto adquirido negação é o que eu esperava,"é, negação, adquirido","0.3926, 0.3145, 0.1773",negative
Gostei muito dos quadros só negação foi melhor pois negação vem com alça para pendurar na parede,"pois, ##te, foi","0.2748, 0.2496, 0.2352",positive
Comprei pensando que era um Casio de verdade era um relógio pirata e ainda de mostruário todo riscado Golpe,"##pe, ##ta, ##cado","0.186, 0.1731, 0.1287",negative
 amei e chegou até antes do esperodo,"##i, do, até","0.2236, 0.1465, 0.1173",positive
Muito bom a entrega foi antes do prazo esperado tudo certo só achei que as cápsulas eram em gel liquido Do resto está tudo Ok,"bom, ##hei, a","0.1483, 0.1395, 0.1364",positive
A entrega pra São Paulo aconteceu muito antes do prazo estimado,"do, muito, antes","0.6809, 0.5281, 0.476",positive
Bom dia Até o presente momento o meu produto negação foi entregue,"dia, Até, momento","0.2399, 0.1751, 0.1613",negative
Me entregaram somente uma touca Encomendei duas E ainda os entregadores negação largam em minha residência,"##ca, ##nde, ##m","0.0866, 0.0863, 0.0741",negative
O produto foi entregue bem antes do prazo Parabéns pelo comprometimento com o cliente,"pelo, bem, foi","0.1537, 0.1093, 0.1087",positive
Ótimo,"##timo, Ó","0.4036, 0.036",positive
Muito bom super recomendo,"super, bom, recomend","0.2039, 0.1902, 0.187",positive
O produto negação corresponde as imagens do site as rodas eram em amarelo fluorescente e vieram em verde uma das rodas negação gira como as outras e negação tem o mesmo desenho A marca também era outra,"as, corresponde, como","0.2898, 0.162, 0.1299",negative
 negação recebi o produto conforme o combinado Comprei dois kit e veio somente um,"##i, receb, Comp","0.1354, 0.1354, 0.1285",negative
Excelente,"##ente, Excel","0.384, 0.0447",positive
A carteira é de ótima qualidade bom acabamento Se você só precisa carregar CNH e cartões ela serve CNH sem a capinha Porém se precisa carregar identidade identidade funcional negação cabe kkkkkkkkk,"k, cabe, ##k","0.7714, 0.4177, 0.2687",positive
O produto na venda era uma imagem clara e bonita quando chegou e totalmente preto e quase negação da para ver a imagem,"e, e, da","0.2063, 0.2025, 0.1817",negative
recebi os numero produtos sim recomendo a todos voces esta de parabeis nota numero obrigado,"recomend, ##is, numer","0.3241, 0.2886, 0.267",positive
Entrega rápida ótimo preço loja muito boa,"ótimo, preço, boa","0.5041, 0.4406, 0.4137",positive
To esperando até agora nunca recebi nenhum relógio eu comprei negação recomendado essa loja,"recomenda, esperando, até","0.1157, 0.1044, 0.1011",negative
A caixa do produto a que fica por dentro da embalagem do correio veio toda danificada rasgada Nem parece que realmente é um produto licenciamento pelo time pq estava bem feia a coisa,"##a, parece, p","0.3389, 0.2735, 0.2619",negative
Olá meu pedido negação foi entregue quero saber o que aconteceu se negação for resolvido eu vou querer o meu dinheiro de volta Agradeço desde já,"##ço, ##á, foi","0.148, 0.1415, 0.1339",negative
Entrega muito rapida antes mesmo da data prevista produto Muito bem protegido para entrega Funcionando como o esperado Nota numero,"##ida, numer, Nota","0.1519, 0.0881, 0.0808",positive
Câmera negação funcionou,"negação, ##mera, funcionou","0.7739, 0.5392, 0.52",negative
excelente,excelente,0.0712,positive
Recomendo,"##ndo, ##ome, Rec","0.3663, 0.3355, 0.0536",positive
Entrega rápida profuto devidamente embalado Produto ok e acompanha pilha,"##ado, prof, devidamente","0.1005, 0.0947, 0.094",positive
Muita demora até o momento negação recebi o produto,"##ra, ##ita, demo","0.2708, 0.2381, 0.2098",negative
Recebido conforme anunciado Preço bem atrativo produto original,"##tivo, ##bi, anunciado","0.4036, 0.1924, 0.1876",positive
Recebi antes do prazo Muito bom,"bom, ##bi, do","0.2518, 0.2007, 0.1861",positive
funciona muito bem em sistemas Linux ou Windows,"muito, em, bem","0.2137, 0.1878, 0.183",positive
Ainda negação recebi meu produto negação dá pra avaliar,"##i, receb, negação","0.1358, 0.1247, 0.1169",negative
Chegou tudo certo,"tudo, certo, Chegou","0.6412, 0.5004, 0.0449",positive
O produto é de qualidade e de custo benefício,"e, benefício, é","0.425, 0.3331, 0.2748",positive
Gostei muito,"##te, ##i, muito","0.4286, 0.2968, 0.2926",positive
mt bom,"##t, bom, m","0.2543, 0.2042, 0.0219",positive
Infelizmente o lojista teve a péssima ideia de colocar suas vendas pelos Correios Tive que ir a agência da mesma e perder mais de numero horas para retirar minha compra UMA BAGUNÇA,"##Ç, o, ##UN","0.4841, 0.2556, 0.2544",negative
até o presente momento negação foi entregue,"negação, momento, o","0.1627, 0.1437, 0.1327",negative
Gostei muito do produto Ideal pra pequenos espaços,"##te, ##i, do","0.2886, 0.19, 0.1462",positive
Consultando o app no menu meus pedidos informa que o produto está indisponível porém o site tem o produto para a venda negação consigo entender,"##pon, o, ##ível","0.2924, 0.2581, 0.2444",negative
Muito bom produto e chegou antes do prazo,"bom, produto, do","0.2193, 0.2174, 0.1403",positive
Entregue antes do prazo e fiquei satisfeito com o produto,"##eito, antes, ##gue","0.3184, 0.2788, 0.2726",positive
 negação recebi o produto,"receb, ##i, o","0.2117, 0.1921, 0.1435",negative
Comprei numero cobertores de microfibra no qual recebi apenas numero ficaram faltando numero gostaria de saber se vão fazer o estorno do valor ou vão reenviar o produto,"##r, ##via, ##r","0.0826, 0.0758, 0.0731",negative
Comprei dois sapatinhos para cães e recebi apenas um Porém a nota fiscal foi emitida com os dois itens,"a, com, fiscal","0.2583, 0.1383, 0.1381",negative
sim eu recomendo,"eu, ##o, recomend","0.3071, 0.2477, 0.1712",positive
Serviço de entrega muito eficiente o produto chegou com menos da metade do prazo limite,"o, eficiente, com","0.7029, 0.4776, 0.4096",positive
ainda negação recebi o produto,"##i, receb, negação","0.2568, 0.2173, 0.1414",negative
Tudo deu certo chegou na data certa e conforme o anúncio,"deu, chegou, e","0.2204, 0.2049, 0.1977",positive
bom,bom,0.0152,positive
Solicitei o cancelamento do produto porém mesmo assim foi entregue e recebido pela portaria do meu prédio Me recuso a ter o trabalho de postar no correio,"##o, do, mesmo","0.8882, 0.3616, 0.2955",negative
Somente uma SURPRESA o produto negação é americano mas CHINÊS Pela qualidade e semelhança negação é FALSO Porém também negação é autentico Vou usa lo espero que negação parta o encaixe plástico prá negação travar,"uma, ##ES, ##ico","0.5779, 0.3927, 0.2839",positive
Produto maravilhoso Sem contar o cheiro que é muito bom Recebi antes do prazo,"##o, ##bi, Rece","0.1305, 0.1005, 0.096",positive
RECEBI ANTES DO PRAZO SATIFEITO,"##TE, ##S, ##I","0.3657, 0.2726, 0.2134",positive
A CAPA E O VIOLÃO FOI ENTREGUE MAS MINHAS numero BANQUETAS QUE COMPREI JUNTO AINDA negação SERA QUE TEVE ALGUM PROBLEMA,"SE, ##ÃO, ##S","0.3161, 0.3131, 0.2784",negative
Produto de ótima qualidade negação estava disponível na cor do anúncio mas o vendedor entrou em contato prontamente Parabéns pelo excelente atendimento,"qualidade, negação, pronta","0.1113, 0.0787, 0.0605",positive
Bom,Bom,0.0131,positive
Entrega antes do prazo e produto de ótima qualidade amei,"##i, ##ga, qualidade","0.1188, 0.0824, 0.0777",positive
Um ótimo produto,"produto, ótimo, Um","0.5091, 0.2628, 0.0361",positive
Entrega rápida e o produto de acordo com o descrito,"e, com, ##ga","0.2828, 0.2262, 0.1915",positive
A encomenda chegou em perfeito estado e bem antes do prazo,"estado, chegou, do","0.0894, 0.0866, 0.0702",positive
Recebi o produto bem antes do prazo final,"do, ##bi, antes","0.3714, 0.3358, 0.3085",positive
Recebi bem antes do prazo informado e o produto é de qualidade Veio devidamente embalado e com nota fiscal,"do, ##bi, fiscal","0.0978, 0.0902, 0.0862",positive
 negação fui informado que os produtos seriam entregues separados Quando tentei contato pelo telefone de atendimento ao cliente das lannister achei péssimo O contato com a loja foi rápido e eficiente,"##imo, ##ei, e","0.7091, 0.3794, 0.3786",negative
Recebi bem antes do prazo adorei o produto,"##rei, o, ##bi","0.197, 0.1671, 0.1543",positive
Chegou antes do prazo É lindo Um ótimo presente,"presente, antes, do","0.153, 0.1508, 0.0847",positive
Ainda negação recebi o produto que comprei Já fazem mais de numero semanas que paguei e nada Solicito esclarecimentos sobre o envio,"##i, Sol, receb","0.0698, 0.0657, 0.0631",negative
Produto entregue antes do prazo Eu recomendo,"##o, antes, do","0.2137, 0.183, 0.1799",positive
CONTINUE SEMPRE ASSIM PARABÉNS,"##É, ##E, ##N","0.1381, 0.1332, 0.1207",positive
Gostei chegou bem rapido,"bem, ##te, ##ido","1.7615, 0.6244, 0.6059",positive
Chegou dentro do prazo,"dentro, do, prazo","0.4179, 0.3186, 0.1802",positive
Bom atendimento e entrega correta,"atendimento, e, correta","0.5831, 0.3654, 0.242",positive
Lindo,"##o, Lind","0.6845, 0.0466",positive
CONSIDERANDO O VALOR DA COMPRA O FRETE DEVERIA SER GRATUITO,"##TE, ##OR, ##T","0.4272, 0.329, 0.2934",negative
ENTREGARAM UMA COQUETELEIRA DIFERENTE DO ANUNCIO TUDO SUJA EMPOEIRADA E QUE VAZA UM MONTE DE WHEY DURANTE A MISTURA,"##RA, ##ER, ##M","0.1735, 0.1664, 0.1322",negative
A qualidade é ótima e chegou bem antes do prazo,"e, é, do","0.269, 0.1388, 0.1379",positive
Recebi o skate com duas avarias O kit de segurança é de má qualidade e todo desbotado além de o skate ser com personagem para meninos e o kit de segurança ser rosa Estou muito descontente,"##nte, ##arias, ##ado","0.0831, 0.0752, 0.0628",negative
Recebi no prazo Produto inferior ao mostrado no site negação gostei,"ao, ##bi, no","0.5736, 0.5686, 0.3767",negative
Excelente produto,"##ente, produto, Excel","0.3821, 0.2627, 0.025",positive
adorei recomendo o produto,"##rei, recomend, ##o","0.2291, 0.1662, 0.1619",positive
Muito agradecida,"agrade, ##cida, Muito","0.302, 0.2985, 0.0331",positive
ok muito bonito,"bonito, muito, ##k","0.9044, 0.6427, 0.3706",positive
Impossível avaliar um serviço que negação foi completado,"que, ##ível, um","0.2107, 0.2076, 0.1959",negative
Entregue no prazo tudo certo,"##gue, certo, no","0.3282, 0.2544, 0.232",positive
Bom dia Por favor pode me informar se vcs já me enviaram meu pedido de volta Estou no aguardo To precisando dessa mercadoria,"Est, ##o, ##ia","0.1789, 0.1739, 0.1699",negative
O produto foi entregue super rápido bem embalado e em perfeita ordem Recomendo tanto a loja quanto o produto Voltarei a comprar,"super, bem, ordem","0.0731, 0.0624, 0.0594",positive
Produto negação foi entregue e no site do rastreamento diz que foi entregue,"e, foi, ##to","0.1438, 0.1303, 0.1161",negative
No site a foto está uma coisa e foi recebido outra coisa,"outra, coisa, e","0.4486, 0.4474, 0.2399",negative
Muito bom mesmo recebir meu produto antes da data muito satisfeito,"mesmo, ##eito, bom","0.1623, 0.1596, 0.1543",positive
ainda aguardo meu produto,"##o, aguard, produto","0.3226, 0.28, 0.2218",negative
Ainda negação recebi meu produto O prazo já passou em dois dias e nada,"##i, meu, em","0.12, 0.1184, 0.1072",negative
Venda de cartuchos falsificados usados mensagem da minha impressora HP quando tentei instalar os cartuchos Providências somente sob pressão Enorme perda de tempo com todo o processo,"perda, ##ificados, ##da","0.1644, 0.1222, 0.1029",negative
Na primeira vez que comprei eles ligaram pra saber o sabor que eu queria uma vez que negação tem como escolher no ato da compra Dessa vez negação ligaram mandaram de baunilha que negação é tão bom como chocolat,"##l, é, ##am","0.2213, 0.142, 0.109",negative
Só acho errado vocês cobrarem o frete e eu ter que ter ido retirar nos correios,"você, acho, ##rem","0.3173, 0.2498, 0.2218",positive
ótima sempre volto a comprar,"sempre, vol, ##to","0.2966, 0.1543, 0.1328",positive
ainda negação obtive resposta do porquê do atraso,"ob, do, resposta","0.3162, 0.2854, 0.2824",negative
Produto bom,"##to, bom, Produ","0.2727, 0.239, 0.0277",positive
Compei uma pingente e nunca chegou comprei dia numero de janeiro hj é numero de fervereiro e nada,"##ei, e, compre","0.0653, 0.0606, 0.0597",negative
Produto muito bom e chegou bem rápido apesar de eu ter recebido um e mail no mesmo dia de que havia ocorrido um imprevisto na entrega Deu tudo certo muito obrigada,"de, tudo, apesar","0.1933, 0.1278, 0.1174",positive
Quando fui colocar a lâmpada quebrou o parafuso dai colei,"##i, o, ##i","0.534, 0.2611, 0.2554",positive
FOI ENTREGUE UM PRODUTO DE OUTRA MARCA O PRAZO negação FOI CUMPRIDO FRETE CARO ENFIM ESSA COMPRA FOI UM DESASTRE,"F, ##A, ##M","0.1238, 0.121, 0.102",negative
Já conhecia o produto,"o, conhecia, produto","0.7579, 0.4246, 0.2266",positive
muito bom,"bom, muito","0.2269, 0.0249",positive
Recebi o produto em tempo recorde e da forma solicitada,"e, recorde, ##bi","0.9464, 0.3437, 0.2982",positive
Frete caríssimo,"##te, ##íssimo, car","1.9717, 1.5869, 1.0467",negative
 negação testei as tesouras ainda mas parece ser boa,"teste, ##i, parece","0.4751, 0.408, 0.2789",positive
 Entrega antes do prazo excelente,"##ga, do, excelente","0.2888, 0.2692, 0.2359",positive
Nota numero,"numer, ##o, Nota","0.5144, 0.3304, 0.0405",positive
A entrega ocorreu dentro do previsto e o produto veio correto e sem defeitos recomendo,"##o, e, dentro","0.1703, 0.1486, 0.1375",positive
Adorei,"##rei, Ado","0.2715, 0.019",positive
Ainda negação recebi um dos relógios ainda aguardando obrigada,"receb, ##i, ##s","0.296, 0.2818, 0.2532",negative
Uma das luminárias chegou amassada mesmo protegida na caixa O material de alumínio é táo fininho quase uma casquinha Quando se le que o material é alumínio imagina se de melhor qualidade,"##inho, ##o, ##quin","0.4366, 0.3505, 0.319",negative
entrega no prazo mas a apresentação do produto poderia ser melhor pois a embalagem final vem sem nenhuma identificaçao apenas com um codigo de barras e a qualidade do papel é razoável,"do, no, mas","0.2263, 0.2112, 0.1846",negative
MT bom prazo e entrega Produto exelente,"##T, bom, e","0.2387, 0.2194, 0.1968",positive
Linda mesa com um tamanho ideal muito util e pratica,"e, mesa, muito","0.2322, 0.2093, 0.1846",positive
A compra chegou muito rapido,"##ido, rap, muito","1.7658, 0.6617, 0.6034",positive
produto de má qualidade,"qualidade, de, má","0.3587, 0.2318, 0.1302",negative
Ter mais cuiado na hora de embala e com o transporte A película chegou quebrada negação GOSTEI Tudo bem tiver que comprar outra O kit era um presente Para mim devolver negação compensava,"na, ##iado, mais","1.421, 0.9444, 0.3722",negative
Foi entregue um e faltou um eu pedir numero LNDF Está faltando um,"um, ##tou, entregue","0.1581, 0.1198, 0.1128",negative
Excelente,"##ente, Excel","0.384, 0.0447",positive
sem opiniao ainda negação recebi,"##i, ##ia, receb","0.2382, 0.2376, 0.2028",negative
Empresa embalagem muito boa,"boa, muito, ##agem","0.6711, 0.4599, 0.3994",positive
Produto excelente gostei muito negação só eu como toda familia gostou Pipoca sequinha sem gordura,"gos, ##te, Pi","0.1791, 0.1775, 0.1226",positive
Só recebemos quatro cadeiras FALTA UMA CADEIRA A SER ENTREGUE CONFORME O PEDIDO,"##TA, ##os, recebem","0.6257, 0.5899, 0.4691",negative
Adega veio quebrada e fornecedor negação retornou contato Tive que cancelar o pedido,"##da, quebra, ##ga","0.1913, 0.169, 0.1615",negative
Bom produto,"produto, Bom","0.2844, 0.0265",positive
produto muito bom conforme o esperado,"conforme, o, bom","0.4459, 0.2741, 0.27",positive
Tudo ok,"o, ##k, Tudo","0.405, 0.1994, 0.0422",positive
 negação gostei imaginei que era uma cortina de tecido bonita E no entanto é nylon e muito mal acabada e frágil,"##da, ##te, gos","0.2082, 0.2074, 0.165",negative
satisfeito eu recomendo,"##eito, ##o, eu","0.409, 0.334, 0.2772",positive
A foto mostra um produto e recebi outro,"##i, mostra, um","0.2441, 0.2193, 0.1431",negative
Até a presente data o produto negação foi entregue,"a, foi, data","0.0981, 0.095, 0.0938",negative
Recomento a loja,"##nto, ##ome, a","0.9318, 0.8132, 0.591",positive
Produto bonito e eficiente loja cumpre o que promete entrega antes do prazo topppppp,"##to, ##pp, ##p","0.0876, 0.0826, 0.0809",positive
 negação gostei do boneco achei que era original mal pintado e tudo borrado pessima qualidade,"##do, ##te, gos","0.1745, 0.1396, 0.1226",negative
Gastei muito,"##te, muito, ##i","0.6095, 0.3572, 0.2946",positive
Tudo certo com o produto comprado,"com, certo, comprado","0.7856, 0.6111, 0.4284",positive
Entrega antes do praso previsto recomendo muito bom,"previsto, bom, recomend","0.1494, 0.1463, 0.1459",positive
Produto com qualidade inferior ao que imaginei E alto valor,"ao, valor, inferior","0.4517, 0.4417, 0.3573",negative
so de negação precisar torcer pano otimo,"##o, ##r, de","0.406, 0.2155, 0.2013",positive
negociaçao perfeita,"##ça, ##o, perfeita","0.4191, 0.25, 0.1905",positive
Chegou antes do prazo dado e o produto é de ótima qualidade,"antes, dado, qualidade","0.0769, 0.0701, 0.0652",positive
Gostei,"##te, ##i, Gos","0.3298, 0.231, 0.0176",positive
Pedi um produto e recebi outro,"##i, um, ##i","0.3724, 0.2083, 0.1707",negative
Ola boa noite produto negação foi entregue,"boa, produto, noite","0.6633, 0.2589, 0.2438",negative
 negação recebi o produto,"receb, ##i, o","0.2117, 0.1921, 0.1435",negative
Bom dia negação recebi o produto tive que ir nos correios buscar fiquei chateada porque paguei o frete é isso sempre está acontecendo negação só com sua loja como com outras frustrada por ser enganada,"##da, receb, dia","0.192, 0.1704, 0.1645",negative
entrega rápida dentro do prazo produto de boa qualidade foi para presente à escolha da mãe gestante e ela adorou atendeu as expectativas,"##rou, atende, qualidade","0.1044, 0.0935, 0.0876",positive
produto entregue bem antes do prazo e de boa qualidade recomendo,"entregue, bem, do","0.1482, 0.1458, 0.1176",positive
Muito bom,"bom, Muito","0.2464, 0.0155",positive
Veio na cor errada riscado muito danificado e sujo Horrível já abri a solicitação para devolução,"##o, já, ##ificado","0.147, 0.1176, 0.1048",negative
Realizei a compra do produto e o mesmo ainda se encontra em trânsito o sistema de monitoramento se mercadoria é horrível e as atualizações negação são diárias muito menos simultâneas Péssimo,"##s, ##ia, ##ize","0.0715, 0.068, 0.0635",negative
Perfeito Adorei,"Ado, ##feito, ##rei","0.2449, 0.2112, 0.1757",positive
Estou tentando contato com o site e negação consigo,"com, consigo, contato","0.4346, 0.3859, 0.3847",negative
foi escrito que o produto já foi entregue mas negação chegou nada,"o, foi, nada","0.2382, 0.2346, 0.232",negative
otimo,"##o, otim","0.5781, 0.0578",positive
Gostei produto veio bem embalado e de qualidade modelo certo,"##te, ##i, ##ado","0.4025, 0.2662, 0.1799",positive
Mercadoria perfeita recomendo a todos parabéns pelo trabalho de vcs,"##ria, recomend, ##o","0.1312, 0.095, 0.0903",positive
PRODUTO E LOJA ESTÃO DE PARABÉNS,"##É, ##N, ##B","0.1134, 0.0956, 0.0844",positive
Simplesmente comprei numero cadeiras e so recebi numero um absurdo Estou esperando a outra,"##les, ##do, ##mente","0.0877, 0.0853, 0.0837",negative
Ótimo,"##timo, Ó","0.4036, 0.036",positive
Boa tarde nessa entrega estão numero pedidos e chegou para mim somente a mochila o controle air mouse negação veio,"e, tarde, veio","0.3171, 0.2826, 0.2259",negative
Produto correto e conforme a descrição no site Entregue antes do previsto,"e, no, antes","0.2145, 0.1554, 0.1347",positive
Eu pedi uma chave canivete nissam march de três botões e enviaram de quatro botões Mesmo assim já adaptei,"##te, de, ##i","0.6668, 0.5742, 0.2912",negative
Chegou antes do prazo Muito bom o produto Fácil de montar Parabéns,"o, antes, bom","0.1468, 0.1344, 0.1243",positive
O produto negação foi entregue completamente faltou o principal mmmmmmmmmmmmmmmmmmmmmmmmmmmmmmmmmmmmmmmmmmmmmmmmmmmmmmmmmmmmmmmmmmmmmmmmmmmmmmmmmmmmmmmmmmmmmmmmmmmmmmmmmmmmmmmmmmmmmmmmmmmmmmmmmmmmmmmmmmmm,"fal, [UNK], foi","0.4022, 0.3892, 0.3797",negative
Parabens recebi o produto em perfeito estado e no prazo,"##s, estado, ##ben","0.1049, 0.0886, 0.0721",positive
Bom,Bom,0.0131,positive
Pedido entregue antes do previsto,"##ido, do, antes","0.5072, 0.3664, 0.3581",positive
Depois dessa compra meu cartão foi clonado Estou muito chateada,"##te, ##nado, ##ada","0.5723, 0.5488, 0.2857",negative
A entrega rápido e produto muito bom,"e, rápido, bom","0.6082, 0.5115, 0.4527",positive
O cabo de ligação da guitarra no amplificador esta com mau contato falhando,"##ndo, falha, contato","0.3122, 0.2905, 0.2062",negative
muito bom,"bom, muito","0.2269, 0.0249",positive
,,,positive
Adorei o produto Super recomendo o lojista Recebi muito antes prazo e tudo veio conforme o esperado Realmente adorei e recomendo para todos no stark,"##rei, o, ##rei","0.1018, 0.0672, 0.0573",positive
Fiz um pedido de numero garrafas de azeite Chegaram numero num dia e as outras numero quase numero horas depois Contato com a loja muito dificil tanto via e mail qto por telef O suspense terminou mas lá negação compro mais,"##e, compro, tanto","0.3254, 0.1755, 0.1334",negative
Ótimo,"##timo, Ó","0.4036, 0.036",positive
comprei dois produtos mas recebi apenas um,"##i, ##i, um","0.1904, 0.1718, 0.1136",negative
Bom produto,"produto, Bom","0.2844, 0.0265",positive
O produto negação foi entregue só as notas fiscais Estou esperando uma resposta,"só, foi, fiscais","0.2237, 0.1768, 0.1595",negative
Produto diferente do modelo da foto é fabricante pior qualidade,"do, qualidade, pior","0.2002, 0.1844, 0.1277",negative
Comprei no site do baratheon e no mesmo dia a nota foi emitida e o relógio foi enviado Recebi uns numero dias depois se muito tempo,"foi, e, foi","2.1949, 1.0355, 0.4912",positive
Produto certinho o que eu comprei dentro do prazo e negação tive problema algum,"##tinho, o, ##to","0.3175, 0.1942, 0.1387",positive
Ótimo serviço,"serviço, ##timo, Ó","0.4997, 0.3759, 0.033",positive
Produto perfeito entrega dentro do prazo e atenciosos com o cliente,"entrega, do, ##to","0.119, 0.0959, 0.092",positive
Só descobri que o produto negação chegaria em casa depois de pagar pelo frete tive que ir buscar no correio,"que, descobri, chegar","0.5798, 0.4093, 0.2643",negative
Os produtos comprados no baratheon sempre haviam chegado porem a lanterna de led que comprei negação chegou e negação foi me dado nenhuma explicação para isso,"e, a, ##em","0.1708, 0.1637, 0.1435",negative
Esperava ser melhor um material que rasga com facilidade,"##va, que, ##ga","0.5023, 0.4362, 0.4184",negative
Aguardando o produto chegar ainda tem numero mês que foi feito o pedido,"##ndo, ##arda, ainda","0.3148, 0.249, 0.165",negative
Chegou no prazo e tudo certinho como pedi,"no, como, ##tinho","0.1107, 0.0956, 0.091",positive
O produto foi entregue super rápido Porém negação foi entregue dourado conforme informado e sim prateado negação irei devolver porque sei que a demora será um transtorno,"Porém, rápido, ##ver","0.4413, 0.3836, 0.3496",negative
Ainda negação usei o produto mas a entrega gastou numero dias para chegar Ja comprei na lannister e chegou super rápido esse achei que demorou,"compre, esse, rápido","0.4818, 0.4773, 0.4573",negative
Ótimo produto entrega antes do previsto Certamente procurarei a loja no futuro para outras compras,"produto, ##timo, antes","0.1181, 0.1041, 0.0754",positive
Vende produto indisponível negação resolve o problema do cliente negação responde os e mails,"##pon, ##de, ##ível","0.1107, 0.1063, 0.0862",negative
Produto de boa qualidade e preço bom mas prazo de entrega muito longo e frete considerado caro o que pode inviabilizar a compra,"prazo, de, qualidade","0.6712, 0.6259, 0.5776",negative
Comprei e paguei por um produto que negação veio a oferta era de um combo com numero pacotes comprei e paguei por numero combos ou seja numero pacotes e me enviaram apenas numero pacotes quando vou receber o restante,"veio, ##ue, a","0.1299, 0.1237, 0.0846",negative
Vcs me enviaram e mail avisando que chegou mas negação chegou Meu prédio tem portaria numero h e poderia ter recebido se alguém tivesse ido Aguardo,"##ardo, e, Meu","0.5198, 0.2567, 0.2511",negative
Muito bom compra com vocês,"bom, compra, com","0.2862, 0.2777, 0.2395",positive
Embalagem chegou amassada,"ama, ##s, ##gem","0.8441, 0.4902, 0.4237",negative
Parece bom preciso usar para avaliar melhor,"##ce, usar, melhor","0.5494, 0.4185, 0.4075",positive
Os produtos são bons,"bons, são, produtos","0.3133, 0.3017, 0.2628",positive
apesar de negação gostar do produto que pedi veio tudocorreto pena que tive qua passar os controles remotos para frente negação deu certo na minha tv pois negação comprei o original da samsung,"que, pena, passar","0.5077, 0.2935, 0.2818",positive
Ótimo atendimento,"atendimento, ##timo, Ó","0.5355, 0.4186, 0.0308",positive
Ja pedi devolucao negação gostei do produto veio com a caixa do brinquedo com um rasgo como se algurm ja tivesse aberto ela a cartela de adesivo veio sem numero adesivo as cores negação foram legais,"com, ##te, ##go","0.1561, 0.1501, 0.1243",negative
Adorei meu perfume chegou bem antes do previsto obrigada,"##rei, meu, do","0.1471, 0.1214, 0.0788",positive
esse produto chegou certo mas tive numero pedidos que levei tufo negação veio ninguém respondeu nada,"certo, mas, produto","0.6809, 0.5671, 0.399",negative
Só posso avaliar a loja depois da conclusão do meu pedido eu já estava sonhando com minha pia negação sei se a culpa e da loja ou dos correios mais negação recebi meu produto,"posso, avaliar, a","0.3428, 0.2595, 0.2542",negative
A loja me enviou um produto errado comprei um produto de quase R numero reais e me enviaram borracha de relógio de plástico,"compre, um, ##i","0.3841, 0.2028, 0.1738",negative
Fiquei feliz pelo produto e gostei muito da velocidade,"pelo, ##te, da","0.453, 0.3139, 0.2961",positive
Ficamos muito satisfeito com o profissionalismo de voces obrigado,"##eito, ##ismo, ##mos","0.1682, 0.1402, 0.126",positive
Só recebi um jogo de toalhas vermelhas,"##i, receb, ##s","0.6177, 0.5886, 0.3768",negative
 PRODUTO ENTREGUE CONFORME ANUNCIADO,"AN, ##CI, ##UN","0.2796, 0.2091, 0.1737",positive
Só me enviou um produto de dois comprados no mesmo pedido,"um, me, enviou","0.8905, 0.738, 0.4812",negative
 negação cumpre o prazo de entrega até agora negação recebi o meu produto,"##re, ##i, cump","0.1133, 0.105, 0.0981",negative
produto entregue no prazo,"no, entregue, prazo","0.4672, 0.4212, 0.2525",positive
Chegou muito antes do prazo limite parabéns a equipe,"a, muito, antes","0.1329, 0.1025, 0.0917",positive
Chegou dentro do prazo determinado produto como eu esperava bom atendimento,"produto, bom, dentro","0.4627, 0.3526, 0.2817",positive
Parabéns td certinho,"t, ##éns, ##tinho","0.2126, 0.1438, 0.1371",positive
Produto muito bom recomendo,"recomend, bom, ##to","0.7282, 0.633, 0.3674",positive
Cartucho com maior capacidade está cumprindo o que prometeu até o momento Entrega dentro do prazo ok,"##cho, ##ndo, até","0.3299, 0.2948, 0.2412",positive
Ótimo,"##timo, Ó","0.4036, 0.036",positive
Comprei numero produtos de três parceiros diferentes os outros dois recebi tudo certinho desta loja veio apenas uma desculpa esfarrapada,"##ar, ##pa, ##tinho","2.1266, 1.7595, 1.3527",positive
Nem mais nem menos exatamente o que eu pedi e nos termos acordados Perfeito,"mais, ##feito, exatamente","0.5974, 0.5528, 0.4178",positive
comprei paguei o frete e tive que buscar no correio como posso esta satisfeito e pior abri uma reclamação e estou até hoje esperando uma resposta do MarketPlace,"##eito, esta, abri","0.4209, 0.1934, 0.1831",negative
Demora na entrega,"##ora, na, entrega","0.5468, 0.471, 0.1977",negative
Desejo que essa amizade de compra e satisfação perdure,"##ure, de, perd","7.7232, 1.9841, 1.6424",positive
 negação recebi um dos produtos o pedido veio incompleto,"##leto, ##i, receb","0.1984, 0.1729, 0.1706",negative
gostei da compra uniu a mercadoria com o valor,"##te, ##i, a","0.4752, 0.2377, 0.2056",positive
Na decisão do produto diz que pode colocar em ar condicionado de até numero numero BTU mas negação é verdade por que ele tem pluges de numero amperes que negação é indicado pra ar condicionado deveria ser de numero amperes,"do, por, é","0.2828, 0.2408, 0.2245",negative
muito bom,"bom, muito","0.2269, 0.0249",positive
excelente ótimo produto entrega no prazo recomendo a todos,"ótimo, produto, no","0.1742, 0.1589, 0.1082",positive
o produto chegou antes do prazo a boneca é linda minha filha amou parceiro muito bom entregou antes do prazo recomendo e compraria novamente,"entregou, ##u, ##da","0.0913, 0.0831, 0.0805",positive
Produto entregue conforme compra dentro do prazo e muito bem embalado,"compra, ##ado, bem","0.1133, 0.107, 0.1061",positive
Amei a mercadoria e chegou antes bem antes do prazo uns numero dias antes,"##i, ##ia, a","0.195, 0.0928, 0.0809",positive
Informo que até o presente momento negação recebi a compra do dia numero numero com prazo para entrega no dia numero numero Informo ainda que me sinto extremamente lesado tendo em vista que o mesmo serviria de presente,"##ado, negação, momento","0.1687, 0.1577, 0.1442",negative
Naravilhoso,"##o, ##avi, ##l","1.9179, 1.747, 1.7086",negative
me entregaram antes do prazo,"do, ##am, entregar","0.4755, 0.4259, 0.2915",positive
Produto lindo todas as peças perfeitamente colocadas e novinhas produto cumpre o anúncio descrito e a entrega foi rápida,"##do, ##to, colocadas","0.0783, 0.0762, 0.0506",positive
Recomendo,"##ndo, ##ome, Rec","0.3663, 0.3355, 0.0536",positive
O produto foi exatamente o que eu esperava e estava descrito no site e chegou bem antes da data prevista,"o, da, e","0.1942, 0.1282, 0.1177",positive
Produto com madeira rustica mal acabada veio descolada do suporte negação foi lixada nem envernizada O coador veio com aro menor que o aro do suporte,"##to, ##da, ##tica","0.1192, 0.0999, 0.0959",negative
Bom,Bom,0.0131,positive
Produto entregue rapidamente Sempre bom e seguro comprar com lannister com,"Sempre, bom, rapidamente","0.1706, 0.1584, 0.146",positive
 negação esperava que fosse tão boa essa caixa mas me surpreendeu a qualidade do som Estou muto satisfeita,"que, esperava, ##eita","0.3505, 0.3467, 0.2633",positive
Produto pequeno demais,"demais, ##to, pequeno","0.6628, 0.4089, 0.3192",negative
A entrega foi super rápida produto perfeito lindo Vendendor excelente,"##r, foi, ##dendo","0.083, 0.0801, 0.0795",positive
chegou mesmo com muita segurança,"mesmo, com, segurança","0.7161, 0.636, 0.5512",positive
Recebi os produtos dentro do prazo Obrigado,"##do, ##bi, do","0.1838, 0.1774, 0.1507",positive
o meu pedido chegou bem antes do prazo obrigado,"do, bem, obrigado","0.3241, 0.2474, 0.2228",positive
PERFEITO,"##EI, ##TO, ##F","0.5423, 0.3897, 0.3446",positive
SÓ RECEBI UM ITEM POIS ENCOMENDEI DOIS ESPERO RETORNO PARA SER RESOLVIDO A QUESTÃO TENTEI LIGAR PARA O ATENDIMENTO AOS CLIENTES E negação CONSEGUI FOI DESPACHADO EM data PESO numero numero KG VOL numero JOSI,"R, E, ##M","1.8125, 1.2539, 1.0519",negative
relogio chegou sem o plastico que protege vidro do relogio mais no geral recomendo,"##o, recomend, no","1.5589, 1.3288, 0.7642",positive
A empresa targaryen deixou a desejar com o envio do produto na cor errada,"##r, ##rada, do","0.4924, 0.3322, 0.3147",negative
 negação chegou no prazo porém a culpa negação foi do vendedor sim dos correios Então tudo certo recomendo,"##o, negação, tudo","0.3715, 0.2037, 0.1834",positive
Ótimo serviço,"serviço, ##timo, Ó","0.4997, 0.3759, 0.033",positive
,,,positive
FOI ENTREGUE ANTES DO PRAZO GOSTEI,"##TE, ##S, ##TE","0.1792, 0.1367, 0.1001",positive
Muito bom,"bom, Muito","0.2464, 0.0155",positive
Abriram sumiram com a nota mas negação era droga Veio em caixa de Maggi,"##o, Vei, era","0.6482, 0.5987, 0.4748",negative
Recebi o produto no prazo Veio com defeito mas a lannister já esta providenciando a troca,"##o, prazo, Vei","2.1782, 0.9796, 0.6952",negative
A transportadora é excelente recebi antes do prazo porém um dos meus produtos veio com cor divergente espero que eu tenha um retorno,"receb, ##i, um","0.3605, 0.2479, 0.231",negative
Tá demorando a entrega,"demo, ##rando, a","0.4129, 0.3354, 0.2382",negative
Comprei o produto de uma cor e me enviaram de outra cor,"de, cor, ##rei","0.2399, 0.165, 0.1556",negative
Muito bom a minha compra o produto foi muito bom se viu certo a entrega foi maravilhosa obrigado,"bom, a, certo","0.1441, 0.1142, 0.1102",positive
Olá Recebi metade da encomenda Veio apenas a assadeira da pizza Gostaria de saber quando vem o resto,"##o, ##bi, Vei","0.2466, 0.1842, 0.1828",negative
Paguei pelo Que comprei,"##gue, ##i, compre","2.0544, 1.2252, 0.88",positive
 negação recebi o produto,"receb, ##i, o","0.2117, 0.1921, 0.1435",negative
,,,positive
Minha bolsa de caçamba veio da Ford ranger ao invés da frontier,"da, da, bolsa","0.317, 0.2951, 0.2815",negative
Atendimento vip Segurança e produto de ótima qualidade,"##p, vi, ##ndimento","0.1586, 0.1006, 0.0975",positive
Comprei dois tapetes laváveis para cães São Pet me entregaram numero um e na cor diferente comprei azul entregaram rosa,"##rei, ##am, dois","0.1392, 0.1184, 0.1057",negative
Atrasou bastante tempo,"tempo, ##sou, bastante","0.7652, 0.7158, 0.5798",negative
Foi entregue bem antes do prazo muito bom isso,"isso, do, antes","0.2011, 0.1641, 0.1529",positive
Recebi tudo normal só que o produto negação esta funcionando,"só, que, esta","0.4179, 0.3924, 0.3433",positive
Meu produto negação foi entregue,"foi, produto, negação","0.2583, 0.2424, 0.2144",negative
Ainda negação usei o produto,"##ei, us, negação","0.2977, 0.2735, 0.1967",positive
Produto de ótima qualidade bem embalado e no prazo de entrega correto,"qualidade, ##to, ##ado","0.0883, 0.0718, 0.0618",positive
Produto entregue antes da data prevista satisfazendo assim p cliente,"da, antes, ##zendo","0.242, 0.2207, 0.1944",positive
O aparelho tem um som na hora da chamada baixo e para desbloquear é um pouco confuso mas do resto é bom,"##uso, na, é","0.4535, 0.4437, 0.3799",positive
ATÉ HJ negação RECEBI MEU PRODUTO E negação SEI SE AINDA VAI CHEGAR NOS EMAIL ENVIADOS negação DESCREVE CLARAMENTE NADA,"R, ##É, H","0.1254, 0.1161, 0.1047",negative
Recomendo produto ótimo e prazo de entrega cumprido Estou muito feliz com a compra,"e, com, de","0.1387, 0.1338, 0.1199",positive
Acredito que poderia ser melhor embalado produto chegou com riscos devido a falta de plastico bolha envolvendo a cuba Optei por negação devolver Transporte e prazo ok,"##ver, ##te, devol","0.5372, 0.4442, 0.4045",negative
chegou tudo certo muito boa a maquina,"a, tudo, muito","0.2611, 0.2233, 0.2136",positive
 negação gostei,"##te, gos, ##i","0.568, 0.5365, 0.2926",negative
O produto que comprei é de complexa instalação e só é possível ser feita por um profissional experiente Fiz a tentativa e perdi tempo e dinheiro Recomendaria a loja para compra de outros produtos,"e, instalação, ##i","0.133, 0.1284, 0.0915",negative
Recomendo,"##ndo, ##ome, Rec","0.3663, 0.3355, 0.0536",positive
 negação recebi o toner preto,"##i, ##er, receb","0.3297, 0.3122, 0.2699",negative
Eu quero o meu produto ou meu dinheiro de volta,"o, de, quero","0.2101, 0.1705, 0.1651",negative
Produto chegou mas a qualidade é bem baixa,"é, mas, baixa","0.6738, 0.4043, 0.3515",negative
O produto chegou antes do prazo mas negação veio o produto que eu comprei,"veio, o, antes","0.5921, 0.371, 0.239",negative
Recebi o produto antes do prazo em bom estado e superou minha espectativa Obrigada por sempre me atender super bem com produtos de qualidades,"##bi, ##da, ##ta","0.0703, 0.0664, 0.0652",positive
Tudo em ordem,"em, ordem, Tudo","0.2478, 0.1335, 0.0227",positive
O produto atendeu a minha expectativa e me surpreendeu com brindes pois recebi vários chaveiros do flamengo,"##ndeu, e, ##u","0.2967, 0.2357, 0.2266",positive
Chegou no prazo ótimo produto já estou usando,"produto, no, ótimo","0.2875, 0.186, 0.148",positive
Ótimo,"##timo, Ó","0.4036, 0.036",positive
Entrega foi bem antes do prazo estipulado produto atendeu a expectativa super recomendo,"##o, ##ga, do","0.0844, 0.0783, 0.0734",positive
A peca veio com defeito,"##ito, ##a, com","0.5904, 0.4771, 0.3693",negative
Foi a primeira vez que comprei nas lannister pela internet Foi ótimo gostei muito do produto Recebei todos perfeito Foi muito bom mesmo Fiquei supreso pela rapidez,"##so, lan, ##ter","0.167, 0.1295, 0.1166",positive
quando a entrega se da através dos correios é satisfatória Ja com a DIRECT negação foi positiva sua entrega,"##tória, sua, com","0.7799, 0.6378, 0.5995",negative
É uma falta de responsabilidade por parte da firma por conseguinte das lannister em propagandear um tempo de entrega que negação é cumprido,"de, que, tempo","0.3018, 0.1918, 0.1442",negative
vale o preço é fofinha e a M até achei grandinha o meu Dog adorou,"##rou, o, ado","0.3478, 0.2651, 0.1942",positive
Comprei o produto para honda biz No entanto na embalagem havia escrito e marcado para handa broz,"##rei, o, na","0.3564, 0.3547, 0.322",negative
muito bom,"bom, muito","0.2269, 0.0249",positive
O pedido veio corretamente e dentro do prazo,"e, corretamente, do","0.3418, 0.2444, 0.1708",positive
Na verdade está no correio A forma de entrega é muito demorada,"está, ##rada, é","0.4677, 0.3897, 0.2887",negative
O SITE negação FUNCIONA DIREITO NA COMPRA DE PRODUTOS COM RELAÇÃO A ANDAMENTO DE ENTREGAS,"##E, F, ##EI","0.6162, 0.5947, 0.4756",negative
Entrega antes do prazo Muito satisfeita,"##eita, satisf, do","0.6641, 0.5058, 0.3286",positive
Otimo,"##timo, O","0.2645, 0.0312",positive
me mandaram a antena com marca errada ela negação é pró eletronica mas de outa marca inferior a pró eletronica veio com parafuso borboleta qundo fui apertar aborboleta espanou,"##rada, a, ##nou","0.235, 0.1983, 0.1957",negative
a luminária é linda mas comprei e paguei numero luminárias só que foi entregue apenas uma luminária,"##da, ##i, compre","0.3671, 0.1913, 0.1787",negative
Muito bonita Igual a foto,"##l, Igua, bonita","0.3359, 0.2368, 0.2069",positive
Enviaram o produto errado pra mim Na loja virtual estava mostrando o produto original eu comprei e chegou um produto totalmente diferente Quero outro ou meu dinheiro de volta,"##ram, pra, ##via","0.1146, 0.1133, 0.0742",negative
Tudo como esperado Satisfeito,"Sat, esperado, ##eito","0.7427, 0.4174, 0.3726",positive
Minha compra foram de duas bandejas a loja só mandou uma peça na embalagem,"uma, ##e, mandou","0.535, 0.3966, 0.3885",negative
Entregue corretamente porém a carteira é muito grande,"porém, corretamente, ##gue","0.735, 0.6826, 0.5451",negative
A compra foi super fácil e a entrega no prazo Mercadoria em ordem Recomendo,"e, fácil, ##ndo","0.22, 0.1466, 0.1063",positive
Bem rápido,"rápido, Bem","0.6196, 0.0373",positive
O produto chegou antes do prazo previsto,"do, previsto, antes","0.5878, 0.5583, 0.5174",positive
produto chegou antes do prazo comprei de ultima hora para presente e chegou numero dias antes do aniversário ótimo estava preparara para atrasar o presente presenteado adorou o produto e esta amando,"ótimo, estava, aniversário","0.3651, 0.1291, 0.1084",positive
Ok,Ok,0.0186,positive
tudo bom e ótimo,"bom, e, ótimo","0.4953, 0.3701, 0.2021",positive
por favor eu negação recebi o produto prazo de entregar era dia data hoje e dia data espero explicacao hoje,"eu, receb, ##i","0.2514, 0.2248, 0.2149",negative
Recomento Entrega pontual,"##al, ##nto, ##ome","0.4889, 0.3472, 0.2705",positive
Chegou no prazo e conforme anunciado,"no, anunciado, e","0.286, 0.2562, 0.2058",positive
Tive que usar o bônus de troca para comprar esse produto Na verdade eu queria mesmo era ter recebido o produto que eu havia comprado originalmente mas como sempre a lannister deu o golpe black frid,"##ac, bl, ##k","0.3763, 0.2744, 0.2482",negative
No status do meu pedido estava dificuldade na entrega entrei em contato e disseram que em numero hs iriam retornar só que o retorno aconteceu uma semana depois e sem novo prazo para entrega,"na, só, do","0.2228, 0.1848, 0.181",negative
Tudo dentro do combinado,"do, dentro, combinado","0.4567, 0.4497, 0.1983",positive
chegou tudo certinho,"tudo, ##tinho, cer","0.695, 0.5699, 0.5219",positive
meu produto veio com o cabo todo arranhado produto parece usado,"##hado, usado, arran","0.3457, 0.3186, 0.247",negative
otimo,"##o, otim","0.5781, 0.0578",positive
O Pedido e pagamento foram efetuados dia data com entrega em numero dias dia data numero dias após a compra recebo um Email cancelando por falta no estoque Um absurdo vender e negação ter para entrega,"##do, ##o, ter","0.0943, 0.0601, 0.0546",negative
Mandam email informando problemas na entrega e solicitando cancelar ou negação o pedido ao tentar cancelar informam que o produto foi entrgue dia numero negação foi entregam dia data,"##m, ##ar, ##ar","0.0739, 0.0646, 0.0622",negative
Rapido,"##ido, Rap","0.5413, 0.036",positive
Loja eficiente entrega correta e antes do prazo,"e, eficiente, entrega","0.2343, 0.2022, 0.2005",positive
Até agora negação recebi meu produto faz mais de numero mês que comprei no site e ate agora negação chegou em minha residência,"##i, receb, agora","0.0828, 0.0782, 0.0715",negative
Achei um absurdo o produto estar disponível no site o pagamento autorizado e debitado no cartão e a entrega negação realizada por divergência no estoque segundo e mail que recebi,"##do, realizada, ##ei","0.5251, 0.4746, 0.2283",negative
mto bom,"##to, bom, m","0.3441, 0.2385, 0.03",positive
bom,bom,0.0152,positive
Produto bom,"##to, bom, Produ","0.2727, 0.239, 0.0277",positive
Até o presente momento negação foi entregue o produto só chegou o livro anatomia do dente agradeço novas providências,"##ço, negação, momento","0.583, 0.5729, 0.4223",negative
Falta de respeito com o consumidor um dia antes de fechar o prazo máximo de entrega os status mudaram para produto indisponível falta de respeito é pouco negação recebi uma ligação ou contato da loja,"##ta, com, ##pon","0.075, 0.0739, 0.0701",negative
Tudo certo entregue antes do prazo,"entregue, antes, certo","0.354, 0.309, 0.3065",positive
muito bom,"bom, muito","0.2269, 0.0249",positive
Boa noite recebi a mercadoria em parte pois uma cuba esta quebrada como devo fazer fico no prejuízo ou quem e que ira me repor esta quebrada,"pois, ##i, uma","0.6886, 0.4781, 0.3814",negative
Ótimo,"##timo, Ó","0.4036, 0.036",positive
Chegou antes do prometido,"antes, prome, do","0.461, 0.3191, 0.2881",positive
A stark mais uma vez está de parabéns pela rapidez na entrega do produto A Central Multimídia é a mesma usada no novo Corolla na compra teve a câmera de ré de brinde até o presente negação instale,"##e, instal, negação","0.8554, 0.8149, 0.4738",positive
comprei dois potes e só entregaram um Até agora negação resolveram meu problema,"##am, ##i, ##s","0.1062, 0.1038, 0.0939",negative
excelente recomendo pra todos,"recomend, ##o, todos","0.3001, 0.1498, 0.0913",positive
Ótimo,"##timo, Ó","0.4036, 0.036",positive
O jogo é aparentemente é bom só tive q fazer os arremates muita linha solta mas as costuras parecem ser resistentes,"é, ##s, só","0.3116, 0.2043, 0.2041",positive
O produto tem boa qualidade mas acho que negação vale o preço pedido só comprei pois tinha um vale que me deu desconto,"vale, mas, o","0.4281, 0.3142, 0.3111",negative
Loja correta séria Entregador negação respeitou prazo por causa da greve mais negação somente precisei reclamar para acelerar a entrega Loja ok produto ok entrega,"##u, Entre, séria","0.3572, 0.3078, 0.3014",positive
Otimo,"##timo, O","0.2645, 0.0312",positive
Entrega antes do prazo produto ok porém negação posso avaliar antes de consumir por um tempo determinado,"produto, determinado, negação","0.3203, 0.2762, 0.2749",positive
Adorei o investimento apesar que só testei por enquanto Porém segundo as resenhas que eu venho na internet o produto vem com a luva térmica e certificado porém a minha negação veio nada além do manual,"##rei, veio, nada","0.344, 0.3095, 0.298",positive
tudo conforme o previsto,"o, conforme, previsto","0.3272, 0.2494, 0.1191",positive
Ainda negação recebi meu produto esta totalmente fora do prazo de entrega me sinto lesado,"totalmente, fora, esta","0.1815, 0.1519, 0.1177",negative
Minha filha amou Mochila maravilhosa Valeu a compra,"##u, ##u, filha","0.1616, 0.1339, 0.1073",positive
BOM,"##OM, B","0.2661, 0.0296",positive
Adorei comprar minhas lentes pela internet pela rapidez da entrega e também pelo preço bem mais barato do que o disponível na minha cidade Veio com nota tudo certo,"##rei, tudo, ##o","0.25, 0.2201, 0.1827",positive
Chegou muito antes do prazo Adorei,"##rei, muito, do","0.1129, 0.1127, 0.1072",positive
Bom prazo de entrega,"prazo, de, entrega","0.4749, 0.3005, 0.1292",positive
O produto que recebi negação é da cor que comprei Já solicitei devolução,"é, ##ução, ##i","0.1687, 0.1387, 0.1246",negative
Produto entregue antes do prazo,"do, antes, ##to","0.3556, 0.3454, 0.2568",positive
 negação recomendo a ninguém comprei um produto e até hoje negação chegou quase numero dias depois da compra,"##o, recomend, compre","0.1076, 0.0812, 0.0768",negative
Serei cliente c frequência,"##i, c, frequência","0.2736, 0.2715, 0.1923",positive
muito bom,"bom, muito","0.2269, 0.0249",positive
Eu amei entregou muito antes da data prevista Continuem assim,"##i, ame, muito","0.2384, 0.1633, 0.1518",positive
Recebi duas cortinas esta faltando uma,"##bi, ##s, duas","0.361, 0.3154, 0.3137",negative
Achei ótimo só achei o tecido misto fino mas no geral é bom custo benefício,"só, ac, ##ei","0.381, 0.36, 0.2177",positive
Optimo atendimento recomendo o produto já instale e está funcionando muito bem produto cumple com as espectativas,"atendimento, ##timo, ##o","0.1444, 0.0899, 0.0843",positive
ótimo atendimento entrega rápida,"atendimento, entrega, rápida","0.5636, 0.3272, 0.2921",positive
Comprei o produto no dia numero numero e no dia numero numero ainda negação tinha sido entregue,"tinha, sido, entregue","0.2877, 0.1828, 0.1782",negative
nada a declarar,"a, declarar, nada","0.5752, 0.3312, 0.2307",positive
Produto chegou certinho dentro do prazo,"##tinho, cer, dentro","0.4512, 0.3621, 0.3586",positive
 negação funciona Qualidade muito ruim,"Qual, funciona, muito","0.2294, 0.2151, 0.2066",negative
Sempre recebo e desta vez negação recebi,"receb, receb, ##i","0.3633, 0.3099, 0.2532",negative
Comprei uma capinha transparente e veio uma marmotenta colorida ridículo,"##ículo, ##rei, uma","0.1289, 0.1195, 0.1042",negative
Adorei chegou antes da data prevista e o produto estava em ótima condição muito bem embalado,"##rei, chegou, prevista","0.1148, 0.0962, 0.0622",positive
Ainda negação recebi,"##i, receb, negação","0.5791, 0.401, 0.3014",negative
Ótimo produto pode compra que é seguro,"produto, ##timo, pode","0.325, 0.2151, 0.1235",positive
Recebi tudo certinho,"##tinho, ##bi, cer","0.4808, 0.4067, 0.3329",positive
Muito bonita e prazo de entrega melhor que o esperado,"que, e, bonita","0.2076, 0.1913, 0.1768",positive
Chegou antes do prazo e veio tudo certinho,"antes, tudo, prazo","0.1936, 0.1256, 0.1207",positive
O pedido foi entregue muito rápido veio muito bem protegido Recomendo a loja,"veio, protegido, Rec","0.1587, 0.1415, 0.1378",positive
Meu produto veio errado e negação consigo fazer o cancrlamento no site Qrooo cancela a comprar alguem pf me ajudeeeeee afff,"e, errado, ##r","0.2562, 0.1631, 0.1606",negative
Parabenizo pela eficiência e comprometimento do vendedor com o cliente Além do produto corresponder exatamente ao que diz o anuncio a entrega do produto superou minha espectativa,"##izo, minha, pela","0.1489, 0.1084, 0.1056",positive
Um produto veio mas o segundo negação veio negação estava na caixa,"veio, mas, negação","0.3562, 0.3092, 0.301",negative
sem mais,"mais, sem","1.237, 0.21",positive
O cabo negação tem numero numero metros No máximo numero numero metros,"numer, negação, tem","0.4814, 0.4447, 0.3837",negative
Ótimo vendedor entrega muito antes do prazo combinado,"vende, ##timo, do","0.1801, 0.1583, 0.1232",positive
Minha opinião é essa por causa da demora E ate aqui negação chegou meu produto já passou do prazo quero meu produto,"é, ##ra, aqui","0.1156, 0.0994, 0.0815",negative
Entrega super em atraso preciso de um esclarecimento do ocorrido,"preciso, em, de","0.3721, 0.3088, 0.2445",negative
O produto foi entregue bem antes do prazo informado e atendeu minhas expectativas,"bem, informado, do","0.166, 0.1598, 0.1485",positive
Produto de ótima qualidade mas veio faltando o suporte aquele que utilizamos para transferir ou transportar ventilador de um lugar para outro,"aquele, falta, ##ndo","0.4064, 0.3952, 0.3798",positive
 negação recebi a compra acreditando que seja por motivo TALVEZ da greve dos caminhoneiros porem niguem entrou em contato para esclarecimento Me gerando Dúvida realmente o que esteja se passando,"##i, receb, acreditando","0.1064, 0.0907, 0.0722",negative
otimo,"##o, otim","0.5781, 0.0578",positive
Recebi o produto numero dias depois ds compra foi super rápido recomendo,"recomend, ##o, ##bi","0.0888, 0.0842, 0.0808",positive
Recebi o produto errado negação aceitaram a troca pelo produto correto Comprei na lannister A responsabilidade é de vocês Quero meu dinheiro de volta de imediato,"negação, ##bi, ##bilidade","0.1419, 0.0966, 0.0922",negative
Excelente Produto,"##ente, Produ, ##to","0.376, 0.2553, 0.1398",positive
acuso positivamente o recebimento do produto,"##o, ##mente, ##imento","1.3636, 1.2366, 0.557",positive
Produto chegou em ótimo estado antes do previsto e recomendo pneu de boa qualidade,"##u, estado, ##to","0.1127, 0.097, 0.0799",positive
Estou esperando o pedido sei que o correio sempre atrasa,"sei, ##io, o","0.4401, 0.3346, 0.3265",negative
Veio riscada botão quebrado fio descascado e o pior se é uma derretedeira de chocolate para lifar a temperatura tem que ser a partir de numero C e essa liga a partir de numero C Isso queima negação derrete,"##o, se, ##cada","0.1387, 0.1053, 0.1044",negative
 negação posso esperar além do prazo informado na entrega Por isso estou solicitando o cancelamento,"além, esperar, ##itando","0.3254, 0.2415, 0.2124",negative
Ótimo vendedor e o produto chegou no prazo,"vende, ##timo, ##dor","0.3404, 0.2647, 0.1594",positive
Produto negação entregue,"entregue, ##to, negação","0.4287, 0.3222, 0.2554",negative
,,,positive
Adorei,"##rei, Ado","0.2715, 0.019",positive
Site confiável entrega foi realizada antes do prazo máximo,"entrega, máximo, do","0.2588, 0.2388, 0.2126",positive
 negação recebi os produtos quero meu dinheiro de volta Por favor me reembolsar,"##sar, receb, ##i","0.1539, 0.114, 0.1117",negative
Super recomendo a compra e a loja chegou dentro do prazo super bem embrulhado sem nenhum defeito Amei,"recomend, ##o, ##i","0.1052, 0.0851, 0.0697",positive
Chegou em numero dias super recomendo,"em, recomend, ##o","0.1347, 0.1195, 0.0947",positive
Poderia entregar mais rapido,"##ido, mais, ##ia","0.4497, 0.4228, 0.2808",negative
O produto é de excelente qualidade mais negação atende minha necessidade pois negação cabe a carteira de identidade,"atende, minha, qualidade","0.7447, 0.687, 0.6622",positive
 negação recebi o produto e negação tive nem uma resposta das lannister Essa é a segunda vez que me acontece com voces O site é muito ruim eim,"receb, é, e","0.0647, 0.0636, 0.0605",negative
o produto é bem diferente da foto negação gostei do material na foto a renda aparenta ser mais grossa e é extremamente fina e sem forro,"da, ##te, gos","0.3203, 0.2595, 0.199",negative
Produto e loja atenderam as minhas expectativas Ótimo produto funcionou perfeitamente e chegou antes do prazo,"##to, produto, perfeitamente","0.0856, 0.0854, 0.0662",positive
Conforme chegou conforme anunciado recomendo a loja,"recomend, anunciado, ##o","0.69, 0.4982, 0.4065",positive
muito boom,"##om, bo, muito","1.1131, 0.7716, 0.0976",negative
Excelente,"##ente, Excel","0.384, 0.0447",positive
Está constando que a mercadoria foi entrega porém negação recebi nada,"##ndo, consta, receb","0.3102, 0.1559, 0.1443",negative
Adoro a lannister,"##ro, a, ##nis","0.4037, 0.1926, 0.1268",positive
Chegou antes do prazo,"antes, prazo, do","0.7643, 0.4887, 0.377",positive
CHEGOU BEM ANTES DO PRAZO BOM PRODUTO,"PR, ##TE, ##S","0.2797, 0.2115, 0.1713",positive
Uma das peças que comprei negação veio veio a caixinha vazia mas a outra veio certo,"veio, certo, veio","0.435, 0.4113, 0.2848",negative
Tive um problema na forma de pagamento segundo os meus pais o cartão foi clonado e apareceu outra valor com isso tive que cancelar o cartão negação foi uma situação agradável,"de, agradável, na","0.4154, 0.3805, 0.327",negative
E entrega muito boa uma das melhores Compras que fiz com certeza,"uma, boa, muito","0.2447, 0.1428, 0.1358",positive
Muito bom entrega foi rápida,"entrega, foi, bom","0.3428, 0.3274, 0.3249",positive
Foi entregue no prazo,"entregue, no, prazo","0.2727, 0.2697, 0.182",positive
 negação é muito bonito mas de resto até que esta servindo,"é, mas, até","0.4562, 0.3887, 0.3732",negative
Satisfeito,"##eito, ##isf, Sat","0.6309, 0.4359, 0.0441",positive
muito bom gostei do atendimento veio bem antes do prazo,"##te, bom, gos","0.1784, 0.1256, 0.121",positive
Entregue conforme combinado,"##gue, combinado, conforme","0.3782, 0.3579, 0.3417",positive
Quantidade minima,"##a, ##idade, minim","1.6103, 1.0616, 1.0523",negative
Ótima,"##tima, Ó","0.4759, 0.0396",positive
Sempre recomendo a lannister pois o atendimento é excelente,"recomend, ##o, ##nis","0.1351, 0.1205, 0.0831",positive
Sempre entregando antes do prazo Obrigado,"##do, entrega, do","0.2405, 0.2103, 0.2036",positive
lindo,"##do, lin","0.3806, 0.0351",positive
O produto veio com defeito e atraso na entrega,"##ito, com, na","0.5675, 0.4131, 0.3013",negative
Amei a tesoura com corte preciso recomendo para quem quer uma tesoura de qualidade entrega rapida,"##i, recomend, a","0.2385, 0.111, 0.0969",positive
 negação entendi cancelei o pedido e vcs me mandao mensagem negação quero mais o lençol e quero o dinheiro de volta no saite está um lençol lindo e chegou um totalmente diferente,"##ndi, diferente, ##do","0.2033, 0.1854, 0.184",negative
Produto estava no site c o prazo de numero dias úteis Paguei num dia no outro recebi a conf do pgto e no dia seguinte o produto chegou Veio com a cor manchada no pegador mas de boa qualidade,"qualidade, ##o, de","0.4067, 0.3228, 0.3039",negative
Entrega feita bem antes do prazo muito bom,"bom, do, ##ga","0.2037, 0.1839, 0.1723",positive
LOJA NOTA numero,"numer, ##o, ##TA","0.4103, 0.3472, 0.3394",positive
bom,bom,0.0152,positive
A mochila veio muito pequena negação cabe livros Pedi o cancelamento a devolução do produto e o valor de volta como estorno no cartão de crédito desde o dia em que chegou data Aguardo contato,"##i, ##ardo, negação","0.1077, 0.084, 0.0795",negative
o perfume negação tem nenhuma fixação negação parece ORIGINAL Uso este perfume faz muitos anos e vi que negação é normal só cheira a álcool,"negação, parece, O","0.4293, 0.2558, 0.1872",negative
responsabilidade dom o cliente parabéns,"o, ##bilidade, dom","0.2581, 0.1704, 0.1492",positive
entrega errada,"er, ##rada, entrega","0.8784, 0.8648, 0.0779",negative
Recebi certinho e rápido muito obrigado,"##bi, ##tinho, obrigado","0.1972, 0.1946, 0.1927",positive
A informação de que o produto chegou negação procede A previsão de que seria entregue dia numero numero porém o produto apesar de já ter a NF emitida negação foi para a transportadora Aguardo retorno,"##de, o, ##ardo","0.1721, 0.1176, 0.1139",negative
Produto perfeito de qualidade e chegou bem antes do prazo Recomendo,"##to, de, Rec","0.0809, 0.075, 0.0591",positive
Produto original bom preço e entrega rápida,"bom, e, preço","0.414, 0.3244, 0.3069",positive
demorou mais chegou,"mais, chegou, demorou","2.626, 1.4857, 0.3754",negative
Produto chegou no prazo de entrega veio bem embalado recomendo,"##o, ##ado, ##to","0.1125, 0.1054, 0.0903",positive
Estou muito satisfeita com a compra Produto entregue antes do prazo,"##eita, satisf, ##ou","0.2728, 0.1407, 0.1357",positive
Super recomendado o relógio Atendeu em tudo minhas expectativas E a entrega chegou bem antes do combinado Estão de parabéns,"recomenda, ##do, Ate","0.0726, 0.0546, 0.0499",positive
Produto negação entregue,"entregue, ##to, negação","0.4287, 0.3222, 0.2554",negative
Tudo perfeito,"perfeito, Tudo","0.2223, 0.0404",positive
O produto até foi entregue dentro do prazo mas demorou muito e recebi o produto com a cor errada e com o visor arranhado O produto fone de boa qualidade,"qualidade, ##rada, ##e","0.6517, 0.4571, 0.4135",negative
So negação vale entregador pedindo unzinho pro guaraná,"negação, vale, entrega","1.6829, 1.0052, 0.9734",negative
lannister e um site confiável produtos de otima qualidade super indico,"##nis, produtos, ##a","0.166, 0.1479, 0.0953",positive
Produto muito bom confortável,"confor, bom, ##tável","0.9928, 0.833, 0.4907",positive
Entrega antes do prazo recomendo essa loja,"do, ##ga, ##o","0.2941, 0.2187, 0.1918",positive
Amei o produto otima qualidade,"##i, ##a, o","0.2286, 0.1431, 0.1016",positive
Produto como descrito chegou antes do prazo final,"final, chegou, do","0.214, 0.2072, 0.1963",positive
Produto correto serviu perfeitamente no celular,"no, serviu, perfeitamente","0.4524, 0.3775, 0.346",positive
Na página do produto a foto mostra um produto original com a maçã da apple O produto chegou e negação é um produto original,"é, e, negação","0.6122, 0.2026, 0.1897",negative
Envio rapido chegou antes do esperado,"##ido, rap, do","0.3816, 0.2628, 0.2381",positive
Chegou antes do previsto Veio muito bem embalado até com papel de presente Adorei,"embal, antes, ##ado","0.1152, 0.097, 0.0936",positive
Excele compra,"##e, compra, Excel","0.5399, 0.2047, 0.0264",positive
Bom produto somente acho que a carenagem do carro é fina mas o produto em si é bom e super rápido,"produto, acho, que","0.2472, 0.2087, 0.2027",positive
olá bom dia realizei uma compra pelo site das lojas lannister comprei numero jogos de capas de almofadas todavia recebi apenas um desses produtos como deve proceder aguardo contato,"##o, ##der, ##á","0.2203, 0.1582, 0.1438",negative
Produto muito excelente Entrega antes do prazo Tudo dentro do combinado,"Entre, do, ##to","0.1125, 0.0994, 0.0937",positive
Produto conforme anunciado Entrega super rápida,"Entre, anunciado, ##ga","0.4489, 0.3321, 0.1317",positive
Muito bom Amei,"bom, Ame, ##i","0.1774, 0.1671, 0.1626",positive
As estampas são lindas e veio td no tempo certo e em perfeito estado Adorei,"##rei, ##das, ##as","0.0926, 0.0715, 0.071",positive
Valor do produto no site dinheiro mais frete de numero numero emitiram nota fiscal no valor de dinheiro inferior ao valor do site por que,"ao, ##am, mais","0.3619, 0.3163, 0.2027",negative
ENTREGA RAPIDA E OTIMO PRODUTO,"##M, ##DA, RA","0.1516, 0.1114, 0.0991",positive
Satisfeita,"##eita, ##isf, Sat","0.734, 0.5126, 0.0478",positive
Protudo veio todo danificado,"veio, ##ificado, todo","2.2566, 1.476, 1.3179",negative
Ótimo custo benefício Super fácil de montar Pareceu frágil mas até agora está cumprindo o que promete,"custo, ##timo, ##ndo","0.2014, 0.1551, 0.1502",positive
O atendimento do stark é sempre muito bom Já fiz várias compras inclusive por telefone Prazo muito bom também recebi o meu produto ontem Continuem com essa excelência de serviço,"também, de, Já","0.1245, 0.1239, 0.1193",positive
Muito lindo Chegou no prazo,"lin, ##do, no","0.1892, 0.1483, 0.1319",positive
Produto negação entregue entrarei na justiça Pois sei que voces irão me cobrar Super decpcionada,"dec, ##p, ##r","2.876, 2.8695, 2.3359",negative
Muito bom o acessório a luva,"bom, ##va, o","0.2801, 0.2453, 0.2416",positive
Produto conforme descrito chegou antes do prazo previsto,"antes, descrito, do","0.219, 0.2093, 0.2031",positive
Excelente,"##ente, Excel","0.384, 0.0447",positive
Quando comprei o produto havia no estoque logo depois recebi a informação de que negação havia no estoque Aguardo providencias e resposta de como trocar o produto por outro ou o dinheiro de volta,"##ardo, provid, ##encia","0.1086, 0.092, 0.0869",negative
Na hora da compra após colocar cartão de crédito e confirmar vai para uma tela escrita em inglês que parece erro Segunda vez que ocorre Da outra vez pensei que negação tinha concluído compra e a fiz,"Segunda, Da, vez","0.2242, 0.158, 0.1579",negative
O Produto chegou numero dias depois do pagamento e voltarei fazer outras compras desta empresa Vcs estão de parabéns,"##o, numer, Produ","0.0668, 0.0606, 0.0569",positive
Comprei um item limpador de ar condicionado automotivo de lima limão enviaram de lavanda De qualquer forma chegou o produto,"forma, o, chegou","0.3135, 0.2631, 0.1574",negative
Adorei o produto e me entregaram dentro do prazo sempre recomendo lannister,"##rei, o, sempre","0.2138, 0.1432, 0.1184",positive
O produto negação funciona e negação é o que está descrito no site para compra,"e, funciona, negação","0.1192, 0.1133, 0.0784",negative
A capa é muito boa para o celular mas e película inclusa é de muita péssima qualidade,"para, boa, ##a","0.3384, 0.3273, 0.2926",negative
Produto bom,"##to, bom, Produ","0.2727, 0.239, 0.0277",positive
Produto de otima qualidade e são lindos amei vale a pena comprar,"##a, ##to, ##i","0.1234, 0.0928, 0.0865",positive
Produto de boa qualidade mas a pelicula negação pega a tela toda e isso me incomodou um pouco Mas no geral muito bom o Kit,"a, ##a, pega","0.2074, 0.1999, 0.1911",positive
Gostei revendedor super rápido entrega muito rápido recebi muito antes do prazo,"##te, ##nded, ##i","0.2857, 0.2287, 0.1892",positive
A parte superior do produto foi mal feita negação encaixa corretamente e está folgada,"##gada, encaix, ##a","0.4484, 0.4419, 0.3564",negative
Comprei dois produtos distintos da targaryen pelo stark Em ambos houve dificuldade na entrega e rastreamento negação atualiza há semanas,"##r, na, dificuldade","0.4463, 0.3992, 0.3968",negative
O produto é ok mas veio sem o manual,"sem, mas, veio","0.4304, 0.3274, 0.2503",negative
Gostei do relógio Estava disponível antes do prazo Parabéns pela rápida liberação,"Estava, ##te, pela","0.2033, 0.1835, 0.1395",positive
Só erraram em negação mandar a placa em um saca anti estatística pois mandaram em saco bolha Norma branca este plástico negação é estático pode danificar a placa Aconselho em mandar em um saco bolha rosa,"##raram, er, em","0.2211, 0.172, 0.1405",positive
OS PRODUTOS DA baratheon são exelente parabens,"##nte, ##s, ##the","0.1325, 0.1107, 0.108",positive
Chegou bem antes do prazo amei,"##i, bem, do","0.1628, 0.1305, 0.1205",positive
Recebi o produto antes do prazo Excelente mercadoria,"##ente, do, ##ia","0.2284, 0.2079, 0.1964",positive
Excelente produto,"##ente, produto, Excel","0.3821, 0.2627, 0.025",positive
Produto entregue no prazo em perfeito estado de conservação,"estado, ##to, no","0.1128, 0.1128, 0.1088",positive
Pedi e chegou no tempo e o produto certo,"##i, no, certo","0.3855, 0.2466, 0.227",positive
 negação gostei da entrega pois feito uma única tentativa na residência o produto voltou para a central dos correios sendo que poderiam ligar ou mandar e mail previamente informando o dia exato,"##te, gos, ##i","0.4381, 0.2912, 0.2116",negative
Produto de excelente qualidade muita linda exatamente como na foto Vem bem embalada entregue antes do prazo Recomendo,"qualidade, muita, ##to","0.1083, 0.0858, 0.0708",positive
Quero saber o q aconteceu q negação recebi a mercadoria at hj comprei numero relogios,"##i, ##ia, receb","0.1102, 0.101, 0.0999",negative
Supero minhas expectativas Muito bom o produto,"o, bom, ##o","0.2255, 0.1906, 0.1485",positive
O produto foi comprado na cor preta e enviado na cor branca Os carregadores são padrão de outro país negação encaixam nas tomadas do Brasil,"encaix, ##am, país","0.3814, 0.2727, 0.2573",negative
Chegou na data informada estou satisfeita com o produto,"##eita, satisf, com","0.6913, 0.2917, 0.2461",positive
O produto chegou no prazo e foi o que comprei excelente compra,"compra, no, ##i","0.2967, 0.12, 0.1021",positive
esse produto veio todo torto o encache das peças ficam balançando para os lados parece que vai cair o bolo negação tem firmeza odiei,"##i, ##to, ##za","0.4487, 0.2881, 0.1591",negative
Comprei e chegou outro produto de cor diferente e qualidade bem inferior Só transtorno nessa compra,"nessa, transtorno, Só","0.5479, 0.508, 0.2694",negative
Otima compra chegou rapido mesmo o correio sendo muito ruim,"compra, chegou, ##ido","0.4223, 0.2117, 0.202",positive
Foi tudo bem O que demorou foi por causa do correio Obgdo,"foi, O, bem","0.2306, 0.1839, 0.1818",positive
Otimo produto Igual a foto,"produto, ##l, Igua","0.4616, 0.332, 0.2447",positive
ENTREGA ANTES DO PRAZO ORIGINAL E LACRADO,"##TE, ##S, ##O","0.2877, 0.2158, 0.1494",positive
Adoro comprar na loja ou site chega td super rápido e direitinho,"##ro, e, comprar","0.1943, 0.133, 0.1123",positive
O produto e muito bom,"bom, e, produto","0.9481, 0.5629, 0.3717",positive
O produto solicitado foi entregue com algum atraso mas em perfeito estado Muito Obrigado,"mas, estado, atraso","0.9484, 0.4796, 0.3995",positive
Relógio negação valeu o que paguei Material de baixa qualidade Creio que as Lojas lannister negação deveriam vender relógios como os de camelôs,"##io, o, ##ial","0.1077, 0.1019, 0.0968",negative
NUNCA aconteceu isso antes com relação às minhas compras no e commerce das Lojas lannister NUNCA Ainda negação recebi o produto e nem sei se vou receber Peço entrarem em contato comigo urgente,"##i, com, receb","0.1604, 0.1451, 0.1322",negative
Entregou bem antes do prazo com qualidade e segurança,"do, ##gou, antes","0.1627, 0.1547, 0.1415",positive
Tudo correto produto correto prazo ok,"produto, correto, prazo","0.3374, 0.2752, 0.2433",positive
produto com bom preço e qualidade,"preço, e, com","0.5671, 0.4512, 0.3138",positive
O produto veio com defeito Espero que negação demore muito a troca pois foi comprada para presentear,"##ito, com, Espe","0.6908, 0.322, 0.2782",negative
Perfeita top só pensei que fosse um pouco maior,"##ei, ##ta, só","1.1824, 0.5439, 0.4915",positive
O kit de cloreto de magnésio vale mais a pena do que comprar individualmente nas farmácias e drogarias,"do, mais, a","0.2322, 0.1755, 0.1511",positive
Chegou bem embalado e no prazo Recomendo o produto é o vendedor,"##ndo, ##ado, embal","0.2021, 0.1877, 0.1615",positive
Entrega antes do previsto Produto bom e conforme o descrito,"e, Produ, ##ga","0.412, 0.2181, 0.1984",positive
,,,positive
O frete é caro e ainda se quiser tem q buscar no correio Muito ruim Ainda quer elogios odiei,"o, ##i, Ainda","0.7102, 0.6387, 0.5544",negative
Produto conforme anunciado,"anunciado, ##to, conforme","0.4794, 0.2744, 0.2366",positive
 negação recebi a quantidade de produto q paguei falta um kit o que faço,"##i, receb, ##ue","0.1701, 0.1513, 0.1308",negative
Uma excelente loja e produto maravilhoso,"loja, ##o, e","0.1317, 0.1267, 0.0928",positive
O relógio é MARAVILHOSO Recomendo,"Rec, ##ndo, ##SO","0.3062, 0.2764, 0.2565",positive
Só negação entendi porque tive que retirar na agencia dos correios,"##ncia, ##ndi, ##ios","0.2258, 0.1991, 0.1776",positive
lannister é o pior site de compras na internet muito enrolado as entregas,"##do, site, ##nis","0.3471, 0.3005, 0.2205",negative
Meu cachorro comeu meu óculos mesmo modelo e encontrei o aqui na lannister com A entrtega foi super rápida e voltei a enxergar novamente Voltaria a comprar aqui com certeza,"##u, e, come","0.2657, 0.18, 0.1592",positive
Recebi o produto no prazo e dentro das expectativas,"##bi, o, das","0.2758, 0.1995, 0.17",positive
Meu produto negação chegou já fiz numero solicitações e o prazo de resposta venceu a numero dias e ninguém entra em contato,"chegou, produto, negação","0.0855, 0.0783, 0.0701",negative
Adorei as compras pelo site site confiável,"##rei, as, pelo","0.3177, 0.2717, 0.1253",positive
Produto negação entregue no prazo Dificuldade de rastreio,"##io, entregue, ##ul","0.262, 0.2542, 0.2341",negative
Adorei Obrigada,"##rei, Ob, ##da","0.2329, 0.1899, 0.1308",positive
 negação recebi o produto,"receb, ##i, o","0.2117, 0.1921, 0.1435",negative
Bom gostaria muito de receber o produto esa é a primeira vez que isso acontece,"muito, ##a, o","0.6491, 0.5013, 0.4835",negative
Produto de acordo com o anunciado entrega rápida negociação confiável sem dúvidas recomendo,"recomend, ##to, entrega","0.0899, 0.0882, 0.0711",positive
produto chegou antes do prazo estabelecido,"do, antes, estabelecido","0.6105, 0.4979, 0.3957",positive
 negação recebi na cor que estava no anúncio,"##i, receb, que","0.409, 0.4087, 0.2651",negative
Bom produto,"produto, Bom","0.2844, 0.0265",positive
Fiquei muito insatisfeito com o produto comprado A torneira entregue negação é a comprada e a cuba ao invés de ser de porcelana é na verdade pintada Quero devolução do produto,"##eito, insatisf, muito","0.1216, 0.0794, 0.0697",negative
Produto de excelente qualidade superou minhas espectativas,"minha, ##ta, qualidade","0.159, 0.1323, 0.1221",positive
Muito bom a loja entrega no prazo,"bom, a, no","0.2416, 0.234, 0.1251",positive
Das numero unidades compradas apenas duas foram entreguers,"##rs, apenas, ##o","0.3257, 0.1938, 0.192",negative
Muito bom,"bom, Muito","0.2464, 0.0155",positive
A loja em questão descreve o produto como original mas na verdade é um produto falso por lei de acordo com o CDC isso é crime pois o produto tem que vir de acordo com as descrições da sua propagand,"por, mas, pois","0.2514, 0.1932, 0.1798",negative
Veio antes do prazo que era de numero dias veio em numero dias e eu to amando,"##do, ##o, do","0.4214, 0.2314, 0.1649",positive
Produto chegou antes da data marcada mas a qualidade é ruim impressão falhando A impressora detetou que o cartucho já foi utilizado,"impressão, ##ndo, falha","0.3346, 0.3328, 0.3077",negative
Show,Show,0.0415,positive
o trocador veio mas ficou faltando os dois mosquiteiros que era pra vir junto,"##ndo, falta, mas","0.2205, 0.1801, 0.1791",positive
Chegou antes do prazo e o produto e muito bom,"antes, do, bom","0.1712, 0.1628, 0.161",positive
Comprei numero produtos mas recebi apenas um Prejuízo total negação recomendo,"total, ##o, ##rei","0.128, 0.1013, 0.1007",negative
Entrega rápida mto contente,"##nte, m, ##to","0.9817, 0.5621, 0.5422",positive
A torneira com filtro é linda e super moderna so deixa desejar por algumas partes negação ser de metal a função chuveiro é maravilhoso,"##r, deixa, deseja","1.16, 1.0949, 0.6784",positive
Aguardando resposta mercadoria negação entregue,"##arda, ##ndo, entregue","0.1865, 0.1582, 0.1511",negative
recebi antes do prazo veio tudo correto eu recomendo e vou voltar a comprar,"tudo, eu, correto","0.1995, 0.1705, 0.1478",positive
Muito boa a loja o produto chegou antes da data de entrega,"a, boa, da","0.2759, 0.2521, 0.1311",positive
Aparentemente o produto são muito bons Ainda vou instalar e comprovar se realmente é de boa qualidade,"##ntemente, o, Ainda","0.3239, 0.2646, 0.1992",positive
essa versão numero numero que pelo que vi negação funciona negação recomendo testei em alguns carros em nenhum tem sincronia com a ECU,"##o, ##i, recomend","0.3318, 0.3053, 0.2716",negative
produto ainda negação foi entregue depois de dias da compra Péssima loja,"depois, ainda, ##a","0.1444, 0.1125, 0.0973",negative
Prazo enorme para entregar o produto e mesmo assim negação entregaram péssimo vendedor,"##zo, o, enorme","0.1061, 0.0938, 0.0935",negative
Gostei muito e decidi comprar mais um O produto é de boa qualidade e a entrega foi antes do prazo previsto Adorei,"##te, e, ##i","0.2398, 0.1405, 0.1393",positive
Veio na cor errada Enviaram o lustre laranja em vez de amarelo,"##ram, ##rada, ##tre","0.4991, 0.3864, 0.3576",negative
Eu adorei recomendo,"ado, ##rei, ##o","0.2121, 0.2114, 0.189",positive
Produto de boa qualidade muito bonito muito bem acabado e com excelente preço,"qualidade, e, muito","0.1707, 0.1691, 0.146",positive
Comprei numero luminárias e chegou apenas uma Aguardo explicação,"apenas, ##ardo, ##rei","0.1148, 0.1011, 0.0858",negative
Comprei duas unidades do produto e entregaram somente uma,"uma, ##rei, ##am","0.1061, 0.1028, 0.0942",negative
Paguei duas luminárias e recebi só uma estou tendando devolver desde o dia que recebi mais ate agora nada,"##ando, ##gue, ##ver","0.1493, 0.0832, 0.0774",negative
Pessima está loja negação enttaga o produto,"##a, ##sim, ##a","0.2545, 0.2414, 0.1643",negative
Meu produto veio errado outro modelo fui trocar negação tem mais,"outro, errado, tem","0.645, 0.3876, 0.3373",negative
Super recomendo amei,"recomend, ##i, ##o","0.1867, 0.1398, 0.1369",positive
Produto ótimo,"##to, ótimo, Produ","0.2717, 0.204, 0.0249",positive
Produto negação e original mas e bem confecionado e atende igual de fabrica,"e, mas, e","1.2695, 1.0748, 0.6603",positive
atraso na entrega negação recomendo a loja pois existe melhores no mercado,"na, recomend, negação","0.2697, 0.1732, 0.1727",negative
O produto é feito de um material de Boa qualidade mas é muito difícil colocar a lâmina de uma forma precisa no navalhete podendo até se ferir na hora de colocar ou retirar a lâmina,"qualidade, mas, colocar","0.2953, 0.249, 0.236",positive
 negação recebi o produto mas recebi o reembolso sem problemas,"##so, receb, ##i","0.4365, 0.2876, 0.2807",negative
Empresa com produtos de ótima qualidade Tudo bem embalado para proteção no transporte Recomendo,"com, Tudo, bem","0.0559, 0.0499, 0.0494",positive
Gostei do compromisso com a entrega,"com, ##te, ##i","0.4485, 0.4482, 0.2979",positive
Produto importado o meu veio com defeito,"com, ##ito, veio","0.8562, 0.7413, 0.44",negative
Recebi o filtro todo quebrado,"##bi, o, ##tro","0.6939, 0.6884, 0.5154",negative
Fiquei muito satisfeito com o trabalho realizado pela empresa,"##eito, com, satisf","0.2108, 0.0971, 0.0949",positive
Rápido e produto de boa qualidade,"qualidade, e, ##á","0.522, 0.4972, 0.2241",positive
Até a data presente negação recebi meu produto muito demorado estou arrependida de ter feito a compra,"##ida, ##pend, ##rado","0.1948, 0.1128, 0.1124",negative
ótimos preços e produto entregue corretamente e dentro do prazo,"##s, e, e","0.4094, 0.2384, 0.1909",positive
Ótimo produto,"produto, ##timo, Ó","0.4549, 0.3092, 0.0257",positive
Produto original e entrega super rápida Recomendo,"e, ##to, Rec","0.1124, 0.0991, 0.0904",positive
muito bom,"bom, muito","0.2269, 0.0249",positive
Tem numero dias que estou esperando a mercadoria e nada de chegar,"##ia, de, numer","0.1675, 0.1473, 0.134",negative
A entrega foi antes do prazo e o produto de boa qualidade,"qualidade, do, e","0.2825, 0.2365, 0.163",positive
Entrega pontual ótimo produto bom preço Tudo certinho,"Tudo, produto, preço","0.1834, 0.1413, 0.1368",positive
Ótimo produto,"produto, ##timo, Ó","0.4549, 0.3092, 0.0257",positive
Eu negação recebi o xale do sofá porém ao ligar consta que já recebi,"do, ##i, ao","0.237, 0.2324, 0.2314",negative
Satisfeito com a compra,"##eito, ##isf, com","0.7161, 0.6378, 0.4995",positive
Maravilhoso,"##hos, ##vil, ##o","0.2901, 0.2512, 0.1966",positive
Chegou antes do prazo,"antes, prazo, do","0.7643, 0.4887, 0.377",positive
Gostei da compra,"##te, ##i, compra","0.3871, 0.2415, 0.128",positive
Qualidade do produto inferior ao desejado,"##idade, inferior, ao","0.5578, 0.4293, 0.4198",negative
O pedido foi cancelado,"foi, cancelado, pedido","0.8491, 0.3532, 0.3436",positive
Atendeu minha expectativa,"##ndeu, minha, expectativa","0.3838, 0.3381, 0.2621",positive
Recebi a mercadoria no prazo correto,"##bi, a, ##ia","0.2281, 0.1909, 0.1836",positive
Muito bom recebi vários dias antes do prazo determinado tudo embalado em plástico bolha muito seguro,"bom, receb, ##i","0.1908, 0.1695, 0.1304",positive
produto muito bom recomendo,"recomend, ##o, bom","0.6167, 0.3643, 0.3568",positive
,,,positive
 negação RECEBI O PRODUTO,"R, ##I, ##O","0.5844, 0.3233, 0.2358",negative
Bom,Bom,0.0131,positive
Produto entregue no prazo e corretamente recomendo muitoo,"recomend, ##o, no","0.1567, 0.1211, 0.1206",positive
Chegou antes do prazo estimado veio até com a hora acertada único porém é que negação veio na caixa mas estou super satisfeito com o relógio superou minhas expectativas,"estimado, prazo, acer","0.7196, 0.2576, 0.233",positive
 negação RECEBI O PRODUTO O PRODUTO CONSTA COMO ENVIADO PARA O CORREIO DE RIBEIRÃO PRETO O CORREIO negação RECEBEU O PRODUTO ENVIE VARIAS MENSAGEM PARA A targaryen E negação OBTIVE ESTA targaryen ESTA SUJANDO SEU NOME,"R, ##IV, ##AN","0.1652, 0.1168, 0.0972",negative
Entrega muito rápida,"rápida, ##ga, muito","1.0455, 0.8327, 0.63",positive
 Infelizmente a embalagem do meu baralho veio rasgada Vai ser um presente Vou ter q entregar para o aniversariante rasgado mesmo pois negação da mais tempo de trocar Mas chegou dentro do prazo,"de, a, tempo","0.4319, 0.3786, 0.2556",negative
gostei do atendimento tempo da entrega e qualidade do produto,"##te, ##i, do","0.5187, 0.2644, 0.206",positive
Recebi o produto no prazo Recomendo o vendedor pois eles da Americana são compromissados Obrigada,"##issa, ##da, ##ndo","0.2586, 0.258, 0.239",positive
Minha filha adorou linda lancheira recomendo,"##rou, lin, filha","0.1699, 0.145, 0.1189",positive
vem mt pouco só da pra usar uma vez e já acaba,"só, m, ##t","0.3801, 0.3338, 0.3134",negative
Muito bom,"bom, Muito","0.2464, 0.0155",positive
Satisfeita com o atendimento,"##eita, ##isf, com","0.6813, 0.4955, 0.4171",positive
já compro no site a anos nunca me senti enganado no entanto nessa compra na minha opinião fui enganado e passado para trás negação recomento o produto a ninguém,"##ado, ##nto, o","0.1594, 0.1563, 0.116",negative
Produto chegou em perfeito estado e no prazo Récomendo,"##ndo, estado, ##come","0.2401, 0.2173, 0.1356",positive
O envio foi rápido e o produto bem embalado e funcionando,"e, ##ado, foi","0.1902, 0.1738, 0.1372",positive
AMEI ÓTIMO PRODUTO,"##EI, ##M, Ó","0.258, 0.1819, 0.1778",positive
RECEBI DIREITINHO E RAPIDO COMPRAREI NOVAMENTE,"##DO, ##I, ##PI","0.5685, 0.5537, 0.4521",positive
Excelente produto entrega imediata e preço mt bom,"e, ##ente, imediata","0.1913, 0.1658, 0.1188",positive
Ótimo produto e entregue antes do prazo,"produto, ##timo, do","0.2183, 0.1638, 0.108",positive
A organização está de parabéns desde e escolha do produto até compra comunicação de distribuição e logística chegando a entrega foi extremamente rápido e profissional show,"desde, está, do","0.0697, 0.0595, 0.058",positive
Nada a declarar,"a, declarar, Nada","0.9051, 0.5966, 0.1231",positive
Embora eu ter recebido o produto em dias mas o meu produto veio com avaria o produto foi uma película de um smartphone da Asus zenfone numero zoom a película veio trincada,"##aria, eu, ##cada","0.4313, 0.3937, 0.2717",negative
Poderia ser melhor apenas na questão de pagamento tivemos um imprevisto que demoraram duas semanas para identificar minha transferência bancária mas tudo resolvido,"##ia, resolvido, apenas","0.259, 0.2396, 0.2393",positive
Foi a minha primeira compra na loja e estou super satisfeita recebi o produto bem antes do prazo Recomendo a todos Obrigada,"##da, ##eita, ##riga","0.0833, 0.0765, 0.0614",positive
Segundo os Correios ainda negação receberam o mesmo Mesmo assim resolvi aguardar para que reenviem,"##m, ##r, o","0.2907, 0.267, 0.2666",negative
o produto apresentou folga na articulação é um produto util porém pensei que era de melhor qualidade,"porém, ##ga, é","0.247, 0.2384, 0.1749",negative
As toalhas negação são boas muito inferiores,"são, muito, inferiores","0.3034, 0.2903, 0.2586",negative
produto entregue conforme o anunciado,"o, conforme, entregue","0.454, 0.3737, 0.3688",positive
Excelente produto entrega super rápida,"##ente, rápida, super","0.3815, 0.3712, 0.315",positive
otimo produto otimo empresa de venda,"##o, ##o, otim","0.301, 0.2059, 0.14",positive
Recebi no prazo e já apliquei Ficou muito bom e de fácil aplicação mesmo pra mim que negação tenho muita habilidade pra isso Agora é só esperar para ver a durabilidade,"##bi, e, muito","0.1749, 0.1552, 0.13",positive
Produto dentro das expectativas Bom,"Bom, das, ##to","0.1673, 0.1338, 0.1306",positive
ótimo produto e no prazo certo,"produto, e, certo","0.4759, 0.208, 0.1591",positive
O entregador contratado negação permitiu a conferenciado produto antes da assinatura do boleto Ameaçou levar a entrega embora Assim q assinei saiu correndo negação entregou a NF Extremamente grossei,"negação, ##sei, ##nciado","0.1085, 0.0827, 0.0744",negative
poderia melhorar o preço de restante ótimo,"ótimo, melhorar, o","0.5138, 0.4591, 0.4486",positive
excelente produto Já estou usando e testando o controle cardíaco,"produto, Já, estou","0.22, 0.1179, 0.1154",positive
Produto quebrado,"##to, quebrado, Produ","0.4468, 0.3979, 0.1116",negative
ainda negação recebi o produto,"##i, receb, negação","0.2568, 0.2173, 0.1414",negative
muito bom recebi tudo certinho do jeito que pedi,"receb, bom, ##i","0.2389, 0.2231, 0.2067",positive
PERFEITO,"##EI, ##TO, ##F","0.5423, 0.3897, 0.3446",positive
O produto foi recebido em perfeitas condições e até antes do prazo previsto Recomendo a compra,"em, ##ndo, ##s","0.0981, 0.0945, 0.0879",positive
Só recebi metade do que comprei,"receb, do, ##i","0.2662, 0.2488, 0.2377",negative
Tempo de entrega dentro do prazo porém muito longo Daria mais estrelas se a entrega fosse mais rápida,"Dar, ##ia, se","0.3436, 0.2662, 0.264",negative
recebemos somente numero cadeiras,"##os, numer, ##o","0.535, 0.5127, 0.5087",negative
foi comprado dois produtos juntos e so entregaram um,"entregar, ##am, e","0.2987, 0.2069, 0.193",negative
Produto ok Entrega ok,"Entre, ##ga, ##to","0.2395, 0.2259, 0.2064",positive
Entrega antes do prazo Excelente,"##ente, do, ##ga","0.5447, 0.3834, 0.3101",positive
otimo vendedor,"##o, ##dor, vende","0.645, 0.2514, 0.2277",positive
Pedi com os braços rosa porém veio no branco,"##i, veio, no","0.4233, 0.3117, 0.2911",negative
Excelente Recomendo sem dúvidas,"##ente, Rec, ##ndo","0.2565, 0.1728, 0.0973",positive
Falta de respeito com o consumidor primeira e última vez q compro neste site,"##ta, com, de","0.142, 0.1154, 0.0877",negative
O produto nizzio Amore Hidratação Avançada numero g Lacqua Di Fiori foi entregue no dia data mas o Inizzio Amore Golden Classics numero ml Lacqua Di Fiori negação foi entregue Espero uma resposta,"mas, data, ##ro","0.382, 0.2172, 0.1278",negative
tudo okay,"##y, o, ##ka","0.5723, 0.4356, 0.2288",positive
COMPREI numero KITS DESSES PEDENTES E RECEBI SOMENTE numero KIT TEM COMO VCS VERIFICAR COM A TRANSPORTADORA PRA MIM,"##RE, CO, ##o","0.1669, 0.1645, 0.1619",negative
produto ainda negação recebido,"recebido, ainda, negação","0.4694, 0.298, 0.2798",negative
Tudo perfeito Adorei,"Ado, ##rei, perfeito","0.1733, 0.1553, 0.1435",positive
a cama iglu é otima minha cachorra adorou ela é macia e confortavel,"##a, ##rou, ##r","0.198, 0.1745, 0.1331",positive
otimo,"##o, otim","0.5781, 0.0578",positive
a entrega chegou antes do previsto,"do, antes, chegou","0.3691, 0.336, 0.2829",positive
PARABÉNS,"##É, ##RA, ##B","0.2239, 0.1845, 0.1845",positive
PRODUTO CHEGOU COM MUITO ATRASO EMBALAGEM DANIFICADA PRODUTO VEIO FALTANDO UMA PORCA PARAFUSO PARA MONTAGEM CORREIO negação ENTREGOU TIVE QUE BUSCÁ LO negação RECOMENDO,"R, E, E","0.1482, 0.1041, 0.0866",negative
Qualidade do produto péssima Na primeira vez que fui conectar o produto no meu tablet o produto quebrou dentro Agora fiquei no prejuízo,"##idade, ##ima, do","0.2172, 0.2082, 0.144",negative
 negação recomendaria pois fiz minha compra efetuei o pagamento e após alguns dias recebi um email que os parceiros negação entregariam na minha região,"##ria, pois, recomenda","0.3646, 0.3353, 0.2735",negative
O produto ainda negação foi entregue e o prazo que era muito longo já foi ultrapassado,"e, ##do, foi","0.1291, 0.1151, 0.0913",negative
Até hoje estou satisfeito com a sbmarino,"##eito, satisf, hoje","0.8647, 0.4604, 0.3786",positive
Muito bom Adorei,"##rei, bom, Ado","0.1702, 0.1667, 0.1595",positive
Excelente transação o produto chegou mais de numero dias antes do prazo intacto perfeito com instruções de uso Super recomendo,"##ente, trans, ##ação","0.1395, 0.071, 0.0548",positive
Entregaram bem antes do prazo Ótimo,"##timo, ##garam, do","0.2499, 0.213, 0.1944",positive
 numero é bastante desconfortável machuca a orelha e negação segura numero os celulares negação consegue se conectam com o aparelho numero ele carregou por numero h e a bateria só durou mais hora,"##ável, ##fort, mais","0.6197, 0.2976, 0.2961",negative
Uma ótima loja eu recomendo,"loja, eu, ótima","0.2881, 0.1481, 0.1448",positive
top amei,"ame, ##i, top","0.4555, 0.2866, 0.0525",positive
Recebi um produto equivalente ao que solicitei Devido ao grande tempo que levam para entregar as compras nem vou me estressar tentando trocar o produto negação recomendo que comprem lannister COM,"ao, recomend, ##o","0.8654, 0.5565, 0.5474",positive
Comprei dois cobre leitos e veio apenas um Esperando providências das lojas lannister Pois foi no site de vcs que comprei,"##is, ##ndo, leitos","0.173, 0.1286, 0.1155",negative
Tudo tranquilo recebi o produto rápido e tudo em perfeito estado recomendo a todos,"tranquil, estado, em","0.1139, 0.1106, 0.0845",positive
Entregue dentro do prazo produto bem embalado Recomendo,"##ado, ##ndo, do","0.1783, 0.1706, 0.1704",positive
Legal razoável,"razoável, Legal","1.296, 0.5279",positive
loja excelente cliente a varios anos,"cliente, a, excelente","0.2482, 0.1911, 0.182",positive
Bom preço e bom prazo,"prazo, preço, e","0.4178, 0.4062, 0.3726",positive
Muito bom comprar nas lannister,"bom, comprar, nas","0.2075, 0.2036, 0.147",positive
Bom produto vale pelo valor,"pelo, produto, vale","0.6476, 0.5631, 0.4045",positive
Ainda negação recebi meu pedido e nem sei porque eu estou muito insastifeito,"##ife, ##ito, ##ast","0.1688, 0.1167, 0.1139",negative
Produto lindo perfeito adorei obrigada baratheon vocês sempre nota dez Eny,"##the, ##on, bara","0.1187, 0.0976, 0.0969",positive
Entrega boa porém ainda negação deu tempo de usar o produto mas pelas resenhas que vi é otimo,"##o, ainda, porém","0.3452, 0.2457, 0.2225",positive
 negação recebi meu produto dentro do prazo e o atendimento foi péssimo,"##imo, receb, ##i","0.2307, 0.2019, 0.1559",negative
lannister estão de parabéns Otimo,"O, ##nis, ##éns","0.1533, 0.111, 0.0979",positive
Bom produto,"produto, Bom","0.2844, 0.0265",positive
A culpa negação foi do fornecedor e sim dos correios Produto muito bom já usei fazendo trilha de moto e tá aprovado,"negação, foi, ##dor","0.4397, 0.2864, 0.2378",positive
o produto chegou no prazo em perfeito estado,"estado, no, chegou","0.3157, 0.1762, 0.1077",positive
Chegou antes do prazo,"antes, prazo, do","0.7643, 0.4887, 0.377",positive
A entrega mesmo no prazo demorou bastante prazo muito maior que em outras empresas,"bastante, mesmo, prazo","0.4844, 0.2904, 0.2691",negative
Super recomendo,"##o, recomend, Super","0.2466, 0.2167, 0.0133",positive
BOM E BONITO,"E, ##OM, ##IT","0.2919, 0.1675, 0.1616",positive
Chegou antes do combinado bem embalada em perfeitas condições já conheço a Américas confio de mas E super recomendo o site da Cuba Amei,"##i, Ame, antes","0.1114, 0.0768, 0.0732",positive
A cor veio diferente Eu pedi AMARELO e veio VERMELHO Solicito que façam a troca o mais RÁPIDO possivel,"Eu, diferente, o","0.4698, 0.4645, 0.4045",negative
Bom custo x benefício pra proteger o crânio da criançada,"custo, x, pra","0.3744, 0.2297, 0.1965",positive
Lixo,"##xo, Li","1.511, 0.2232",negative
Entrega bem antes do prazo Adoramos a compra Recomendo,"##ramos, do, Ado","0.1898, 0.1602, 0.1345",positive
Otima Loja,"Loja, ##tima, O","0.6214, 0.2795, 0.034",positive
Produto entregue dentro do prazo,"dentro, do, ##to","0.4508, 0.3812, 0.2798",positive
Relógio bonito mas negação é o mesmo da foto o da foto tinha calendário o que me foi entregue negação tinha e veio com o ponteiro quebrado,"é, mas, tinha","0.5127, 0.3308, 0.2571",negative
Vendedor correto recebi o produto antes da data marcada nada a reclamar,"##r, receb, a","0.3364, 0.3357, 0.1941",positive
Realmente o produto é IDÊNTICO ao do outback Mesma marca A entrega foi super rápida antes do prazo gostei tanto que já encomendei outra remessa ontem e o novo produto já está em transporte,"##NT, ##D, ##Ê","2.8075, 2.4275, 2.0951",positive
Chegou antes do prazo Achei um pouco lento a qualidade da camera negação é la essas coisas,"a, lento, antes","0.5626, 0.367, 0.3009",positive
Apaixonado,"##ixon, ##ado, Apa","1.1103, 0.9396, 0.0839",positive
Recomendo,"##ndo, ##ome, Rec","0.3663, 0.3355, 0.0536",positive
APESAR DOS CONTRATEMPOS SOBRE O SITE DOS CORREIOS negação INFORMAR O TRAJETO DO PRODUTO TUDO FOI CONFORME O PLANEJADO E ENTREGUE DENTRO DO PRAZO ESTABELECIDO,"IN, ##AR, ##ES","0.9628, 0.5684, 0.4443",negative
Produto muito bom porem por uma falta de informação da medida no item acabei comprando recebendo uma cuba grande de numero CM,"uma, bom, ##ndo","0.4095, 0.194, 0.1909",positive
Comprei um secador da linha Collor e veio um da linha rainbow Tentei devolver no site e aparece a mensagem que negação é possível a troca,"##dor, ##ver, que","0.113, 0.1081, 0.1076",negative
Espero ter mais oportunidades de compra,"##ro, de, ter","1.6479, 0.8459, 0.6439",positive
mandei uma mensagem para tentar resolver o problema e ate o momento negação tive nenhum retorno,"negação, o, tiv","0.9221, 0.5171, 0.4164",negative
Muito boa a calça costura e cortes perfeitos,"a, boa, ##ra","0.2989, 0.2443, 0.1824",positive
Adorei chegou na data certa Vou continuar comprando,"##rei, chegou, na","0.1459, 0.1219, 0.0931",positive
Paguei o frete e negação recebi o produto em casa tive que retirar no correio e ainda pagar para ser transportado até a minha casa Ainda mandaram o produto para uma agência do correio em área de risco,"do, ##io, receb","0.5904, 0.1575, 0.1435",negative
Produto correto e entregue no prazo,"e, no, ##to","0.4521, 0.216, 0.2022",positive
Gosto muito do atendimento de vocês,"##to, do, muito","0.2173, 0.1469, 0.1328",positive
O produto veio apenas com alguns arranhados,"##hados, apenas, com","0.4868, 0.3153, 0.2787",negative
São muitos enrolados para fazer a entrega do produto até agora negação recebi o produto,"##dos, para, ##rola","0.3182, 0.1461, 0.1421",negative
Primeiro pedido veio o produto quebrado Estou aguardando a troca,"Est, o, pedido","0.4208, 0.2771, 0.2285",negative
A entrega ainda negação foi realizada estava previsto para data nem status de onde anda o produto eu tenho para acompanhar,"ainda, foi, de","0.2124, 0.1692, 0.165",negative
Essa empresa é um Marketplace do Marketplace é minishopping dentro do shopping e negação confio mesmo Péssima experiência só transtorno Ganha numero estrela porque negação deixam dar zero negação recomendo,"##s, ##a, ##o","0.1272, 0.1037, 0.0826",negative
Muito bom Super indico e com cereteza vou fazer outros pedidos,"bom, Super, ##o","0.1562, 0.1555, 0.1127",positive
Gostei muito dos panos de prato foi o que imaginava,"##te, ##i, dos","0.3061, 0.1949, 0.1578",positive
Comprei duas cadeiras mas chegou apenas uma A loja prometeu reenviar a segunda cadeira Estou aguardando,"##via, ##r, reen","0.2486, 0.243, 0.207",negative
Gostei pois veio no prazo determinado,"##te, veio, ##i","0.2619, 0.1931, 0.1864",positive
produto entregue antes do tempo indicado,"entregue, antes, do","0.4132, 0.3275, 0.3258",positive
O PRODUTO IGUAL O ANUNCIO LINDO POREM A ENTREGA SUPER DEMORADA,"##R, ##UA, ##M","0.9982, 0.6424, 0.6326",negative
Gostei muito,"##te, ##i, muito","0.4286, 0.2968, 0.2926",positive
pela segunda vez aconteceu problema em compra via internet Primeiro foi com um climatizador que me mendaram com voltagem divergente Agora com pedido feito na segunda semana de março e aainda negação en,"##nda, en, negação","0.3948, 0.3918, 0.2618",negative
O produto veio como pedi,"como, ##i, veio","0.442, 0.4232, 0.2952",positive
Produtio chegou bem antes do previsto a garrafa chegou sem nenhum problema aparente agora farei o teste de uso para saber se a garrafa é boa,"de, ##tio, do","0.1256, 0.116, 0.1073",positive
Gostaria de saber o que houve pois até agora negação chegou meu produto,"pois, ##taria, meu","0.1312, 0.1204, 0.1171",negative
produto semelhante ao original entrega rápida,"ao, entrega, rápida","0.8802, 0.5756, 0.5243",positive
No encarte do anuncio estava tamanho numero numero x numero numero quando comprei apareceu numero numero x numero numero como a minha janela e de numero numero negação vou trocar mas o meu pedido era de numero numero,"mas, numer, vou","0.2137, 0.1699, 0.1412",negative
,,,positive
Prazo de entrega excelente Foi mais rápido do que eu esperava Estão de parabéns pelo ótimo atendimento,"pelo, ##zo, atendimento","0.0837, 0.0826, 0.0815",positive
Chegou no prazo e como eu esperava super recomendo,"no, ##o, e","0.0967, 0.0757, 0.0732",positive
Veio faltando um cartucho só me enviaram numero,"##o, ##o, ##ndo","0.6148, 0.5021, 0.4993",negative
excelente prazo de entrega,"prazo, de, entrega","0.5131, 0.3105, 0.1603",positive
Tenho em prazer em comprar na lannister nunca falharam em nada comigo,"##ram, em, falha","0.6765, 0.5563, 0.3423",positive
otima mercadoria,"##a, ##ia, mercador","0.5769, 0.3142, 0.1561",positive
Muito bom esse produto gostei muito mesmo,"##te, bom, esse","0.2679, 0.1933, 0.1795",positive
Compra sem problemas sendo que comprei o celular bem antes até o momento negação chegou e tanto a capa quanto a película estão sem utilida de,"chegou, e, ##ida","0.7111, 0.6966, 0.5312",positive
Recomendo produto de ótima qualidade,"qualidade, ##ndo, ##ome","0.1856, 0.1542, 0.1379",positive
Ainda negação recebi meu produto já faz numero dias de comprei e até agora negação chegou,"receb, ##i, negação","0.0913, 0.0848, 0.0833",negative
A PREVISÃO DE ENTREGA ERA PARA numero numero E CHEGOU ONTEM numero numero ENTREGA MUITO RAPIDA OBRIGADA,"##AD, ##DA, ##IG","0.6629, 0.5118, 0.4423",positive
Loja entregou o produto antes do prazo recomendo,"do, entregou, recomend","0.2983, 0.2137, 0.1918",positive
GOSTEI EU RECOMENDO,"##TE, ##EN, ##OS","0.2742, 0.2181, 0.2066",positive
Comprei numero kits e recebi só numero,"numer, numer, ##rei","0.158, 0.1579, 0.1578",negative
O relógio veio com defeito como faço pra trocar,"##ito, veio, com","0.6473, 0.3887, 0.3731",negative
Ótima qualidade De acordo com a foto,"qualidade, De, ##tima","0.3683, 0.28, 0.2765",positive
Recebi uma escova de outra marca negação consigo resolver o problema Péssimos atendimentos das lojas lannister e parceira,"##s, ##va, ##bi","0.1073, 0.0937, 0.0919",negative
Pois essa compra chegou no tempo certo Mas existe uma bem mais velha que ainda negação chegou Por isso ainda negação posso avaliar muito bem,"existe, Mas, no","0.2594, 0.2278, 0.1845",negative
Produto chegou tudo ok produto excelente,"tudo, o, produto","0.1464, 0.1363, 0.1246",positive
Entrega antes do Prazo,"do, ##ga, antes","0.3663, 0.3206, 0.2326",positive
custo beneficio simples de usar e rápido,"##o, benefici, de","0.4564, 0.4245, 0.3021",positive
Gostei só que demorou muito p chegar,"muito, ##te, que","0.3983, 0.2952, 0.2123",positive
É sempre bom comprar na lannister,"comprar, bom, na","0.2142, 0.1737, 0.1622",positive
Muito bom rápido e eficiente,"e, bom, rápido","0.301, 0.2743, 0.2679",positive
Excelente recebido dentro do prazo Produto normal sem avarias Conforme pedido chegou,"##ente, recebido, pedido","0.2492, 0.1457, 0.1401",positive
Excelente produto Bom para qq fotógrafo,"##ente, para, produto","0.2711, 0.1974, 0.1672",positive
Comprei um bebedouro dia numero numero e me deram um prazo de até o dia numero numero para me entregar hj já são numero numero e negação me entregaram negação comprem nada vendido e entregue pela targaryen mando emails e negação respondem,"##rei, um, ##o","0.0591, 0.0475, 0.047",negative
Que tapete mais liiiindoo Perfeito Leve e lindo demais Felpudo,"##do, ##do, Fel","0.2402, 0.1789, 0.1665",positive
Ótima loja entrega é excelente,"##tima, loja, é","0.2273, 0.2269, 0.187",positive
Tudo certo Entregue antes do previsto Recomendo,"certo, Entre, ##ndo","0.1875, 0.1864, 0.1521",positive
A empresa precisa fazer um estudo dos correios para onde vão a mercadoria ainda negação recebi o produto pois o mesmo está preso desdo dia numero numero em um correio de reputação ruim,"##io, ##ios, ruim","0.3081, 0.1879, 0.1742",negative
excelentes em todos os aspectos com certeza farei outras compras,"em, far, os","0.1792, 0.0729, 0.0682",positive
Amoo comprar pela lannister até hoje já realizei muitas comprar e sempre tive sucesso recomendo sem dúvida Esse produto chegou em perfeita condição dentro do prazo e de ótima qualidade,"##o, pela, ##o","0.1153, 0.0762, 0.0616",positive
Adorei a eficaz,"##rei, a, eficaz","0.2879, 0.2234, 0.1033",positive
Produto chegou no prazo em perfeito estado Recomendo,"estado, ##to, ##ndo","0.1025, 0.0883, 0.0804",positive
Ate agora negação recebi,"receb, ##i, agora","0.4438, 0.3785, 0.3563",negative
Meu jogo de tapetes veio super rápido e de ótima qualidade,"##tes, jogo, e","0.0814, 0.0812, 0.0737",positive
Tudo dentro da normalidade,"##idade, da, dentro","0.3662, 0.3547, 0.3492",positive
Produto perfeito,"##to, perfeito, Produ","0.1831, 0.1369, 0.0262",positive
Produto recebido dentro do prazo características conforme anunciado,"dentro, do, anunciado","0.3313, 0.2758, 0.2601",positive
O tempo previsto para a entrega do produto dava para colocá lo num lombo de burro e chegaria no prazo Mesmo assim negação cumpriram o prometido Ridículo sem desculpas Péssimo serviço Melhorem,"Pé, ##em, ##s","0.2391, 0.1781, 0.137",negative
Entrega rápida e produto de ótima qualidade,"qualidade, e, ##ga","0.1411, 0.141, 0.1148",positive
Otima compra e a entrega super rapida,"##ida, compra, rap","0.4588, 0.393, 0.3904",positive
Produto excelente e entrega rápida Tudo de bom,"e, de, ##to","0.147, 0.112, 0.1018",positive
Minha filha adorou a mochila então está super aprovado,"##rou, aprovado, a","0.166, 0.1364, 0.1133",positive
O produto negação entregue Mandei mensagem sobre providências e ninguém me responde Solicitei cancelamento e até agora sem resposta,"entregue, Mand, negação","0.1042, 0.0925, 0.0886",negative
fui bem atendido mas o valor cobrado foi divergente do valor apresentado no site desconto de numero pela forma de pagamento mas tudo ja foi resolvido,"##ente, ##i, ##di","0.2541, 0.2196, 0.2102",positive
Produto recebido corretamente porém fora do prazo,"porém, corretamente, fora","0.5634, 0.4974, 0.4393",negative
bolsa lindas,"lin, ##das, bolsa","0.5416, 0.3355, 0.0645",positive
Eu amei o produto Chegou antes do prazo,"##i, ame, do","0.2765, 0.1637, 0.1605",positive
Chegou antes do prazo bem embalado e como esperava,"antes, ##ado, do","0.1358, 0.098, 0.0926",positive
O produto chegou de forma correta embora o Correios da minha cidade negação tenha um bom serviço a compra feita no site foi sem problema algum O produto chegou em bom estado e é melhor que esperado,"embora, o, que","0.2774, 0.1882, 0.1793",positive
Estou me sentindo muito realizada e satisfeita com essa compra Esse relógio por mais que pareça ser másculo tem que ter muita personalidade para usá lo e é de um charme incrível Sensacional,"##eita, e, com","0.2929, 0.2412, 0.1447",positive
Produto bom A cor é bem chamativa,"##tiva, A, chama","0.6776, 0.3941, 0.2452",positive
Produto entregue em perfeitas condições acho que o pacote deveria vir com o logo da empresa mas de resto esta bom,"esta, que, ##s","0.6458, 0.332, 0.3156",positive
Adorei a credibilidade da loja Me deram até dia data para entrega é o mesmo chegou data Comprarei outras vezes e super indico Obrigada,"##rei, a, ##ibilidade","0.207, 0.1353, 0.0864",positive
entrega antes do previsto,"antes, do, previsto","0.2594, 0.2352, 0.1201",positive
Me entregaram um tapete errado Estou aguardando providencias,"Est, ##te, ##encia","0.4856, 0.4778, 0.2327",negative
comprei duas cadeiras porem foi entregue apenas uma,"apenas, ##i, uma","0.1605, 0.1089, 0.1061",negative
Entrega no prazo e produto dentro do esperado,"do, ##ga, e","0.3423, 0.3309, 0.2226",positive
Muito boa a loja entregou muito antes do prazo,"a, boa, do","0.2675, 0.2543, 0.1573",positive
A loja negação responde nem consta em rastreio a o produto está com o transportador,"nem, responde, ##io","0.2701, 0.2098, 0.2057",negative
facil de comprar sem burocracias muito bom,"de, bom, muito","0.1745, 0.1623, 0.1124",positive
Gostei do produto bonito boa qualidade como está no site negação teve nenhuma intercorrencia com o vendedor tudo certinho,"##te, ##i, ##ncia","0.2366, 0.1808, 0.1204",positive
otimo produto e veio bem rápido,"##o, e, produto","0.5737, 0.1966, 0.1882",positive
Faltou o cordão ao ligar para a empresa disseram me que resolveriam mas estou no aguardo Mas é um bom item farei trilha com ele,"##tou, o, ao","0.3441, 0.3435, 0.3412",negative
produto veio faltando acessórios e ate agora negação recebi,"e, ##ndo, veio","0.1595, 0.1568, 0.1463",negative
na foto do produto tinha um motor com cabo completo porem o que veio negação era mesma marca e veio sem o plug de encaixe mas funcionou e veio o modelo certo geladeira gelando muito,"gel, ##adeira, ##ando","1.2941, 0.8241, 0.7918",negative
Produto naõ atemdeu minha espectativa material muito fragil e fino,"##ta, minha, ##il","0.6337, 0.3674, 0.3632",negative
E muito rápida parabéns,"para, rápida, ##éns","0.356, 0.1925, 0.1767",positive
Produto mal feito torto com as soldas mal feitas,"##to, tor, ##to","0.1341, 0.1319, 0.1181",negative
produto entregue no prazo,"no, entregue, prazo","0.4672, 0.4212, 0.2525",positive
Produto bonito entrega rápida,"entrega, rápida, ##to","0.5548, 0.3734, 0.3281",positive
o produto chegou no praazo obrigado,"no, ##o, obrigado","0.329, 0.3054, 0.2649",positive
Ótimo produto é rápida entrega,"produto, ##timo, entrega","0.2999, 0.275, 0.2719",positive
Veio amassado o podruto,"##to, ##o, ##ru","0.5027, 0.4927, 0.31",negative
De modo geral é satisfatório por ser gravação em laser Mas justamente por ser a laser deixa a desejar quanto a centralização do pingente com a marca bem como da qualidade da gravação,"##tório, ##r, é","0.636, 0.4396, 0.3644",positive
entrega dentro do prazo muito bem embalada e protegida,"do, dentro, ##ada","0.2753, 0.2187, 0.1845",positive
Produto bom bonito barato recomendo e atenciosos c os email,"##to, bara, ##o","0.2736, 0.2326, 0.2259",positive
produto entregue dentro do prazo,"do, dentro, entregue","0.368, 0.3221, 0.2783",positive
Loja excelente,"excelente, Loja","0.3075, 0.0682",positive
O produto ainda negação chegou mas é sabido que o motivo do atraso é a greve dos Caminhoneiros e Petroleiros,"é, ##ido, mas","0.4519, 0.2132, 0.2126",negative
Produto muito bom e entrega rápida,"e, bom, rápida","0.936, 0.7398, 0.4459",positive
otima qualidade,"##a, qualidade, otim","0.6712, 0.204, 0.0401",positive
Dessa vez a culpa foi dos correios ele se atrasaram deve ser a tal greve deles,"deles, foi, ##aram","0.2427, 0.1933, 0.1892",negative
 Comprei um produto que está com defeito e negação consigo trocar da erro no site,"no, ##ito, ##rei","0.2406, 0.2368, 0.2177",negative
Chegou E bem antes do prazo,"do, E, antes","0.2617, 0.2582, 0.182",positive
Recebi os itens hoje em uma caixa toda rasgada a carretilha toda riscada e a vara negação é a que eu comprei paguei por uma vara Ottoni Júlia de numero numero e veio uma vara maruri pintado menor,"##cada, ##gada, é","0.0619, 0.0614, 0.0608",negative
Chegou antes do prazo,"antes, prazo, do","0.7643, 0.4887, 0.377",positive
Iria comprar mais de voces mais vi que quanto mais produtos o frete dobra ou triplica,"##ia, ou, que","0.4511, 0.3905, 0.3742",positive
curti,"##ti, cur","0.4799, 0.0348",positive
Obrigado pela atenção,"##do, ##riga, atenção","0.2869, 0.2361, 0.1374",positive
Muito bom,"bom, Muito","0.2464, 0.0155",positive
Comprei um produto no site como ELÉTRICO paguei um valor mais alto por achar que o produto ERA ELÉTRICO O produto chegou A PILHA e negação ELÉTRICO Me senti enganada,"##ada, engan, E","0.4845, 0.2252, 0.2167",negative
Setup é chines negação funciona corretamente,"##es, funciona, ##p","0.7262, 0.3289, 0.3211",negative
Produto entregue antes do prazo estipulado Recomendo a compra,"do, ##ndo, antes","0.1462, 0.1316, 0.1299",positive
MUITO BOM VOU COMPRAR MAIS,"V, ##OM, ##O","0.5155, 0.3097, 0.2704",positive
meu produto negação veio com nota fiscal e a devolução está impossível Isso é um descaso com o consumidor,"veio, produto, ##ução","0.0831, 0.0824, 0.0701",negative
Ainda negação recebi o produto e considerando a paralisação de caminhoneiros já era pra ter sido entregue,"receb, a, ##i","0.1836, 0.173, 0.1642",negative
e a segunda vez que eu compro nessa loja estou muito sastifeto otima loja,"##a, sa, ##to","0.4229, 0.1734, 0.1539",positive
Entrega no prazo mercadoria bem embalada e informações via e mail sobre processo de compra e entrega,"##ada, embal, ##ia","0.2457, 0.1512, 0.1342",positive
Ótima loja,"loja, ##tima, Ó","0.4244, 0.3605, 0.0251",positive
Em relação à entrega e à loja tudo certo Só achei o dispenser muito frágil e pouco prático uma vez que é preciso bombear muitas vezes para que saia a quantidade adequada de pasta de dente,"e, ##er, ac","0.264, 0.2292, 0.1968",positive
Sem nenhuma ocorrência tudo dentro do programado,"tudo, ocorrência, dentro","0.6368, 0.4217, 0.3634",positive
Recebi o produto ótima qualidade e entrega no prazo Recomendo o fornecedor Antonio Jair,"qualidade, ##bi, e","0.0981, 0.0936, 0.0821",positive
Excelente chegou antes do combinado parabéns,"para, do, combinado","0.513, 0.1737, 0.172",positive
entrega antes do prazo,"do, antes, prazo","0.615, 0.5075, 0.2282",positive
achei de boa qualidade,"##hei, qualidade, de","0.4018, 0.3767, 0.2875",positive
Boa porém muito transparente,"muito, ##nte, transpare","1.4475, 1.4028, 1.1385",positive
Parabéns pela pontualidade,"pela, ##alidade, ##éns","0.2288, 0.1887, 0.1557",positive
bao,"##o, ba","0.8352, 0.0944",positive
Demora muito entregar Já passou o prazo e ainda negação recebi minha encomenda,"##ora, Já, muito","0.1303, 0.1145, 0.0977",negative
bom foi entregue no tempo certo,"foi, no, entregue","0.3133, 0.2554, 0.1904",positive
produto menor do quer mostra as fotos,"mostra, do, quer","1.0049, 0.6593, 0.4942",negative
Demorou muito pra chegar,"##orou, muito, pra","0.3555, 0.3407, 0.2934",negative
Gostei muito pois chegou ko prazo dado e veim tudo em perfeito estado,"k, dado, chegou","2.8976, 1.6384, 1.1049",positive
O produto negação é de boa qualidade os blocos negação se encaixam direito e qualquer movimento que faz eles já desfazem tudo o que foi montado Uma pena estava esperando por algo melhor,"estava, pena, por","0.4827, 0.2713, 0.1947",negative
entrega rápida produto bem embalado,"embal, bem, ##ado","0.4752, 0.3659, 0.3263",positive
comprei numero unidades recebi numero unidade ainda paguei numero fretes para vir junto,"##ue, ##i, junto","0.3303, 0.2314, 0.1808",negative
DEmora na entrega,"##a, ##mor, na","5.0562, 3.1019, 1.4634",positive
Amei o produto meu jogo de cama de cetim vermelha deixou meu quarto muito lindo um luxo estou encantada,"##i, o, estou","0.3441, 0.1682, 0.1202",positive
O jogo de panelas e lindo e muito bom So uma das frigideiras que soltou uns pontinhos de tinta Mas o resto perfeito,"uma, perfeito, Mas","0.5678, 0.4725, 0.2752",positive
Produto de ótima qualidade Muito satisfeito,"##eito, qualidade, Muito","0.1522, 0.1456, 0.1018",positive
Espero mais de numero meses para dizer negação que tinha o produto,"que, ##ro, para","0.149, 0.146, 0.1036",negative
Comprometimento e dedicação com o cliente por isso indico pra quem está com alguma dúvida referente a loja e sobre o produto atingiu perfeitamente as minhas perspectivas,"as, ##timento, perfeitamente","0.19, 0.1685, 0.1592",positive
BOM ATENDIMENTO,"AT, ##OM, ##EN","0.3348, 0.2044, 0.1802",positive
 negação há como avaliar o produto pois recém o recebi,"o, o, há","0.1971, 0.1837, 0.1595",negative
Lindo minha cozinha e sala ficaram lindos,"##o, ##dos, cozinha","0.2474, 0.1224, 0.1139",positive
Recebi apenas o adesivo de coruja e coração a faixa de corujinha negação recebi Como devo proceder,"##der, ##bi, apenas","0.1529, 0.1279, 0.1209",negative
Tudo como esperado Excelente,"Excel, ##ente, esperado","0.6858, 0.3543, 0.2907",positive
 so recebi numero rolo numero numero mm falta o rolo numero numero mm ainda negação chegou Catia,"##i, ##ia, receb","0.4176, 0.3944, 0.3575",negative
Estou em processo de devolução Esperei mais de dois meses para receber uma mochila da Kipling O modelo negação é o que eu comprei negação é original é falso e negação foi targaryen que me vendeu foi Gaste Pouco,"##te, ##ução, e","0.0532, 0.0512, 0.047",negative
Eu ainda negação recebi o produto gostaria de saber o que aconteceu,"##i, receb, de","0.2335, 0.2199, 0.1461",negative
Foi um servico que funcionou como previsto da compra,"##co, como, da","0.3883, 0.3352, 0.3131",positive
AINDA negação RECEBI O PRODUTO GOSTARIA DE SABER QUAL O MOTIVO DA DEMORA,"R, ##DA, negação","0.2693, 0.2439, 0.2039",negative
A caixa chegou totalmente amassada por sorte eram mochilas se fosse outro produto poderia ter chegado danificado,"eram, ##ificado, ama","0.4651, 0.3266, 0.2891",negative
Achei o produto muito pequeno e onde fica a tela com os botões do microondas sai com facilidade negação tem um bom encaixe,"tem, negação, ##e","0.5846, 0.3827, 0.3298",negative
O material chegou usado somente com o pistão assento encosto e os pés Faltarram os parafusos o suporte que sustenta o encosto e o manual de instalação Devido aos fatos quero trocar a cadeira,"a, quero, trocar","0.3209, 0.3029, 0.2863",negative
Comprei esse kit cozinha que teria que vir c kit pia mantimentos e codimentos Porém o kit codimentos negação veio As tampas de alumínio vieram arranhadas e as bolinhas das latas são adesivos e negação pin,"##hadas, arran, As","0.2159, 0.1685, 0.1434",negative
a avaliação acima expressa a minha opinião,"expressa, a, acima","0.4577, 0.3464, 0.3407",positive
entrega rápida e eficiente,"e, rápida, eficiente","0.4198, 0.416, 0.1706",positive
Chegou antes do prazo,"antes, prazo, do","0.7643, 0.4887, 0.377",positive
o tempo de entrega foi menor que o esperado,"que, foi, menor","0.5715, 0.4966, 0.2779",negative
Eu recomendo a empresa,"##o, recomend, a","0.4849, 0.3503, 0.1872",positive
Tratando se de Tramontina negação precisa apresentação Mas o produto é muito bom Segurança na cozinha é fundamental A fixação das facas é muito firme Por isso negação tenha duvidas em fixá lo na parede,"Por, Mas, Segurança","0.1864, 0.1782, 0.1586",positive
Paguei um frete de numero numero e tive que retirar o produto nos correios sendo submetida a uma fila enorme o que ocasional uma perda de tempo,"##al, o, ##gue","0.0989, 0.0984, 0.0811",negative
Chegou tudo ok antes do prazo de entrega,"tudo, do, antes","0.2517, 0.2045, 0.1969",positive
Já comprei vários produtos pelo site lannister com e sempre recebi bem antes do previsto este é o segundo tapete que compro e assim como o outro chegou atrasado No site negação obtém o rastreamento,"##ado, obtém, antes","1.2487, 0.9746, 0.9168",positive
tenho que agradecer pele rapidez como foi entregue,"##cer, que, rap","0.8604, 0.4663, 0.4196",positive
Entregue no prazo,"##gue, no, prazo","0.5948, 0.4875, 0.2196",positive
Recomendo,"##ndo, ##ome, Rec","0.3663, 0.3355, 0.0536",positive
Tudo certo Tudo otimo Obrigado,"##o, certo, otim","0.3433, 0.2245, 0.2236",positive
AMEI MARAVILHOSO,"##EI, MA, ##SO","0.2903, 0.2126, 0.1651",positive
foi muito bom comprar com vcs obrigada,"comprar, bom, muito","0.1687, 0.1125, 0.0998",positive
maleta do produto de péssima qualidade e veio quebrada,"##ima, ##da, quebra","0.1648, 0.1335, 0.1218",negative
boa,boa,0.0257,positive
Parabéns gostei de ter comprado na lojas lannister virei cliente,"gos, ##te, ##éns","0.2066, 0.1827, 0.1462",positive
Adoro comprar nesta loja sempre responsável e competente,"##ro, comprar, e","0.2507, 0.1358, 0.0871",positive
Produto era o que esperava entrega rápida antes do prazo estão de parabéns,"entrega, ##to, ##éns","0.1052, 0.0927, 0.0758",positive
 negação tenho como opinar ainda negação recebi o produto,"##i, ##ar, receb","0.1508, 0.1429, 0.1192",negative
Faz um mês que espero e ainda negação chegou preciso saber se vai chegar ou quero meu valor pago de volta,"##o, preciso, de","0.0928, 0.0829, 0.0812",negative
Adorei os livros e os cartazes são excelentes para usarmos com nossos alunos,"##rei, os, para","0.2187, 0.1567, 0.1208",positive
Pedi da cor rosa e chegou da cor roxa escuro e negação gostei da cor,"##i, ##te, da","0.5411, 0.4959, 0.2848",negative
Tudo ok,"o, ##k, Tudo","0.405, 0.1994, 0.0422",positive
SÓ HOUVE UM PROBLEMA A TINTA PRETA VAZOU MELHORAR A EMBALAGEM COLOCAR ALGUMA COISA PARA negação FICAR BALANÇANDO PERDI BASTANTE A TINTA PRETA,"H, ##O, ##Ó","0.6636, 0.489, 0.3156",positive
otimo,"##o, otim","0.5781, 0.0578",positive
boa compra e material,"compra, e, material","0.3034, 0.2406, 0.1019",positive
Fui muito bem atendido O produto chegou antes do prazo estipulado Agradeço a atenção,"##ço, aten, bem","0.1083, 0.1057, 0.0914",positive
Mercadoria entregue no prazo Há uma pequena diferença na cor Lojista esclareceu dúvidas pelo whatszap Ponto negativo mais de um item do mesmo pedido entregue separadamente onerando custos de frete,"mais, no, diferença","0.4892, 0.37, 0.3671",positive
Muito bom,"bom, Muito","0.2464, 0.0155",positive
Ótimo,"##timo, Ó","0.4036, 0.036",positive
Demorou um pouquinho mas chegou dentro do prazo e eu gostei muito do produto,"##te, ##i, gos","0.5139, 0.1967, 0.1898",positive
Foi muito bom comprar pelo site parabéns,"comprar, ##éns, muito","0.1733, 0.1257, 0.1181",positive
Ainda estou aguardando a entrega,"##ndo, aguarda, estou","0.2584, 0.2027, 0.1684",negative
Produto entregue muito rápido,"rápido, muito, ##to","0.8365, 0.8051, 0.6278",positive
aprovado,aprovado,0.0634,positive
Adorei a mercadoria,"##rei, a, ##ia","0.4688, 0.3211, 0.2606",positive
O produto foi entregue com algumas avarias,"##arias, com, av","0.5486, 0.3611, 0.2891",negative
Apesar de ter sido entregue rapidamente substituíram a caixa METEORO pela caixa BORNE Quando tentei reclamar nas lannister o sistema estaav fora do ar A guitarra e acessórios estavam corretos,"de, substitu, fora","0.3257, 0.3233, 0.2788",negative
Gostei,"##te, ##i, Gos","0.3298, 0.231, 0.0176",positive
Recomendo muito bom,"bom, ##ndo, ##ome","0.3342, 0.2582, 0.2371",positive
O relógio é muito bonito e de boa qualidade a entrega foi muito antes do esperado O único problema é que na foto ele parece cinza porém é preto,"e, do, O","0.3751, 0.3591, 0.3256",positive
Ainda negação recebi o produto,"##i, receb, negação","0.2898, 0.2584, 0.1827",negative
Produto perfeito descrição corresponde exatamente as apresentadas no site cores bem vivas Parabéns vale a pena comprar Super recomendo,"corresponde, descrição, ##to","0.1072, 0.0891, 0.0766",positive
Produto como o da foto e descrição Gostei Deveria ter foto na mão de uma modelo para ter noção do tamanho achei menor do que achava ser,"##te, ##hei, menor","0.3628, 0.3187, 0.2575",positive
Comprei numero memórias só recebi numero,"##rei, receb, numer","0.151, 0.1486, 0.1447",negative
Veio com um pigente estragado,"##gado, ##o, estra","1.1597, 1.0753, 0.5754",negative
Panela de qualidade e preço excelente,"excelente, ##ela, e","0.2198, 0.1803, 0.1553",positive
Chegou um pouco amassada mas nada de mais e chegou antes do prazo,"um, de, ##s","0.4028, 0.3751, 0.3635",positive
Produto funcionando perfeitamente Plástico seco frágil no primeiro tombo quebrou a carcaça mas segue funcionando Bom custo benefício,"custo, Pl, Bom","0.2052, 0.1779, 0.1737",positive
Até agora nenhum retorno da loja Enviei e mail mas negação responderam,"da, En, ##am","0.2169, 0.1515, 0.1428",negative
Sempre compro no site da lannister e sempre recebo antes do prazo e tudo dentro do esperado,"compro, ##o, no","0.0983, 0.085, 0.0841",positive
Muito satisfeita eu amei minha prancha malina,"##eita, satisf, ##i","0.234, 0.202, 0.1674",positive
Produto com defeito negação funciona sem qualidade já é a terceira vez que reclamo e nada foi feito,"##to, foi, ##ito","0.0803, 0.0713, 0.0665",negative
Muito bom atendimento pedido dentro do prazo,"atendimento, bom, pedido","0.2127, 0.2097, 0.1765",positive
Produto recebido bem antes da data,"bem, da, antes","0.5641, 0.4978, 0.4386",positive
A Entrega veio faltando mercadoria Só recebi metade do pedido,"falta, ##ia, ##ndo","0.2333, 0.2106, 0.1769",negative
Chegou certo e dentro do prazo O enfeite é muito bem feito,"certo, e, ##eite","0.2339, 0.2224, 0.1579",positive
Demorou mas entregou,"mas, entregou, ##orou","0.6336, 0.5839, 0.4163",positive
Estraga rápida produto bom adorei excelente,"##ga, produto, rápida","0.3415, 0.2515, 0.2038",positive
OK,"##K, O","0.3337, 0.04",positive
Recomendo e muito pontual,"##al, pontu, ##ndo","1.1304, 1.1103, 0.7489",positive
porém os correios deixa a desejar se tivessem uma trasportadora para fazer entregas seria melhor,"##r, os, ##adora","0.4331, 0.2256, 0.1817",negative
O quadro foi entregue pelos correios e chegou com uma madeira atrás quebrada e a tela do quadro danificada afundada ou seja chegou avariado o produto,"##do, ##aria, ##ada","0.2584, 0.2504, 0.1434",negative
O produto chegou atrasado e veio quebrado e até agora negação consegui contato com vcs para trocar,"e, ##ado, quebrado","0.1503, 0.1384, 0.1156",negative
 negação entrega,"entrega, negação","0.7696, 0.2342",negative
Tinha realizado meu pedido um vinho safra numero me mandaram safra numero,"##am, sa, realizado","0.2773, 0.2304, 0.2293",negative
gostei muito tenho uma retficação meu nome correto é Maria Faraildes Santos,"##te, ##ficação, ##i","0.4273, 0.236, 0.2023",positive
entrega demorou precisei reclamar mas chegou tudo bem são parceiros e negação entrega pela americana que é rapida,"entrega, e, demorou","0.2998, 0.2775, 0.2474",positive
Bom dia comprei numero quantidades do produto e me entregaram somente numero Preciso que entreguem a outra por favor,"dia, compre, ##i","0.2288, 0.1491, 0.1405",negative
Fiz a compra de numero cartuchos de impressora que estou precisando muito e até agora negação recebi,"receb, ##ndo, ##i","0.2976, 0.2965, 0.2603",negative
Ótimo custo benefício,"custo, ##timo, benefício","0.5353, 0.4494, 0.3772",positive
Exemplo de competência,"de, competência, Exemplo","0.4241, 0.1545, 0.0404",positive
Tudo correto,"correto, Tudo","0.6033, 0.0426",positive
entrega deficiente a NT foi emitida em numero de agosto e até a presente data data eu negação recebi o livro,"##ente, a, defici","0.273, 0.1502, 0.1477",negative
Muito bom porém muitooo pequeninho mas tem dois lados e um lado com aumento,"bom, ##en, muito","0.2751, 0.2661, 0.2115",positive
gostei muito totalmente agil e confiavél recomendo á todos,"ag, ##te, totalmente","0.2314, 0.228, 0.1469",positive
Produto perfeito e entrega super rápida,"e, ##to, perfeito","0.1376, 0.1012, 0.0933",positive
Gostei muito pois entrega até antes do prazo determinado Muito Bom,"##te, entrega, Bom","0.1786, 0.1519, 0.1327",positive
Estetoscopio de ótima qualidade e entrega muito rápida,"de, ##tos, qualidade","0.0891, 0.0754, 0.0656",positive
Ainda negação recebi,"##i, receb, negação","0.5791, 0.401, 0.3014",negative
gostei e aprovo,"##te, ##o, ##i","0.2721, 0.2118, 0.1267",positive
Produto descrito com clareza preço acessível entrega antes do prazo tranquilidade e satisfação,"tranquil, ##to, com","0.1116, 0.0959, 0.0912",positive
compra sem nenhum problema,"problema, sem, nenhum","0.3091, 0.2237, 0.167",positive
Carteira de ótima qualidade só achei ela grande mas fora isso ela é linda e tem um designer legal,"isso, fora, mas","0.4245, 0.3946, 0.2931",positive
O pedido demorou vários dias para ser apenas faturado sob a justificativa de que cumpria o prazo elastecido que colocam Cancelei o pedido e mesmo assim enviaram Recusei a entrega negação quero mais,"##ei, o, demorou","0.0895, 0.0756, 0.0718",negative
Mentiroso paguei numero canecas veio só uma e rachada quebrada Já foi descontado o valor das numero canecas xô meu cartão E só me mandaram uma e rachada quebrada cade as outras Falta de respeito,"##ta, ##so, ##tiro","0.0867, 0.0855, 0.0728",negative
Mercadoria recebida sem qualquer anormalidade e sem atrasos,"##ria, ##s, sem","0.2601, 0.235, 0.2343",positive
muito bom comprar em uma loja confiável,"comprar, bom, em","0.2137, 0.1939, 0.1528",positive
Tudo origginal,"##gina, orig, ##l","0.5987, 0.5817, 0.5432",positive
Amei produto muito bom e lindinho,"##i, e, bom","0.1921, 0.145, 0.1109",positive
 negação recebi,"receb, ##i, negação","0.6056, 0.5817, 0.085",negative
O produto chegou mais rápido do que o previsto e em excelente condições conforme informado,"condições, do, mais","0.1689, 0.1366, 0.1232",positive
Nada demais entregou o pedido no prazo Sem nada à mais,"entregou, mais, à","0.9183, 0.8757, 0.8692",positive
Recebi como contratado e ainda antes,"e, ##bi, contratado","0.5787, 0.5395, 0.4545",positive
O produto me chegou divergindo em relação ao informado no site sobre o funcionamento do mesmo Falta o botão redutor de velocidade,"##ta, ##indo, diverg","0.4813, 0.3912, 0.3633",negative
muito bom,"bom, muito","0.2269, 0.0249",positive
Já faz quase um mês que o produto que comprei está com nota fiscal emitida e negação muda de status até agora negação recebi minha compra lamentável Quero meu relógio,"fiscal, ##ável, ##ent","0.0597, 0.0594, 0.0589",negative
O produto negação foi entregue Mensagem da transportadora diz que Objeto ainda negação chegou à unidade,"ainda, foi, Men","0.133, 0.1272, 0.1213",negative
Comprei um produto e me entregaram outro e ainda escreveram na nota que a embalagem era nova,"##rei, um, na","0.0996, 0.0946, 0.0933",negative
Foi entregue numero dias depois da data prevista Fiquei muito satisfeita com o produto é tudo que eu esperava,"##eita, ##o, entregue","0.2047, 0.088, 0.0817",positive
Frete rápido e produto top,"e, ##te, top","0.4553, 0.4431, 0.277",positive
 negação recebi a mercadoria ainda,"##ia, ##i, receb","0.204, 0.1801, 0.1758",negative
Gostei muito Ótimo produto perfeito estado e chegou antes do prazo Adorei e indico,"Ado, prazo, ##rei","25.4298, 11.7058, 6.9538",positive
Boa,Boa,0.0208,positive
O prazo de entrega foi estipula para numero de julho a compra foi feita em numero de junho e ainda negação foi entregue ou seja razo de entrega negação foi cumprido conforme anunciado no site na hora da compra,"foi, ##do, razo","0.1113, 0.0849, 0.0676",negative
A película veio com várias marcas circulares provavelmente provenientes da fabricação negação recomendo a película,"##o, recomend, com","0.3884, 0.1831, 0.1694",negative
Achei um pouco menor do q o esperado mas quanto ao vendedor tudo ok,"do, mas, ao","0.1393, 0.1383, 0.1221",positive
muito bom,"bom, muito","0.2269, 0.0249",positive
Recebí dentro do prazo Kit original,"dentro, ##bí, do","0.5844, 0.3964, 0.3546",positive
eu negação compraria de novo,"##ia, comprar, de","0.5408, 0.5307, 0.4336",negative
 negação recebi o produto recebi um e mail informando que foi roubado o produto,"##i, receb, o","0.1249, 0.1243, 0.1065",negative
adorei o atendimento,"##rei, o, atendimento","0.3995, 0.2881, 0.1229",positive
 Tudo de acordo com o combinado,"de, com, o","0.2201, 0.1855, 0.0779",positive
Oiiii muito bom recomendo só tenho a agradecer a equipe venho ate antes do prazo to esperando so mais um dos pedidos,"##ii, ##cer, mais","0.13, 0.1127, 0.105",positive
De acordo com anúncio ótimo tecido comprarei novamente,"tecido, comprar, ótimo","0.442, 0.2654, 0.2261",positive
um bom produto,"produto, bom, um","0.3829, 0.3153, 0.0488",positive
Ainda negação recebi o produto mesmo após incríveis numero dias para a entrega Mesmo pagando caro por uma simples capa de celular esse tipo de situação acontece Absurdo,"##do, receb, ##i","0.1815, 0.0975, 0.0893",negative
chegou no prazo e o produto é muito bom recomendo funcionou perfeitamente no meu computador,"e, perfeitamente, no","0.2347, 0.1238, 0.1222",positive
Bonito,"##ito, Bon","1.0906, 0.0723",positive
Tudo bem explicado pude rastrear o pedido e recebi antes do prazo final Gostei muito,"##te, bem, ##i","0.2051, 0.1288, 0.1212",positive
Parabéns pelo respeito ao consumidor sempre comunicando o caminho do produto prazo de entrega e o produto entregue corretamente,"pelo, ##éns, ##ndo","0.1436, 0.0901, 0.0848",positive
gostei do produto e do prazo cumprido,"##te, ##i, ##do","0.3745, 0.1928, 0.1877",positive
Péssima qualidade das tesouras,"##s, ##a, das","0.4259, 0.3593, 0.2974",negative
RAPIDO PARABENS ATENDEU UMA NECESSIDADE DE URGENCIA,"##EN, ##B, ##S","0.4593, 0.3709, 0.2857",positive
frete poderia ser mais barato afinal o produto é super leve,"leve, ##te, ##to","0.3627, 0.2776, 0.233",positive
 negação me deram satisfação nenhuma,"nenhuma, satisfação, me","0.4866, 0.2145, 0.2136",negative
Ótimo fone Ótima velocidade de postagem entrega único ponto é q achei ele um pouco desconfortável,"fon, ##timo, ##e","0.3332, 0.2572, 0.1821",positive
entregue antesdo previsto,"##do, antes, previsto","0.6733, 0.587, 0.3928",positive
regular,regular,0.2288,negative
Além do produto ser bom a entrega foi super rápida Esse eu indico,"a, ##o, do","0.3428, 0.1946, 0.1823",positive
Recomendo muito adorei pois chegou até adiantado,"##ntado, ##rei, ##ndo","0.2306, 0.1536, 0.1468",positive
obrigado eu recomendo targaryen,"##o, eu, recomend","0.2736, 0.2538, 0.1579",positive
Tive problema com o produto e já abri uma reclamação com o stark,"##ção, com, ##ve","0.4725, 0.4242, 0.3985",negative
bem servido,"servido, bem","0.3068, 0.0249",positive
Atendeu minhas expectativas tem qualidade recomendo,"##o, recomend, ##ndeu","0.1774, 0.1703, 0.1477",positive
O produto chegou conforme o combinado,"conforme, o, chegou","0.4454, 0.3894, 0.2739",positive
Muito bom atendimento,"bom, atendimento, Muito","0.2686, 0.2539, 0.023",positive
O produto foi enviado bem antes do prazo previsto Excelente,"##ente, do, bem","0.2718, 0.2456, 0.2311",positive
Excelente produto Obrigada,"##ente, produto, ##da","0.3365, 0.2179, 0.1249",positive
Já testei no dia q chegou e muito bom super recomendo perfeito para pedalada noturna showww,"super, ##ww, ##i","0.0695, 0.0672, 0.061",positive
 negação chegou o produto,"chegou, o, produto","0.2608, 0.2555, 0.1403",negative
O problema foi que chegou após o prazo,"foi, após, que","0.3093, 0.2447, 0.1786",positive
Otimo atendimento eu só negação recebi o produto certo pois eu mesma errei no tamanho a hora de pedir,"atendimento, receb, eu","0.3431, 0.2112, 0.2021",positive
Comprei um kit de tesouras mas só chego uma estou aguardando a resposta de vcs para sabe qd foi recebê o produto completo pois peguei por numero e negação só por numero,"pois, o, ##ê","0.22, 0.1841, 0.1829",negative
 negação recebi,"receb, ##i, negação","0.6056, 0.5817, 0.085",negative
O produto é um plástico Duro vamos ver se suporta o aquecimento da lâmpada,"##o, Dur, ver","0.7774, 0.6396, 0.3048",positive
Cheiroso,"##o, ##iros, Che","0.5526, 0.5309, 0.036",positive
A colcha é mt bonita Gostei,"Gos, ##te, ##t","0.3028, 0.2745, 0.2246",positive
Excelente,"##ente, Excel","0.384, 0.0447",positive
A colcha é muito romântica devido ao fato do babado ser de voal transparente com detalhes em fios de cetim no mesmo O tecido do corpo da colcha é mais fino do que parece no site,"devido, romântica, de","2.329, 0.5983, 0.305",positive
Comprei um modelo e enviaram outra,"outra, ##rei, e","0.1985, 0.1628, 0.1499",negative
Película boa material parace se boa qualidade vou testar se for boa mesmo vou mudar minha opinião Mais boa pra quem proteger seu dispositivo,"se, ##ce, boa","0.3345, 0.2781, 0.2504",positive
Infelizmente demorou um pouco para chegar,"demorou, um, para","0.4125, 0.3102, 0.1668",positive
Atendimento rápido sem burocracia fiz minha compra pelo telefone o atendente tirou minhas duvidas a compra foi rápida e a entrega com um prazo de entrega dentro do que foi estabelecido,"rápido, ##ndimento, do","0.1513, 0.1339, 0.131",positive
Realizei a compra de duas unidades dessa luminária pendente recebi somente uma unidade na entrega recebi a nota fiscal com a quantidade de duas,"fiscal, ##ente, com","0.2244, 0.1858, 0.1556",negative
Aí adorei chegou bem antes do prazo e a armação é lindaaaaa do jeitinho que eu queria,"ado, ##rei, bem","0.1404, 0.129, 0.1253",positive
Envio e entrega super atrasados,"##ados, entrega, super","1.4107, 0.6669, 0.6117",negative
Infelizmente minha compra ocorreu na época de greve dos caminhoneiros e por isso negação foi entregue no prazo correto Mas é uma excelente loja e voltarei a realizar futuras compras,"minha, loja, no","0.4512, 0.3801, 0.3162",positive
produto entregue bem antes do combinado é lindo,"do, bem, antes","0.1495, 0.1343, 0.1316",positive
o melhor site para comprar,"site, para, comprar","0.3033, 0.2895, 0.1889",positive
 negação consigo opinar pois produto ainda negação instalado,"opin, instalado, consigo","0.6653, 0.4978, 0.4669",negative
O PRODUTO É COMPATIVEL COM O PREÇO,"##AT, ##IV, CO","0.5804, 0.3575, 0.3286",positive
Demorou muito para o produto ser postado para entrega e depois demorou ainda mais pra chegar,"ainda, muito, ##orou","0.2691, 0.223, 0.2079",negative
Estou muito satisfeito gostei do produto recomendo a lojas americanos Vou continuar acompra com você,"##te, ##eito, recomend","0.1772, 0.1394, 0.1011",positive
Demorou para entregar,"para, ##orou, entregar","0.5144, 0.4882, 0.3914",negative
Correto,"##to, Corre","0.8198, 0.0797",positive
super recomendo produto excelente entrega no prazo,"recomend, entrega, ##o","0.1256, 0.1179, 0.1116",positive
Gostaria de saber se vao devolver o meu dinheiro,"##ver, de, ##taria","0.2064, 0.1166, 0.0983",negative
Entrega bem antes do prazo produto bem embalado e bem melhor do que eu esperava Recomendo,"do, do, ##ga","0.0971, 0.0769, 0.0758",positive
Atendeu minhas espectativas,"##ndeu, minha, ##ta","0.3186, 0.2802, 0.231",positive
Mercadoria negação chegou Quero meu dinheiro de volta,"Quer, chegou, ##ria","0.2346, 0.1969, 0.172",negative
loja seria competente produto maravilhoso entrega antes do prazo tudo ok minha loja preferida parabens,"tudo, ##ente, compet","0.1171, 0.0976, 0.0838",positive
Muito satisfeita,"##eita, satisf, Muito","0.2853, 0.2265, 0.0181",positive
pedi três cactineas e chegou tres canela de velh,"##i, tre, ##s","0.5907, 0.375, 0.3064",negative
Adquiri o produto através da lannister com em data mas o até esta data negação recebi o produto,"o, ##ri, ##i","0.4344, 0.3308, 0.2126",negative
É SEMPRE O PRAZER COMPRAR NA AS lannister,"##ER, ##RE, ##RA","1.3157, 0.96, 0.8972",positive
Bom,Bom,0.0131,positive
Até o presente momento foi recebido apenas a base do bebê conforto,"conforto, apenas, do","0.273, 0.1752, 0.1613",negative
A princípio fiquei com receio por negação ter nenhuma avaliação aqui mas pesquisei mais informações sobre a empresa e comprei e super recomendo O aparelho chegou com numero dias e veio sem nenhum defeito,"fi, sem, ##ito","0.2266, 0.161, 0.1424",positive
Comprei numero relogios Yo kai de natal pros meus filhos e veio apenas numero,"##o, apenas, ##rei","0.0983, 0.088, 0.0813",negative
Produto e entrega conforme combinado,"combinado, conforme, ##to","0.2569, 0.2141, 0.1855",positive
Amei Lindo,"##i, ##o, Lind","0.2204, 0.1689, 0.1205",positive
Produto entregue faltando peça Já entrei em contato foram dois e mails através dos e mails as lannister Estou aguardando uma solução Até agora nada,"##ndo, falta, ##to","0.0901, 0.085, 0.0844",negative
O meu produto veio erradi negação foi o que eu pedi e negação estou conseguindo solicitar a troca,"##i, ##rad, foi","0.2894, 0.2621, 0.2032",negative
Produto confiável muito bom,"muito, bom, ##to","0.4488, 0.4266, 0.313",positive
Já havia comprado nesse site e a compra foi efetuada com exito entregue dentro do tempo produto de excelente qualidade recomendo a todos confiança e segurança em fazer compras,"produto, do, qualidade","0.0656, 0.0641, 0.0632",positive
O produto chegou em ótimo estado bem embalado e antes do prazo,"estado, do, ##ado","0.1917, 0.1577, 0.1209",positive
Qualidade do produto e show vale muito apenas comprar no Site,"vale, muito, ##idade","0.4077, 0.3305, 0.237",positive
Comprei numero unidades do produto vieram numero unidades que negação corresponde com o que comprei Devido a minha opinião é negativa com relação a esse vendedor pois negação negação cumpriu com o prometido na venda,"com, com, a","0.1179, 0.115, 0.1088",negative
Muito linda a bolsa,"lin, ##da, a","0.1898, 0.1768, 0.0997",positive
PRODUTO ÓTIMO CHEGOU BEM ANTES DA DATA PREVISTA,"##M, ##TI, ##O","0.1591, 0.127, 0.096",positive
O produto é ruim negação esperava que o relógio fosse dese tipo esperava que o relógio teria uma tela avista negação fechada o led e muito fraco negação tão visível como na foto detestei o relógio,"negação, que, negação","0.6305, 0.352, 0.2968",negative
Produto negação foi entregue e já entrei em contato com a lannister que ainda neo deu retorno,"foi, e, ##to","0.1213, 0.1198, 0.0998",negative
O produto veio bem embalado e no prazo,"##ado, bem, embal","0.4119, 0.3538, 0.306",positive
O produto chegou antes do prazo estou muito satisfeita,"##eita, satisf, antes","0.2836, 0.1763, 0.1721",positive
Panelas dentro da qualidade esperada muito boa,"##da, boa, espera","0.279, 0.2448, 0.2387",positive
Correu tudo normalmente Mercadoria chegou no prazo bem embalada Sem nenhum oribjems,"Mercado, ##u, ##ib","0.2901, 0.2498, 0.2482",positive
O produto chegou antes mesmo da data prevista Fiquei muito satisfeita com a compra,"##eita, mesmo, antes","0.2717, 0.1305, 0.125",positive
Recebi o littman de cor errada,"o, ##bi, ##rada","0.4118, 0.411, 0.3974",negative
Ótimo,"##timo, Ó","0.4036, 0.036",positive
o produto era o que esperado fiquei satisfeita,"##eita, fi, satisf","0.4537, 0.4367, 0.2143",positive
Gostei,"##te, ##i, Gos","0.3298, 0.231, 0.0176",positive
Muita demora para avisar que negação tinha o produto venderam o que negação tinham demora para devolver o dinheiro absurdo,"##do, ##ita, ##ra","0.1186, 0.1182, 0.1166",negative
muito bom,"bom, muito","0.2269, 0.0249",positive
Comprei numero produtos e recebi apenas numero sendo que constam que foram entregues numero na nota fiscal enviei e mail para a lannister e até o presente momento negação fui respondida Aguardo solução,"##ardo, solução, ##rei","0.0686, 0.0654, 0.0628",negative
Adorei meu kit ficou lindo no meu sofá,"##rei, meu, ##do","0.2453, 0.1834, 0.122",positive
Entrega muito mais rápida que o previsto e produto funcionando perfeitamente,"que, perfeitamente, rápida","0.1669, 0.1423, 0.1318",positive
tudo certo,"certo, tudo","0.3452, 0.0292",positive
Qualidade muita boa,"boa, ##idade, muita","0.9624, 0.6095, 0.5084",positive
Só recebi o produto pq fui buscar nós Correios Se eu soubesse que teria que buscar nos Correios Jamais teria comprado Um transtorno total um falta de respeito com o consumidor,"receb, total, ##i","0.2405, 0.2026, 0.1857",negative
Comprei numero itens chegaram numero em separado e ainda falta um Quero uma solução,"e, ##rei, numer","0.1535, 0.1398, 0.1358",negative
produto entregue no prazo e igual ao anuncio recomendo top,"ao, entregue, no","0.1092, 0.1084, 0.0968",positive
 negação utilizei o produto ainda,"ainda, ##ei, utiliz","0.2523, 0.2274, 0.2063",positive
Recebi o produto no tempo previsto Agradeço,"##ço, Ag, ##bi","0.3053, 0.3029, 0.2258",positive
O cartão sd apresentou problemas e negação consigo contato nem com o stark nem com o vendedor tentei trocá lo e nada Recebi dia data e no dia numero tentei a troca e negação consegui,"problemas, e, s","0.1192, 0.0941, 0.0869",negative
Tudo certo Recomendo,"Rec, certo, ##ndo","0.3819, 0.3548, 0.2449",positive
 negação funciona a tecla do Netflix negação recomendo,"##o, funciona, recomend","0.1667, 0.1261, 0.1201",negative
tenho reclamaçoes quanto ao produto negação atendeu minhas expectativas acho mesmo que veio com defeito pois negação funcionou,"##ço, ##es, mesmo","0.4631, 0.2111, 0.2066",negative
Super recomendo,"##o, recomend, Super","0.2466, 0.2167, 0.0133",positive
amei a mercadoria Tem uma qualidade otima pelo preço,"##a, ##i, otim","0.2813, 0.2644, 0.2174",positive
Muito boom entrega bem antes da data prevista,"##om, entrega, bo","4.8894, 4.6447, 3.5555",negative
 negação GOSTEI DA QUALIDADE DAS TOALHAS ESTOU SOLICITANDO A DEVOLUÇÃO,"##TE, G, ##I","0.8137, 0.5119, 0.493",negative
So fiquei um pouquinho chateada porque o nome impresso ma caneca veio falhadinho mas era pro meu marido e ele disse que tudo bem daquele jeito mas no geral tudo otimo,"##o, fi, otim","0.3536, 0.2476, 0.172",positive
Boa,Boa,0.0208,positive
Só um pouco estreito no bico mas no geral é muito bom,"no, um, mas","0.2887, 0.2431, 0.1874",positive
Satisfeito,"##eito, ##isf, Sat","0.6309, 0.4359, 0.0441",positive
Super funciona,"funciona, Super","0.3074, 0.0511",positive
Entregou o produto rapidinho,"##idi, ##gou, ##nho","0.7882, 0.5046, 0.4975",positive
Otimo produto,"produto, ##timo, O","0.5187, 0.2168, 0.0307",positive
